Workbook
Name damp: #REF!
Name damp_atwork: calibration!$BX$1
Name damp_disc: calibration!$BL$1
Name damp_discr: calibration!$BL$1
Name damp_eatout: calibration!$AN$1
Name damp_escort: calibration!$D$1
Name damp_maint: calibration!$AB$1
Name damp_shopping: calibration!$P$1
Name damp_social: calibration!$AZ$1
Name damp_work: calibration!$D$1
Name damp4: #REF!
Name damp5: #REF!
Name damp6: #REF!
Name damp7: #REF!
Name damp8: #REF!
Name damp9: #REF!

Sheet calibration
C1: Dampening (Escort) | D1: 0 | O1: Dampening (Shop) | P1: 0 | AA1: Dampening (Maintenance) | AB1: 0 | AM1: Dampening (Eating Out) | AN1: 0 | AY1: Dampening (Social) | AZ1: 0 | BK1: Dampening (Discretionary) | BL1: 0 | BW1: Dampening (At Work) | BX1: 0
D3: ThisIter | E3: NextIter | P3: ThisIter | Q3: NextIter | AB3: ThisIter | AC3: NextIter | AN3: ThisIter | AO3: NextIter | AZ3: ThisIter | BA3: NextIter | BL3: ThisIter | BM3: NextIter | BX3: ThisIter | BY3: NextIter
C4: Dist0to1Miles | D4: =[1]EscortKids!$G12 -> -0.14986893 | E4: =MIN(K17,0) -> -0.14986893 | O4: Dist0to1Miles | P4: =[1]Shopping!$G12 -> 0 | Q4: =MIN(W17,0) -> 0 | AA4: Dist0to1Miles | AB4: =[1]OthMaint!$G12 -> 0 | AC4: =MIN(AI17,0) -> 0 | AM4: Dist0to1Miles | AN4: =[1]EatOut!$G12 -> -0.56088406 | AO4: =MIN(AU17,0) -> -0.56088406 | AY4: Dist0to1Miles | AZ4: =[1]Social!$G12 -> -0.7841358 | BA4: =MIN(BG17,0) -> -0.7841358 | BK4: Dist0to1Miles | BL4: =[1]OthDiscr!$G12 -> -0.16770689 | BM4: =MIN(BS17,0) -> -0.16770689 | BW4: Dist0to1Miles | BX4: =[1]WorkBased!$G12 -> -0.79256759 | BY4: =MIN(CE17,0) -> -0.79256759
C5: Dist1to2Miles | D5: =[1]EscortKids!$G13 -> -0.14986893 | E5: =MIN(K18-K17,0) -> -0.14986893 | O5: Dist1to2Miles | P5: =[1]Shopping!$G13 -> 0 | Q5: =MIN(W18-W17,0) -> 0 | AA5: Dist1to2Miles | AB5: =[1]OthMaint!$G13 -> 0 | AC5: =MIN(AI18-AI17,0) -> 0 | AM5: Dist1to2Miles | AN5: =[1]EatOut!$G13 -> -0.56088406 | AO5: =MIN(AU18-AU17,0) -> -0.56088406 | AY5: Dist1to2Miles | AZ5: =[1]Social!$G13 -> -0.7841358 | BA5: =MIN(BG18-BG17,0) -> -0.7841358 | BK5: Dist1to2Miles | BL5: =[1]OthDiscr!$G13 -> -0.16770689 | BM5: =MIN(BS18-BS17,0) -> -0.16770689 | BW5: Dist1to2Miles | BX5: =[1]WorkBased!$G13 -> -0.79256759 | BY5: =MIN(CE18-CE17,0) -> -0.79256759
C6: Dist2to5Miles | D6: =[1]EscortKids!$G14 -> -0.86713093 | E6: =MIN((K21-K18)/3,0) -> -0.86713093 | O6: Dist2to5Miles | P6: =[1]Shopping!$G14 -> -0.56554371 | Q6: =MIN((W21-W18)/3,0) -> -0.56554371 | AA6: Dist2to5Miles | AB6: =[1]OthMaint!$G14 -> -0.60549817 | AC6: =MIN((AI21-AI18)/3,0) -> -0.60549817 | AM6: Dist2to5Miles | AN6: =[1]EatOut!$G14 -> -0.3191705 | AO6: =MIN((AU21-AU18)/3,0) -> -0.3191705 | AY6: Dist2to5Miles | AZ6: =[1]Social!$G14 -> -0.34846404 | BA6: =MIN((BG21-BG18)/3,0) -> -0.34846404 | BK6: Dist2to5Miles | BL6: =[1]OthDiscr!$G14 -> -0.4954932 | BM6: =MIN((BS21-BS18)/3,0) -> -0.4954932 | BW6: Dist2to5Miles | BX6: =[1]WorkBased!$G14 -> -0.51970902 | BY6: =MIN((CE21-CE18)/3,0) -> -0.51970902
C7: Dist5to15Miles | D7: =[1]EscortKids!$G15 -> -0.21370826 | E7: =MIN((K31-K21)/10,0) -> -0.21370826 | O7: Dist5to15Miles | P7: =[1]Shopping!$G15 -> -0.18324871 | Q7: =MIN((W31-W21)/10,0) -> -0.18324871 | AA7: Dist5to15Miles | AB7: =[1]OthMaint!$G15 -> -0.10927639 | AC7: =MIN((AI31-AI21)/10,0) -> -0.10927639 | AM7: Dist5to15Miles | AN7: =[1]EatOut!$G15 -> -0.12376668 | AO7: =MIN((AU31-AU21)/10,0) -> -0.12376668 | AY7: Dist5to15Miles | AZ7: =[1]Social!$G15 -> -0.13060068 | BA7: =MIN((BG31-BG21)/10,0) -> -0.13060068 | BK7: Dist5to15Miles | BL7: =[1]OthDiscr!$G15 -> -0.11929589 | BM7: =MIN((BS31-BS21)/10,0) -> -0.11929589 | BW7: Dist5to15Miles | BX7: =[1]WorkBased!$G15 -> -0.20447345 | BY7: =MIN((CE31-CE21)/10,0) -> -0.20447345
C8: Dist15PlsMiles | D8: =[1]EscortKids!$G16 -> -0.21370826 | E8: =MIN((K46-K31)/15,0) -> -0.21370826 | O8: Dist15PlsMiles | P8: =[1]Shopping!$G16 -> -0.18324871 | Q8: =MIN((W46-W31)/15,0) -> -0.18324871 | AA8: Dist15PlsMiles | AB8: =[1]OthMaint!$G16 -> -0.10927639 | AC8: =MIN((AI46-AI31)/15,0) -> -0.10927639 | AM8: Dist15PlsMiles | AN8: =[1]EatOut!$G16 -> -0.12376668 | AO8: =MIN((AU46-AU31)/15,0) -> -0.12376668 | AY8: Dist15PlsMiles | AZ8: =[1]Social!$G16 -> -0.13060068 | BA8: =MIN((BG46-BG31)/15,0) -> -0.13060068 | BK8: Dist15PlsMiles | BL8: =[1]OthDiscr!$G16 -> -0.11929589 | BM8: =MIN((BS46-BS31)/15,0) -> -0.11929589 | BW8: Dist15PlsMiles | BX8: =[1]WorkBased!$G16 -> -0.20447345 | BY8: =MIN((CE46-CE31)/15,0) -> -0.20447345
C11: Escort | O11: Shopping | AA11: Maintenance | AM11: Eating Out | AY11: Social | BK11: Discretionary | BW11: Work Based
C12: Individual and Joint Tour Length Frequency Distribution, by Primary Tour Purpose | O12: Individual and Joint Tour Length Frequency Distribution, by Primary Tour Purpose | AA12: Individual and Joint Tour Length Frequency Distribution, by Primary Tour Purpose | AM12: Individual and Joint Tour Length Frequency Distribution, by Primary Tour Purpose | AY12: Individual and Joint Tour Length Frequency Distribution, by Primary Tour Purpose | BK12: Individual and Joint Tour Length Frequency Distribution, by Primary Tour Purpose | BW12: Individual and Joint Tour Length Frequency Distribution, by Primary Tour Purpose
D14: Existing | F14: Percent of Trips | I14: Coefficient Change | K14: Ideal | L14: Proposed | P14: Existing | R14: Percent of Trips | U14: Coefficient Change | W14: Ideal | X14: Proposed | AB14: Existing | AD14: Percent of Trips | AG14: Coefficient Change | AI14: Ideal | AJ14: Proposed | AN14: Existing | AP14: Percent of Trips | AS14: Coefficient Change | AU14: Ideal | AV14: Proposed | AZ14: Existing | BB14: Percent of Trips | BE14: Coefficient Change | BG14: Ideal | BH14: Proposed | BL14: Existing | BN14: Percent of Trips | BQ14: Coefficient Change | BS14: Ideal | BT14: Proposed | BX14: Existing | BZ14: Percent of Trips | CC14: Coefficient Change | CE14: Ideal | CF14: Proposed
A15: avg | B15: min | C15: Distance | D15: Coefficient | E15: Total Value | F15: Observed | G15: Modeled | H15: % Difference | I15: Raw | J15: Normalized | K15: Total Value | L15: Coefficient | M15: Total Value | O15: Distance | P15: Coefficient | Q15: Total Value | R15: Observed | S15: Modeled | T15: % Difference | U15: Raw | V15: Normalized | W15: Total Value | X15: Coefficient | Y15: Total Value | AA15: Distance | AB15: Coefficient | AC15: Total Value | AD15: Observed | AE15: Modeled | AF15: % Difference | AG15: Raw | AH15: Normalized | AI15: Total Value | AJ15: Coefficient | AK15: Total Value | AM15: Distance | AN15: Coefficient | AO15: Total Value | AP15: Observed | AQ15: Modeled | AR15: % Difference | AS15: Raw | AT15: Normalized | AU15: Total Value | AV15: Coefficient | AW15: Total Value | AY15: Distance | AZ15: Coefficient | BA15: Total Value | BB15: Observed | BC15: Modeled | BD15: % Difference | BE15: Raw | BF15: Normalized | BG15: Total Value | BH15: Coefficient | BI15: Total Value | BK15: Distance | BL15: Coefficient | BM15: Total Value | BN15: Observed | BO15: Modeled | BP15: % Difference | BQ15: Raw | BR15: Normalized | BS15: Total Value | BT15: Coefficient | BU15: Total Value | BW15: Distance | BX15: Coefficient | BY15: Total Value | BZ15: Observed | CA15: Modeled | CB15: % Difference | CC15: Raw | CD15: Normalized | CE15: Total Value | CF15: Coefficient | CG15: Total Value
A16: 0.5 | B16: 0 | C16: 0-1 | D16: =D4 -> -0.14986893 | E16: 0 | F16: =MAX('BATS 2023 TLFD'!M4,0.0001) -> 0.168539 | G16: =modeldata!B4/modeldata!B$156 -> 0.0066666667 | H16: =IF(F16>0,(G16-F16)/F16,"") -> -0.96044437 | I16: =damp_escort*LN(F16/G16) -> 0 | J16: =I16-I$16 -> 0 | K16: =SUM(E16,J16) -> 0 | L16: =E4 -> -0.14986893 | M16: 0 | O16: 0-1 | P16: =P4 -> 0 | Q16: 0 | R16: =MAX('BATS 2023 TLFD'!N4,0.0001) -> 0.13055948 | S16: =modeldata!C4/modeldata!C$156 -> 0.0066666667 | T16: =IF(R16>0,(S16-R16)/R16,"") -> -0.9489377 | U16: =damp_shopping*LN(R16/S16) -> 0 | V16: =U16-U$16 -> 0 | W16: =SUM(Q16,V16) -> 0 | X16: =Q4 -> 0 | Y16: 0 | AA16: 0-1 | AB16: =AB4 -> 0 | AC16: 0 | AD16: =MAX('BATS 2023 TLFD'!O4,0.0001) -> 0.10740873 | AE16: =modeldata!D4/modeldata!D$156 -> 0.0066666667 | AF16: =IF(AD16>0,(AE16-AD16)/AD16,"") -> -0.9379318 | AG16: =damp_maint*LN(AD16/AE16) -> 0 | AH16: =AG16-AG$16 -> 0 | AI16: =SUM(AC16,AH16) -> 0 | AJ16: =AC4 -> 0 | AK16: 0 | AM16: 0-1 | AN16: =AN4 -> -0.56088406 | AO16: 0 | AP16: =MAX('BATS 2023 TLFD'!P4,0.0001) -> 0.28524207 | AQ16: =modeldata!E4/modeldata!E$156 -> 0.0066666667 | AR16: =IF(AP16>0,(AQ16-AP16)/AP16,"") -> -0.97662804 | AS16: =damp_eatout*LN(AP16/AQ16) -> 0 | AT16: =AS16-AS$16 -> 0 | AU16: =SUM(AO16,AT16) -> 0 | AV16: =AO4 -> -0.56088406 | AW16: 0 | AY16: 0-1 | AZ16: =AZ4 -> -0.7841358 | BA16: 0 | BB16: =MAX('BATS 2023 TLFD'!Q4,0.0001) -> 0.33176409 | BC16: =modeldata!F4/modeldata!F$156 -> 0.0066666667 | BD16: =IF(BB16>0,(BC16-BB16)/BB16,"") -> -0.9799054 | BE16: =damp_social*LN(BB16/BC16) -> 0 | BF16: =BE16-BE$16 -> 0 | BG16: =SUM(BA16,BF16) -> 0 | BH16: =BA4 -> -0.7841358 | BI16: 0 | BK16: 0-1 | BL16: =BL4 -> -0.16770689 | BM16: 0 | BN16: =MAX('BATS 2023 TLFD'!R4,0.0001) -> 0.1863662 | BO16: =modeldata!G4/modeldata!G$156 -> 0.0066666667 | BP16: =IF(BN16>0,(BO16-BN16)/BN16,"") -> -0.96422813 | BQ16: =damp_discr*LN(BN16/BO16) -> 0 | BR16: =BQ16-BQ$16 -> 0 | BS16: =SUM(BM16,BR16) -> 0 | BT16: =BM4 -> -0.16770689 | BU16: 0 | BW16: 0-1 | BX16: =BX4 -> -0.79256759 | BY16: 0 | BZ16: =MAX('BATS 2023 TLFD'!S4,0.0001) -> 0.37435809 | CA16: =modeldata!H4/modeldata!H$156 -> 0.0066666667 | CB16: =IF(BZ16>0,(CA16-BZ16)/BZ16,"") -> -0.98219174 | CC16: =damp_atwork*LN(BZ16/CA16) -> 0 | CD16: =CC16-CC$16 -> 0 | CE16: =SUM(BY16,CD16) -> 0 | CF16: =BY4 -> -0.79256759 | CG16: 0
A17: =A16+1 -> 1.5 | B17: =B16+1 -> 1 | C17: 1-2 | D17: =D5 -> -0.14986893 | E17: =D16+E16 -> -0.14986893 | F17: =MAX('BATS 2023 TLFD'!M5,0.0001) -> 0.176815 | G17: =modeldata!B5/modeldata!B$156 -> 0.0066666667 | H17: =IF(F17>0,(G17-F17)/F17,"") -> -0.96229581 | I17: =damp_escort*LN(F17/G17) -> 0 | J17: =I17-I$16 -> 0 | K17: =SUM(E17,J17) -> -0.14986893 | L17: =E5 -> -0.14986893 | M17: =M16+L16 -> -0.14986893 | O17: 1-2 | P17: =P5 -> 0 | Q17: =P16+Q16 -> 0 | R17: =MAX('BATS 2023 TLFD'!N5,0.0001) -> 0.24022261 | S17: =modeldata!C5/modeldata!C$156 -> 0.0066666667 | T17: =IF(R17>0,(S17-R17)/R17,"") -> -0.97224796 | U17: =damp_shopping*LN(R17/S17) -> 0 | V17: =U17-U$16 -> 0 | W17: =SUM(Q17,V17) -> 0 | X17: =Q5 -> 0 | Y17: =Y16+X16 -> 0 | AA17: 1-2 | AB17: =AB5 -> 0 | AC17: =AB16+AC16 -> 0 | AD17: =MAX('BATS 2023 TLFD'!O5,0.0001) -> 0.32310662 | AE17: =modeldata!D5/modeldata!D$156 -> 0.0066666667 | AF17: =IF(AD17>0,(AE17-AD17)/AD17,"") -> -0.97936698 | AG17: =damp_maint*LN(AD17/AE17) -> 0 | AH17: =AG17-AG$16 -> 0 | AI17: =SUM(AC17,AH17) -> 0 | AJ17: =AC5 -> 0 | AK17: =AK16+AJ16 -> 0 | AM17: 1-2 | AN17: =AN5 -> -0.56088406 | AO17: =AN16+AO16 -> -0.56088406 | AP17: =MAX('BATS 2023 TLFD'!P5,0.0001) -> 0.17701301 | AQ17: =modeldata!E5/modeldata!E$156 -> 0.0066666667 | AR17: =IF(AP17>0,(AQ17-AP17)/AP17,"") -> -0.96233798 | AS17: =damp_eatout*LN(AP17/AQ17) -> 0 | AT17: =AS17-AS$16 -> 0 | AU17: =SUM(AO17,AT17) -> -0.56088406 | AV17: =AO5 -> -0.56088406 | AW17: =AW16+AV16 -> -0.56088406 | AY17: 1-2 | AZ17: =AZ5 -> -0.7841358 | BA17: =AZ16+BA16 -> -0.7841358 | BB17: =MAX('BATS 2023 TLFD'!Q5,0.0001) -> 0.22994102 | BC17: =modeldata!F5/modeldata!F$156 -> 0.0066666667 | BD17: =IF(BB17>0,(BC17-BB17)/BB17,"") -> -0.97100706 | BE17: =damp_social*LN(BB17/BC17) -> 0 | BF17: =BE17-BE$16 -> 0 | BG17: =SUM(BA17,BF17) -> -0.7841358 | BH17: =BA5 -> -0.7841358 | BI17: =BI16+BH16 -> -0.7841358 | BK17: 1-2 | BL17: =BL5 -> -0.16770689 | BM17: =BL16+BM16 -> -0.16770689 | BN17: =MAX('BATS 2023 TLFD'!R5,0.0001) -> 0.21973213 | BO17: =modeldata!G5/modeldata!G$156 -> 0.0066666667 | BP17: =IF(BN17>0,(BO17-BN17)/BN17,"") -> -0.96966003 | BQ17: =damp_discr*LN(BN17/BO17) -> 0 | BR17: =BQ17-BQ$16 -> 0 | BS17: =SUM(BM17,BR17) -> -0.16770689 | BT17: =BM5 -> -0.16770689 | BU17: =BU16+BT16 -> -0.16770689 | BW17: 1-2 | BX17: =BX5 -> -0.79256759 | BY17: =BX16+BY16 -> -0.79256759 | BZ17: =MAX('BATS 2023 TLFD'!S5,0.0001) -> 0.28806888 | CA17: =modeldata!H5/modeldata!H$156 -> 0.0066666667 | CB17: =IF(BZ17>0,(CA17-BZ17)/BZ17,"") -> -0.97685739 | CC17: =damp_atwork*LN(BZ17/CA17) -> 0 | CD17: =CC17-CC$16 -> 0 | CE17: =SUM(BY17,CD17) -> -0.79256759 | CF17: =BY5 -> -0.79256759 | CG17: =CG16+CF16 -> -0.79256759
A18: =A17+1 -> 2.5 | B18: =B17+1 -> 2 | C18: 2-3 | D18: =D6 -> -0.86713093 | E18: =D17+E17 -> -0.29973786 | F18: =MAX('BATS 2023 TLFD'!M6,0.0001) -> 0.1999185 | G18: =modeldata!B6/modeldata!B$156 -> 0.0066666667 | H18: =IF(F18>0,(G18-F18)/F18,"") -> -0.96665308 | I18: =damp_escort*LN(F18/G18) -> 0 | J18: =I18-I$16 -> 0 | K18: =SUM(E18,J18) -> -0.29973786 | L18: =E6 -> -0.86713093 | M18: =M17+L17 -> -0.29973786 | O18: 2-3 | P18: =P6 -> -0.56554371 | Q18: =P17+Q17 -> 0 | R18: =MAX('BATS 2023 TLFD'!N6,0.0001) -> 0.17440991 | S18: =modeldata!C6/modeldata!C$156 -> 0.0066666667 | T18: =IF(R18>0,(S18-R18)/R18,"") -> -0.96177587 | U18: =damp_shopping*LN(R18/S18) -> 0 | V18: =U18-U$16 -> 0 | W18: =SUM(Q18,V18) -> 0 | X18: =Q6 -> -0.56554371 | Y18: =Y17+X17 -> 0 | AA18: 2-3 | AB18: =AB6 -> -0.60549817 | AC18: =AB17+AC17 -> 0 | AD18: =MAX('BATS 2023 TLFD'!O6,0.0001) -> 0.093288232 | AE18: =modeldata!D6/modeldata!D$156 -> 0.0066666667 | AF18: =IF(AD18>0,(AE18-AD18)/AD18,"") -> -0.9285369 | AG18: =damp_maint*LN(AD18/AE18) -> 0 | AH18: =AG18-AG$16 -> 0 | AI18: =SUM(AC18,AH18) -> 0 | AJ18: =AC6 -> -0.60549817 | AK18: =AK17+AJ17 -> 0 | AM18: 2-3 | AN18: =AN6 -> -0.3191705 | AO18: =AN17+AO17 -> -1.1217681 | AP18: =MAX('BATS 2023 TLFD'!P6,0.0001) -> 0.17272879 | AQ18: =modeldata!E6/modeldata!E$156 -> 0.0066666667 | AR18: =IF(AP18>0,(AQ18-AP18)/AP18,"") -> -0.96140385 | AS18: =damp_eatout*LN(AP18/AQ18) -> 0 | AT18: =AS18-AS$16 -> 0 | AU18: =SUM(AO18,AT18) -> -1.1217681 | AV18: =AO6 -> -0.3191705 | AW18: =AW17+AV17 -> -1.1217681 | AY18: 2-3 | AZ18: =AZ6 -> -0.34846404 | BA18: =AZ17+BA17 -> -1.5682716 | BB18: =MAX('BATS 2023 TLFD'!Q6,0.0001) -> 0.10066614 | BC18: =modeldata!F6/modeldata!F$156 -> 0.0066666667 | BD18: =IF(BB18>0,(BC18-BB18)/BB18,"") -> -0.93377448 | BE18: =damp_social*LN(BB18/BC18) -> 0 | BF18: =BE18-BE$16 -> 0 | BG18: =SUM(BA18,BF18) -> -1.5682716 | BH18: =BA6 -> -0.34846404 | BI18: =BI17+BH17 -> -1.5682716 | BK18: 2-3 | BL18: =BL6 -> -0.4954932 | BM18: =BL17+BM17 -> -0.33541378 | BN18: =MAX('BATS 2023 TLFD'!R6,0.0001) -> 0.19196499 | BO18: =modeldata!G6/modeldata!G$156 -> 0.0066666667 | BP18: =IF(BN18>0,(BO18-BN18)/BN18,"") -> -0.96527145 | BQ18: =damp_discr*LN(BN18/BO18) -> 0 | BR18: =BQ18-BQ$16 -> 0 | BS18: =SUM(BM18,BR18) -> -0.33541378 | BT18: =BM6 -> -0.4954932 | BU18: =BU17+BT17 -> -0.33541378 | BW18: 2-3 | BX18: =BX6 -> -0.51970902 | BY18: =BX17+BY17 -> -1.5851352 | BZ18: =MAX('BATS 2023 TLFD'!S6,0.0001) -> 0.10686467 | CA18: =modeldata!H6/modeldata!H$156 -> 0.0066666667 | CB18: =IF(BZ18>0,(CA18-BZ18)/BZ18,"") -> -0.9376158 | CC18: =damp_atwork*LN(BZ18/CA18) -> 0 | CD18: =CC18-CC$16 -> 0 | CE18: =SUM(BY18,CD18) -> -1.5851352 | CF18: =BY6 -> -0.51970902 | CG18: =CG17+CF17 -> -1.5851352
A19: =A18+1 -> 3.5 | B19: =B18+1 -> 3 | C19: 3-4 | D19: =D18 -> -0.86713093 | E19: =D18+E18 -> -1.1668688 | F19: =MAX('BATS 2023 TLFD'!M7,0.0001) -> 0.1416232 | G19: =modeldata!B7/modeldata!B$156 -> 0.0066666667 | H19: =IF(F19>0,(G19-F19)/F19,"") -> -0.95292673 | I19: =damp_escort*LN(F19/G19) -> 0 | J19: =I19-I$16 -> 0 | K19: =SUM(E19,J19) -> -1.1668688 | L19: =L18 -> -0.86713093 | M19: =M18+L18 -> -1.1668688 | O19: 3-4 | P19: =P18 -> -0.56554371 | Q19: =P18+Q18 -> -0.56554371 | R19: =MAX('BATS 2023 TLFD'!N7,0.0001) -> 0.099816439 | S19: =modeldata!C7/modeldata!C$156 -> 0.0066666667 | T19: =IF(R19>0,(S19-R19)/R19,"") -> -0.93321073 | U19: =damp_shopping*LN(R19/S19) -> 0 | V19: =U19-U$16 -> 0 | W19: =SUM(Q19,V19) -> -0.56554371 | X19: =X18 -> -0.56554371 | Y19: =Y18+X18 -> -0.56554371 | AA19: 3-4 | AB19: =AB18 -> -0.60549817 | AC19: =AB18+AC18 -> -0.60549817 | AD19: =MAX('BATS 2023 TLFD'!O7,0.0001) -> 0.081459849 | AE19: =modeldata!D7/modeldata!D$156 -> 0.0066666667 | AF19: =IF(AD19>0,(AE19-AD19)/AD19,"") -> -0.91816009 | AG19: =damp_maint*LN(AD19/AE19) -> 0 | AH19: =AG19-AG$16 -> 0 | AI19: =SUM(AC19,AH19) -> -0.60549817 | AJ19: =AJ18 -> -0.60549817 | AK19: =AK18+AJ18 -> -0.60549817 | AM19: 3-4 | AN19: =AN18 -> -0.3191705 | AO19: =AN18+AO18 -> -1.4409386 | AP19: =MAX('BATS 2023 TLFD'!P7,0.0001) -> 0.091931183 | AQ19: =modeldata!E7/modeldata!E$156 -> 0.0066666667 | AR19: =IF(AP19>0,(AQ19-AP19)/AP19,"") -> -0.92748199 | AS19: =damp_eatout*LN(AP19/AQ19) -> 0 | AT19: =AS19-AS$16 -> 0 | AU19: =SUM(AO19,AT19) -> -1.4409386 | AV19: =AV18 -> -0.3191705 | AW19: =AW18+AV18 -> -1.4409386 | AY19: 3-4 | AZ19: =AZ18 -> -0.34846404 | BA19: =AZ18+BA18 -> -1.9167356 | BB19: =MAX('BATS 2023 TLFD'!Q7,0.0001) -> 0.074203382 | BC19: =modeldata!F7/modeldata!F$156 -> 0.0066666667 | BD19: =IF(BB19>0,(BC19-BB19)/BB19,"") -> -0.91015684 | BE19: =damp_social*LN(BB19/BC19) -> 0 | BF19: =BE19-BE$16 -> 0 | BG19: =SUM(BA19,BF19) -> -1.9167356 | BH19: =BH18 -> -0.34846404 | BI19: =BI18+BH18 -> -1.9167356 | BK19: 3-4 | BL19: =BL18 -> -0.4954932 | BM19: =BL18+BM18 -> -0.83090698 | BN19: =MAX('BATS 2023 TLFD'!R7,0.0001) -> 0.065994227 | BO19: =modeldata!G7/modeldata!G$156 -> 0.0066666667 | BP19: =IF(BN19>0,(BO19-BN19)/BN19,"") -> -0.89898106 | BQ19: =damp_discr*LN(BN19/BO19) -> 0 | BR19: =BQ19-BQ$16 -> 0 | BS19: =SUM(BM19,BR19) -> -0.83090698 | BT19: =BT18 -> -0.4954932 | BU19: =BU18+BT18 -> -0.83090698 | BW19: 3-4 | BX19: =BX18 -> -0.51970902 | BY19: =BX18+BY18 -> -2.1048442 | BZ19: =MAX('BATS 2023 TLFD'!S7,0.0001) -> 0.074296385 | CA19: =modeldata!H7/modeldata!H$156 -> 0.0066666667 | CB19: =IF(BZ19>0,(CA19-BZ19)/BZ19,"") -> -0.9102693 | CC19: =damp_atwork*LN(BZ19/CA19) -> 0 | CD19: =CC19-CC$16 -> 0 | CE19: =SUM(BY19,CD19) -> -2.1048442 | CF19: =CF18 -> -0.51970902 | CG19: =CG18+CF18 -> -2.1048442
A20: =A19+1 -> 4.5 | B20: =B19+1 -> 4 | C20: 4-5 | D20: =D19 -> -0.86713093 | E20: =D19+E19 -> -2.0339997 | F20: =MAX('BATS 2023 TLFD'!M8,0.0001) -> 0.077295582 | G20: =modeldata!B8/modeldata!B$156 -> 0.0066666667 | H20: =IF(F20>0,(G20-F20)/F20,"") -> -0.913751 | I20: =damp_escort*LN(F20/G20) -> 0 | J20: =I20-I$16 -> 0 | K20: =SUM(E20,J20) -> -2.0339997 | L20: =L19 -> -0.86713093 | M20: =M19+L19 -> -2.0339997 | O20: 4-5 | P20: =P19 -> -0.56554371 | Q20: =P19+Q19 -> -1.1310874 | R20: =MAX('BATS 2023 TLFD'!N8,0.0001) -> 0.082381529 | S20: =modeldata!C8/modeldata!C$156 -> 0.0066666667 | T20: =IF(R20>0,(S20-R20)/R20,"") -> -0.91907571 | U20: =damp_shopping*LN(R20/S20) -> 0 | V20: =U20-U$16 -> 0 | W20: =SUM(Q20,V20) -> -1.1310874 | X20: =X19 -> -0.56554371 | Y20: =Y19+X19 -> -1.1310874 | AA20: 4-5 | AB20: =AB19 -> -0.60549817 | AC20: =AB19+AC19 -> -1.2109963 | AD20: =MAX('BATS 2023 TLFD'!O8,0.0001) -> 0.075562359 | AE20: =modeldata!D8/modeldata!D$156 -> 0.0066666667 | AF20: =IF(AD20>0,(AE20-AD20)/AD20,"") -> -0.91177265 | AG20: =damp_maint*LN(AD20/AE20) -> 0 | AH20: =AG20-AG$16 -> 0 | AI20: =SUM(AC20,AH20) -> -1.2109963 | AJ20: =AJ19 -> -0.60549817 | AK20: =AK19+AJ19 -> -1.2109963 | AM20: 4-5 | AN20: =AN19 -> -0.3191705 | AO20: =AN19+AO19 -> -1.7601091 | AP20: =MAX('BATS 2023 TLFD'!P8,0.0001) -> 0.044246478 | AQ20: =modeldata!E8/modeldata!E$156 -> 0.0066666667 | AR20: =IF(AP20>0,(AQ20-AP20)/AP20,"") -> -0.84932887 | AS20: =damp_eatout*LN(AP20/AQ20) -> 0 | AT20: =AS20-AS$16 -> 0 | AU20: =SUM(AO20,AT20) -> -1.7601091 | AV20: =AV19 -> -0.3191705 | AW20: =AW19+AV19 -> -1.7601091 | AY20: 4-5 | AZ20: =AZ19 -> -0.34846404 | BA20: =AZ19+BA19 -> -2.2651997 | BB20: =MAX('BATS 2023 TLFD'!Q8,0.0001) -> 0.051433561 | BC20: =modeldata!F8/modeldata!F$156 -> 0.0066666667 | BD20: =IF(BB20>0,(BC20-BB20)/BB20,"") -> -0.87038295 | BE20: =damp_social*LN(BB20/BC20) -> 0 | BF20: =BE20-BE$16 -> 0 | BG20: =SUM(BA20,BF20) -> -2.2651997 | BH20: =BH19 -> -0.34846404 | BI20: =BI19+BH19 -> -2.2651997 | BK20: 4-5 | BL20: =BL19 -> -0.4954932 | BM20: =BL19+BM19 -> -1.3264002 | BN20: =MAX('BATS 2023 TLFD'!R8,0.0001) -> 0.02111736 | BO20: =modeldata!G8/modeldata!G$156 -> 0.0066666667 | BP20: =IF(BN20>0,(BO20-BN20)/BN20,"") -> -0.68430397 | BQ20: =damp_discr*LN(BN20/BO20) -> 0 | BR20: =BQ20-BQ$16 -> 0 | BS20: =SUM(BM20,BR20) -> -1.3264002 | BT20: =BT19 -> -0.4954932 | BU20: =BU19+BT19 -> -1.3264002 | BW20: 4-5 | BX20: =BX19 -> -0.51970902 | BY20: =BX19+BY19 -> -2.6245532 | BZ20: =MAX('BATS 2023 TLFD'!S8,0.0001) -> 0.042011628 | CA20: =modeldata!H8/modeldata!H$156 -> 0.0066666667 | CB20: =IF(BZ20>0,(CA20-BZ20)/BZ20,"") -> -0.84131378 | CC20: =damp_atwork*LN(BZ20/CA20) -> 0 | CD20: =CC20-CC$16 -> 0 | CE20: =SUM(BY20,CD20) -> -2.6245532 | CF20: =CF19 -> -0.51970902 | CG20: =CG19+CF19 -> -2.6245532
A21: =A20+1 -> 5.5 | B21: =B20+1 -> 5 | C21: 5-6 | D21: =D7 -> -0.21370826 | E21: =D20+E20 -> -2.9011306 | F21: =MAX('BATS 2023 TLFD'!M9,0.0001) -> 0.068568068 | G21: =modeldata!B9/modeldata!B$156 -> 0.0066666667 | H21: =IF(F21>0,(G21-F21)/F21,"") -> -0.90277301 | I21: =damp_escort*LN(F21/G21) -> 0 | J21: =I21-I$16 -> 0 | K21: =SUM(E21,J21) -> -2.9011306 | L21: =E7 -> -0.21370826 | M21: =M20+L20 -> -2.9011306 | O21: 5-6 | P21: =P7 -> -0.18324871 | Q21: =P20+Q20 -> -1.6966311 | R21: =MAX('BATS 2023 TLFD'!N9,0.0001) -> 0.046390393 | S21: =modeldata!C9/modeldata!C$156 -> 0.0066666667 | T21: =IF(R21>0,(S21-R21)/R21,"") -> -0.85629208 | U21: =damp_shopping*LN(R21/S21) -> 0 | V21: =U21-U$16 -> 0 | W21: =SUM(Q21,V21) -> -1.6966311 | X21: =Q7 -> -0.18324871 | Y21: =Y20+X20 -> -1.6966311 | AA21: 5-6 | AB21: =AB7 -> -0.10927639 | AC21: =AB20+AC20 -> -1.8164945 | AD21: =MAX('BATS 2023 TLFD'!O9,0.0001) -> 0.084378212 | AE21: =modeldata!D9/modeldata!D$156 -> 0.0066666667 | AF21: =IF(AD21>0,(AE21-AD21)/AD21,"") -> -0.92099066 | AG21: =damp_maint*LN(AD21/AE21) -> 0 | AH21: =AG21-AG$16 -> 0 | AI21: =SUM(AC21,AH21) -> -1.8164945 | AJ21: =AC7 -> -0.10927639 | AK21: =AK20+AJ20 -> -1.8164945 | AM21: 5-6 | AN21: =AN7 -> -0.12376668 | AO21: =AN20+AO20 -> -2.0792796 | AP21: =MAX('BATS 2023 TLFD'!P9,0.0001) -> 0.039196726 | AQ21: =modeldata!E9/modeldata!E$156 -> 0.0066666667 | AR21: =IF(AP21>0,(AQ21-AP21)/AP21,"") -> -0.82991777 | AS21: =damp_eatout*LN(AP21/AQ21) -> 0 | AT21: =AS21-AS$16 -> 0 | AU21: =SUM(AO21,AT21) -> -2.0792796 | AV21: =AO7 -> -0.12376668 | AW21: =AW20+AV20 -> -2.0792796 | AY21: 5-6 | AZ21: =AZ7 -> -0.13060068 | BA21: =AZ20+BA20 -> -2.6136637 | BB21: =MAX('BATS 2023 TLFD'!Q9,0.0001) -> 0.048760884 | BC21: =modeldata!F9/modeldata!F$156 -> 0.0066666667 | BD21: =IF(BB21>0,(BC21-BB21)/BB21,"") -> -0.86327839 | BE21: =damp_social*LN(BB21/BC21) -> 0 | BF21: =BE21-BE$16 -> 0 | BG21: =SUM(BA21,BF21) -> -2.6136637 | BH21: =BA7 -> -0.13060068 | BI21: =BI20+BH20 -> -2.6136637 | BK21: 5-6 | BL21: =BL7 -> -0.11929589 | BM21: =BL20+BM20 -> -1.8218934 | BN21: =MAX('BATS 2023 TLFD'!R9,0.0001) -> 0.073564813 | BO21: =modeldata!G9/modeldata!G$156 -> 0.0066666667 | BP21: =IF(BN21>0,(BO21-BN21)/BN21,"") -> -0.90937696 | BQ21: =damp_discr*LN(BN21/BO21) -> 0 | BR21: =BQ21-BQ$16 -> 0 | BS21: =SUM(BM21,BR21) -> -1.8218934 | BT21: =BM7 -> -0.11929589 | BU21: =BU20+BT20 -> -1.8218934 | BW21: 5-6 | BX21: =BX7 -> -0.20447345 | BY21: =BX20+BY20 -> -3.1442623 | BZ21: =MAX('BATS 2023 TLFD'!S9,0.0001) -> 0.041424275 | CA21: =modeldata!H9/modeldata!H$156 -> 0.0066666667 | CB21: =IF(BZ21>0,(CA21-BZ21)/BZ21,"") -> -0.83906377 | CC21: =damp_atwork*LN(BZ21/CA21) -> 0 | CD21: =CC21-CC$16 -> 0 | CE21: =SUM(BY21,CD21) -> -3.1442623 | CF21: =BY7 -> -0.20447345 | CG21: =CG20+CF20 -> -3.1442623
A22: =A21+1 -> 6.5 | B22: =B21+1 -> 6 | C22: 6-7 | D22: =D21 -> -0.21370826 | E22: =D21+E21 -> -3.1148389 | F22: =MAX('BATS 2023 TLFD'!M10,0.0001) -> 0.035629593 | G22: =modeldata!B10/modeldata!B$156 -> 0.0066666667 | H22: =IF(F22>0,(G22-F22)/F22,"") -> -0.81288962 | I22: =damp_escort*LN(F22/G22) -> 0 | J22: =I22-I$16 -> 0 | K22: =SUM(E22,J22) -> -3.1148389 | L22: =L21 -> -0.21370826 | M22: =M21+L21 -> -3.1148389 | O22: 6-7 | P22: =P21 -> -0.18324871 | Q22: =P21+Q21 -> -1.8798798 | R22: =MAX('BATS 2023 TLFD'!N10,0.0001) -> 0.060757632 | S22: =modeldata!C10/modeldata!C$156 -> 0.0066666667 | T22: =IF(R22>0,(S22-R22)/R22,"") -> -0.89027442 | U22: =damp_shopping*LN(R22/S22) -> 0 | V22: =U22-U$16 -> 0 | W22: =SUM(Q22,V22) -> -1.8798798 | X22: =X21 -> -0.18324871 | Y22: =Y21+X21 -> -1.8798798 | AA22: 6-7 | AB22: =AB21 -> -0.10927639 | AC22: =AB21+AC21 -> -1.9257709 | AD22: =MAX('BATS 2023 TLFD'!O10,0.0001) -> 0.047119553 | AE22: =modeldata!D10/modeldata!D$156 -> 0.0066666667 | AF22: =IF(AD22>0,(AE22-AD22)/AD22,"") -> -0.85851592 | AG22: =damp_maint*LN(AD22/AE22) -> 0 | AH22: =AG22-AG$16 -> 0 | AI22: =SUM(AC22,AH22) -> -1.9257709 | AJ22: =AJ21 -> -0.10927639 | AK22: =AK21+AJ21 -> -1.9257709 | AM22: 6-7 | AN22: =AN21 -> -0.12376668 | AO22: =AN21+AO21 -> -2.2030463 | AP22: =MAX('BATS 2023 TLFD'!P10,0.0001) -> 0.041506162 | AQ22: =modeldata!E10/modeldata!E$156 -> 0.0066666667 | AR22: =IF(AP22>0,(AQ22-AP22)/AP22,"") -> -0.83938128 | AS22: =damp_eatout*LN(AP22/AQ22) -> 0 | AT22: =AS22-AS$16 -> 0 | AU22: =SUM(AO22,AT22) -> -2.2030463 | AV22: =AV21 -> -0.12376668 | AW22: =AW21+AV21 -> -2.2030463 | AY22: 6-7 | AZ22: =AZ21 -> -0.13060068 | BA22: =AZ21+BA21 -> -2.7442644 | BB22: =MAX('BATS 2023 TLFD'!Q10,0.0001) -> 0.024047995 | BC22: =modeldata!F10/modeldata!F$156 -> 0.0066666667 | BD22: =IF(BB22>0,(BC22-BB22)/BB22,"") -> -0.72277662 | BE22: =damp_social*LN(BB22/BC22) -> 0 | BF22: =BE22-BE$16 -> 0 | BG22: =SUM(BA22,BF22) -> -2.7442644 | BH22: =BH21 -> -0.13060068 | BI22: =BI21+BH21 -> -2.7442644 | BK22: 6-7 | BL22: =BL21 -> -0.11929589 | BM22: =BL21+BM21 -> -1.9411893 | BN22: =MAX('BATS 2023 TLFD'!R10,0.0001) -> 0.034766895 | BO22: =modeldata!G10/modeldata!G$156 -> 0.0066666667 | BP22: =IF(BN22>0,(BO22-BN22)/BN22,"") -> -0.80824671 | BQ22: =damp_discr*LN(BN22/BO22) -> 0 | BR22: =BQ22-BQ$16 -> 0 | BS22: =SUM(BM22,BR22) -> -1.9411893 | BT22: =BT21 -> -0.11929589 | BU22: =BU21+BT21 -> -1.9411893 | BW22: 6-7 | BX22: =BX21 -> -0.20447345 | BY22: =BX21+BY21 -> -3.3487357 | BZ22: =MAX('BATS 2023 TLFD'!S10,0.0001) -> 0.009210962 | CA22: =modeldata!H10/modeldata!H$156 -> 0.0066666667 | CB22: =IF(BZ22>0,(CA22-BZ22)/BZ22,"") -> -0.27622471 | CC22: =damp_atwork*LN(BZ22/CA22) -> 0 | CD22: =CC22-CC$16 -> 0 | CE22: =SUM(BY22,CD22) -> -3.3487357 | CF22: =CF21 -> -0.20447345 | CG22: =CG21+CF21 -> -3.3487357
A23: =A22+1 -> 7.5 | B23: =B22+1 -> 7 | C23: 7-8 | D23: =D22 -> -0.21370826 | E23: =D22+E22 -> -3.3285472 | F23: =MAX('BATS 2023 TLFD'!M11,0.0001) -> 0.066129374 | G23: =modeldata!B11/modeldata!B$156 -> 0.0066666667 | H23: =IF(F23>0,(G23-F23)/F23,"") -> -0.89918751 | I23: =damp_escort*LN(F23/G23) -> 0 | J23: =I23-I$16 -> 0 | K23: =SUM(E23,J23) -> -3.3285472 | L23: =L22 -> -0.21370826 | M23: =M22+L22 -> -3.3285472 | O23: 7-8 | P23: =P22 -> -0.18324871 | Q23: =P22+Q22 -> -2.0631285 | R23: =MAX('BATS 2023 TLFD'!N11,0.0001) -> 0.028219888 | S23: =modeldata!C11/modeldata!C$156 -> 0.0066666667 | T23: =IF(R23>0,(S23-R23)/R23,"") -> -0.76375999 | U23: =damp_shopping*LN(R23/S23) -> 0 | V23: =U23-U$16 -> 0 | W23: =SUM(Q23,V23) -> -2.0631285 | X23: =X22 -> -0.18324871 | Y23: =Y22+X22 -> -2.0631285 | AA23: 7-8 | AB23: =AB22 -> -0.10927639 | AC23: =AB22+AC22 -> -2.0350473 | AD23: =MAX('BATS 2023 TLFD'!O11,0.0001) -> 0.050795706 | AE23: =modeldata!D11/modeldata!D$156 -> 0.0066666667 | AF23: =IF(AD23>0,(AE23-AD23)/AD23,"") -> -0.86875531 | AG23: =damp_maint*LN(AD23/AE23) -> 0 | AH23: =AG23-AG$16 -> 0 | AI23: =SUM(AC23,AH23) -> -2.0350473 | AJ23: =AJ22 -> -0.10927639 | AK23: =AK22+AJ22 -> -2.0350473 | AM23: 7-8 | AN23: =AN22 -> -0.12376668 | AO23: =AN22+AO22 -> -2.326813 | AP23: =MAX('BATS 2023 TLFD'!P11,0.0001) -> 0.018547993 | AQ23: =modeldata!E11/modeldata!E$156 -> 0.0066666667 | AR23: =IF(AP23>0,(AQ23-AP23)/AP23,"") -> -0.64057208 | AS23: =damp_eatout*LN(AP23/AQ23) -> 0 | AT23: =AS23-AS$16 -> 0 | AU23: =SUM(AO23,AT23) -> -2.326813 | AV23: =AV22 -> -0.12376668 | AW23: =AW22+AV22 -> -2.326813 | AY23: 7-8 | AZ23: =AZ22 -> -0.13060068 | BA23: =AZ22+BA22 -> -2.8748651 | BB23: =MAX('BATS 2023 TLFD'!Q11,0.0001) -> 0.022366431 | BC23: =modeldata!F11/modeldata!F$156 -> 0.0066666667 | BD23: =IF(BB23>0,(BC23-BB23)/BB23,"") -> -0.70193427 | BE23: =damp_social*LN(BB23/BC23) -> 0 | BF23: =BE23-BE$16 -> 0 | BG23: =SUM(BA23,BF23) -> -2.8748651 | BH23: =BH22 -> -0.13060068 | BI23: =BI22+BH22 -> -2.8748651 | BK23: 7-8 | BL23: =BL22 -> -0.11929589 | BM23: =BL22+BM22 -> -2.0604852 | BN23: =MAX('BATS 2023 TLFD'!R11,0.0001) -> 0.016818863 | BO23: =modeldata!G11/modeldata!G$156 -> 0.0066666667 | BP23: =IF(BN23>0,(BO23-BN23)/BN23,"") -> -0.60361967 | BQ23: =damp_discr*LN(BN23/BO23) -> 0 | BR23: =BQ23-BQ$16 -> 0 | BS23: =SUM(BM23,BR23) -> -2.0604852 | BT23: =BT22 -> -0.11929589 | BU23: =BU22+BT22 -> -2.0604852 | BW23: 7-8 | BX23: =BX22 -> -0.20447345 | BY23: =BX22+BY22 -> -3.5532092 | BZ23: =MAX('BATS 2023 TLFD'!S11,0.0001) -> 0.015051254 | CA23: =modeldata!H11/modeldata!H$156 -> 0.0066666667 | CB23: =IF(BZ23>0,(CA23-BZ23)/BZ23,"") -> -0.55706901 | CC23: =damp_atwork*LN(BZ23/CA23) -> 0 | CD23: =CC23-CC$16 -> 0 | CE23: =SUM(BY23,CD23) -> -3.5532092 | CF23: =CF22 -> -0.20447345 | CG23: =CG22+CF22 -> -3.5532092
A24: =A23+1 -> 8.5 | B24: =B23+1 -> 8 | C24: 8-9 | D24: =D23 -> -0.21370826 | E24: =D23+E23 -> -3.5422554 | F24: =MAX('BATS 2023 TLFD'!M12,0.0001) -> 0.02656993 | G24: =modeldata!B12/modeldata!B$156 -> 0.0066666667 | H24: =IF(F24>0,(G24-F24)/F24,"") -> -0.74908979 | I24: =damp_escort*LN(F24/G24) -> 0 | J24: =I24-I$16 -> 0 | K24: =SUM(E24,J24) -> -3.5422554 | L24: =L23 -> -0.21370826 | M24: =M23+L23 -> -3.5422554 | O24: 8-9 | P24: =P23 -> -0.18324871 | Q24: =P23+Q23 -> -2.2463773 | R24: =MAX('BATS 2023 TLFD'!N12,0.0001) -> 0.025743323 | S24: =modeldata!C12/modeldata!C$156 -> 0.0066666667 | T24: =IF(R24>0,(S24-R24)/R24,"") -> -0.74103317 | U24: =damp_shopping*LN(R24/S24) -> 0 | V24: =U24-U$16 -> 0 | W24: =SUM(Q24,V24) -> -2.2463773 | X24: =X23 -> -0.18324871 | Y24: =Y23+X23 -> -2.2463773 | AA24: 8-9 | AB24: =AB23 -> -0.10927639 | AC24: =AB23+AC23 -> -2.1443237 | AD24: =MAX('BATS 2023 TLFD'!O12,0.0001) -> 0.015553856 | AE24: =modeldata!D12/modeldata!D$156 -> 0.0066666667 | AF24: =IF(AD24>0,(AE24-AD24)/AD24,"") -> -0.57138175 | AG24: =damp_maint*LN(AD24/AE24) -> 0 | AH24: =AG24-AG$16 -> 0 | AI24: =SUM(AC24,AH24) -> -2.1443237 | AJ24: =AJ23 -> -0.10927639 | AK24: =AK23+AJ23 -> -2.1443237 | AM24: 8-9 | AN24: =AN23 -> -0.12376668 | AO24: =AN23+AO23 -> -2.4505797 | AP24: =MAX('BATS 2023 TLFD'!P12,0.0001) -> 0.026036915 | AQ24: =modeldata!E12/modeldata!E$156 -> 0.0066666667 | AR24: =IF(AP24>0,(AQ24-AP24)/AP24,"") -> -0.74395329 | AS24: =damp_eatout*LN(AP24/AQ24) -> 0 | AT24: =AS24-AS$16 -> 0 | AU24: =SUM(AO24,AT24) -> -2.4505797 | AV24: =AV23 -> -0.12376668 | AW24: =AW23+AV23 -> -2.4505797 | AY24: 8-9 | AZ24: =AZ23 -> -0.13060068 | BA24: =AZ23+BA23 -> -3.0054658 | BB24: =MAX('BATS 2023 TLFD'!Q12,0.0001) -> 0.030550924 | BC24: =modeldata!F12/modeldata!F$156 -> 0.0066666667 | BD24: =IF(BB24>0,(BC24-BB24)/BB24,"") -> -0.78178511 | BE24: =damp_social*LN(BB24/BC24) -> 0 | BF24: =BE24-BE$16 -> 0 | BG24: =SUM(BA24,BF24) -> -3.0054658 | BH24: =BH23 -> -0.13060068 | BI24: =BI23+BH23 -> -3.0054658 | BK24: 8-9 | BL24: =BL23 -> -0.11929589 | BM24: =BL23+BM23 -> -2.179781 | BN24: =MAX('BATS 2023 TLFD'!R12,0.0001) -> 0.020821532 | BO24: =modeldata!G12/modeldata!G$156 -> 0.0066666667 | BP24: =IF(BN24>0,(BO24-BN24)/BN24,"") -> -0.67981863 | BQ24: =damp_discr*LN(BN24/BO24) -> 0 | BR24: =BQ24-BQ$16 -> 0 | BS24: =SUM(BM24,BR24) -> -2.179781 | BT24: =BT23 -> -0.11929589 | BU24: =BU23+BT23 -> -2.179781 | BW24: 8-9 | BX24: =BX23 -> -0.20447345 | BY24: =BX23+BY23 -> -3.7576826 | BZ24: =MAX('BATS 2023 TLFD'!S12,0.0001) -> 0.0032547593 | CA24: =modeldata!H12/modeldata!H$156 -> 0.0066666667 | CB24: =IF(BZ24>0,(CA24-BZ24)/BZ24,"") -> 1.0482826 | CC24: =damp_atwork*LN(BZ24/CA24) -> 0 | CD24: =CC24-CC$16 -> 0 | CE24: =SUM(BY24,CD24) -> -3.7576826 | CF24: =CF23 -> -0.20447345 | CG24: =CG23+CF23 -> -3.7576826
A25: =A24+1 -> 9.5 | B25: =B24+1 -> 9 | C25: 9-10 | D25: =D24 -> -0.21370826 | E25: =D24+E24 -> -3.7559637 | F25: =MAX('BATS 2023 TLFD'!M13,0.0001) -> 0.0016437916 | G25: =modeldata!B13/modeldata!B$156 -> 0.0066666667 | H25: =IF(F25>0,(G25-F25)/F25,"") -> 3.0556642 | I25: =damp_escort*LN(F25/G25) -> 0 | J25: =I25-I$16 -> 0 | K25: =SUM(E25,J25) -> -3.7559637 | L25: =L24 -> -0.21370826 | M25: =M24+L24 -> -3.7559637 | O25: 9-10 | P25: =P24 -> -0.18324871 | Q25: =P24+Q24 -> -2.429626 | R25: =MAX('BATS 2023 TLFD'!N13,0.0001) -> 0.01206331 | S25: =modeldata!C13/modeldata!C$156 -> 0.0066666667 | T25: =IF(R25>0,(S25-R25)/R25,"") -> -0.4473601 | U25: =damp_shopping*LN(R25/S25) -> 0 | V25: =U25-U$16 -> 0 | W25: =SUM(Q25,V25) -> -2.429626 | X25: =X24 -> -0.18324871 | Y25: =Y24+X24 -> -2.429626 | AA25: 9-10 | AB25: =AB24 -> -0.10927639 | AC25: =AB24+AC24 -> -2.2536001 | AD25: =MAX('BATS 2023 TLFD'!O13,0.0001) -> 0.025114412 | AE25: =modeldata!D13/modeldata!D$156 -> 0.0066666667 | AF25: =IF(AD25>0,(AE25-AD25)/AD25,"") -> -0.73454816 | AG25: =damp_maint*LN(AD25/AE25) -> 0 | AH25: =AG25-AG$16 -> 0 | AI25: =SUM(AC25,AH25) -> -2.2536001 | AJ25: =AJ24 -> -0.10927639 | AK25: =AK24+AJ24 -> -2.2536001 | AM25: 9-10 | AN25: =AN24 -> -0.12376668 | AO25: =AN24+AO24 -> -2.5743464 | AP25: =MAX('BATS 2023 TLFD'!P13,0.0001) -> 0.015023083 | AQ25: =modeldata!E13/modeldata!E$156 -> 0.0066666667 | AR25: =IF(AP25>0,(AQ25-AP25)/AP25,"") -> -0.55623844 | AS25: =damp_eatout*LN(AP25/AQ25) -> 0 | AT25: =AS25-AS$16 -> 0 | AU25: =SUM(AO25,AT25) -> -2.5743464 | AV25: =AV24 -> -0.12376668 | AW25: =AW24+AV24 -> -2.5743464 | AY25: 9-10 | AZ25: =AZ24 -> -0.13060068 | BA25: =AZ24+BA24 -> -3.1360664 | BB25: =MAX('BATS 2023 TLFD'!Q13,0.0001) -> 0.0068844825 | BC25: =modeldata!F13/modeldata!F$156 -> 0.0066666667 | BD25: =IF(BB25>0,(BC25-BB25)/BB25,"") -> -0.031638659 | BE25: =damp_social*LN(BB25/BC25) -> 0 | BF25: =BE25-BE$16 -> 0 | BG25: =SUM(BA25,BF25) -> -3.1360664 | BH25: =BH24 -> -0.13060068 | BI25: =BI24+BH24 -> -3.1360664 | BK25: 9-10 | BL25: =BL24 -> -0.11929589 | BM25: =BL24+BM24 -> -2.2990769 | BN25: =MAX('BATS 2023 TLFD'!R13,0.0001) -> 0.015168305 | BO25: =modeldata!G13/modeldata!G$156 -> 0.0066666667 | BP25: =IF(BN25>0,(BO25-BN25)/BN25,"") -> -0.56048704 | BQ25: =damp_discr*LN(BN25/BO25) -> 0 | BR25: =BQ25-BQ$16 -> 0 | BS25: =SUM(BM25,BR25) -> -2.2990769 | BT25: =BT24 -> -0.11929589 | BU25: =BU24+BT24 -> -2.2990769 | BW25: 9-10 | BX25: =BX24 -> -0.20447345 | BY25: =BX24+BY24 -> -3.9621561 | BZ25: =MAX('BATS 2023 TLFD'!S13,0.0001) -> 0.012906974 | CA25: =modeldata!H13/modeldata!H$156 -> 0.0066666667 | CB25: =IF(BZ25>0,(CA25-BZ25)/BZ25,"") -> -0.48348337 | CC25: =damp_atwork*LN(BZ25/CA25) -> 0 | CD25: =CC25-CC$16 -> 0 | CE25: =SUM(BY25,CD25) -> -3.9621561 | CF25: =CF24 -> -0.20447345 | CG25: =CG24+CF24 -> -3.9621561
A26: =A25+1 -> 10.5 | B26: =B25+1 -> 10 | C26: 10-11 | D26: =D25 -> -0.21370826 | E26: =D25+E25 -> -3.9696719 | F26: =MAX('BATS 2023 TLFD'!M14,0.0001) -> 0.0074337647 | G26: =modeldata!B14/modeldata!B$156 -> 0.0066666667 | H26: =IF(F26>0,(G26-F26)/F26,"") -> -0.10319105 | I26: =damp_escort*LN(F26/G26) -> 0 | J26: =I26-I$16 -> 0 | K26: =SUM(E26,J26) -> -3.9696719 | L26: =L25 -> -0.21370826 | M26: =M25+L25 -> -3.9696719 | O26: 10-11 | P26: =P25 -> -0.18324871 | Q26: =P25+Q25 -> -2.6128747 | R26: =MAX('BATS 2023 TLFD'!N14,0.0001) -> 0.014428635 | S26: =modeldata!C14/modeldata!C$156 -> 0.0066666667 | T26: =IF(R26>0,(S26-R26)/R26,"") -> -0.53795582 | U26: =damp_shopping*LN(R26/S26) -> 0 | V26: =U26-U$16 -> 0 | W26: =SUM(Q26,V26) -> -2.6128747 | X26: =X25 -> -0.18324871 | Y26: =Y25+X25 -> -2.6128747 | AA26: 10-11 | AB26: =AB25 -> -0.10927639 | AC26: =AB25+AC25 -> -2.3628765 | AD26: =MAX('BATS 2023 TLFD'!O14,0.0001) -> 0.0061075732 | AE26: =modeldata!D14/modeldata!D$156 -> 0.0066666667 | AF26: =IF(AD26>0,(AE26-AD26)/AD26,"") -> 0.091541019 | AG26: =damp_maint*LN(AD26/AE26) -> 0 | AH26: =AG26-AG$16 -> 0 | AI26: =SUM(AC26,AH26) -> -2.3628765 | AJ26: =AJ25 -> -0.10927639 | AK26: =AK25+AJ25 -> -2.3628765 | AM26: 10-11 | AN26: =AN25 -> -0.12376668 | AO26: =AN25+AO25 -> -2.698113 | AP26: =MAX('BATS 2023 TLFD'!P14,0.0001) -> 0.0045616169 | AQ26: =modeldata!E14/modeldata!E$156 -> 0.0066666667 | AR26: =IF(AP26>0,(AQ26-AP26)/AP26,"") -> 0.46147008 | AS26: =damp_eatout*LN(AP26/AQ26) -> 0 | AT26: =AS26-AS$16 -> 0 | AU26: =SUM(AO26,AT26) -> -2.698113 | AV26: =AV25 -> -0.12376668 | AW26: =AW25+AV25 -> -2.698113 | AY26: 10-11 | AZ26: =AZ25 -> -0.13060068 | BA26: =AZ25+BA25 -> -3.2666671 | BB26: =MAX('BATS 2023 TLFD'!Q14,0.0001) -> 0.0073966957 | BC26: =modeldata!F14/modeldata!F$156 -> 0.0066666667 | BD26: =IF(BB26>0,(BC26-BB26)/BB26,"") -> -0.098696639 | BE26: =damp_social*LN(BB26/BC26) -> 0 | BF26: =BE26-BE$16 -> 0 | BG26: =SUM(BA26,BF26) -> -3.2666671 | BH26: =BH25 -> -0.13060068 | BI26: =BI25+BH25 -> -3.2666671 | BK26: 10-11 | BL26: =BL25 -> -0.11929589 | BM26: =BL25+BM25 -> -2.4183728 | BN26: =MAX('BATS 2023 TLFD'!R14,0.0001) -> 0.002270559 | BO26: =modeldata!G14/modeldata!G$156 -> 0.0066666667 | BP26: =IF(BN26>0,(BO26-BN26)/BN26,"") -> 1.9361346 | BQ26: =damp_discr*LN(BN26/BO26) -> 0 | BR26: =BQ26-BQ$16 -> 0 | BS26: =SUM(BM26,BR26) -> -2.4183728 | BT26: =BT25 -> -0.11929589 | BU26: =BU25+BT25 -> -2.4183728 | BW26: 10-11 | BX26: =BX25 -> -0.20447345 | BY26: =BX25+BY25 -> -4.1666295 | BZ26: =MAX('BATS 2023 TLFD'!S14,0.0001) -> 0.0016934567 | CA26: =modeldata!H14/modeldata!H$156 -> 0.0066666667 | CB26: =IF(BZ26>0,(CA26-BZ26)/BZ26,"") -> 2.9367211 | CC26: =damp_atwork*LN(BZ26/CA26) -> 0 | CD26: =CC26-CC$16 -> 0 | CE26: =SUM(BY26,CD26) -> -4.1666295 | CF26: =CF25 -> -0.20447345 | CG26: =CG25+CF25 -> -4.1666295
A27: =A26+1 -> 11.5 | B27: =B26+1 -> 11 | C27: 11-12 | D27: =D26 -> -0.21370826 | E27: =D26+E26 -> -4.1833802 | F27: =MAX('BATS 2023 TLFD'!M15,0.0001) -> 0.0019117328 | G27: =modeldata!B15/modeldata!B$156 -> 0.0066666667 | H27: =IF(F27>0,(G27-F27)/F27,"") -> 2.4872378 | I27: =damp_escort*LN(F27/G27) -> 0 | J27: =I27-I$16 -> 0 | K27: =SUM(E27,J27) -> -4.1833802 | L27: =L26 -> -0.21370826 | M27: =M26+L26 -> -4.1833802 | O27: 11-12 | P27: =P26 -> -0.18324871 | Q27: =P26+Q26 -> -2.7961234 | R27: =MAX('BATS 2023 TLFD'!N15,0.0001) -> 0.0050530418 | S27: =modeldata!C15/modeldata!C$156 -> 0.0066666667 | T27: =IF(R27>0,(S27-R27)/R27,"") -> 0.31933732 | U27: =damp_shopping*LN(R27/S27) -> 0 | V27: =U27-U$16 -> 0 | W27: =SUM(Q27,V27) -> -2.7961234 | X27: =X26 -> -0.18324871 | Y27: =Y26+X26 -> -2.7961234 | AA27: 11-12 | AB27: =AB26 -> -0.10927639 | AC27: =AB26+AC26 -> -2.4721528 | AD27: =MAX('BATS 2023 TLFD'!O15,0.0001) -> 0.0063601402 | AE27: =modeldata!D15/modeldata!D$156 -> 0.0066666667 | AF27: =IF(AD27>0,(AE27-AD27)/AD27,"") -> 0.048194926 | AG27: =damp_maint*LN(AD27/AE27) -> 0 | AH27: =AG27-AG$16 -> 0 | AI27: =SUM(AC27,AH27) -> -2.4721528 | AJ27: =AJ26 -> -0.10927639 | AK27: =AK26+AJ26 -> -2.4721528 | AM27: 11-12 | AN27: =AN26 -> -0.12376668 | AO27: =AN26+AO26 -> -2.8218797 | AP27: =MAX('BATS 2023 TLFD'!P15,0.0001) -> 0.0086006683 | AQ27: =modeldata!E15/modeldata!E$156 -> 0.0066666667 | AR27: =IF(AP27>0,(AQ27-AP27)/AP27,"") -> -0.22486644 | AS27: =damp_eatout*LN(AP27/AQ27) -> 0 | AT27: =AS27-AS$16 -> 0 | AU27: =SUM(AO27,AT27) -> -2.8218797 | AV27: =AV26 -> -0.12376668 | AW27: =AW26+AV26 -> -2.8218797 | AY27: 11-12 | AZ27: =AZ26 -> -0.13060068 | BA27: =AZ26+BA26 -> -3.3972678 | BB27: =MAX('BATS 2023 TLFD'!Q15,0.0001) -> 0.0031725354 | BC27: =modeldata!F15/modeldata!F$156 -> 0.0066666667 | BD27: =IF(BB27>0,(BC27-BB27)/BB27,"") -> 1.1013687 | BE27: =damp_social*LN(BB27/BC27) -> 0 | BF27: =BE27-BE$16 -> 0 | BG27: =SUM(BA27,BF27) -> -3.3972678 | BH27: =BH26 -> -0.13060068 | BI27: =BI26+BH26 -> -3.3972678 | BK27: 11-12 | BL27: =BL26 -> -0.11929589 | BM27: =BL26+BM26 -> -2.5376687 | BN27: =MAX('BATS 2023 TLFD'!R15,0.0001) -> 0.016735412 | BO27: =modeldata!G15/modeldata!G$156 -> 0.0066666667 | BP27: =IF(BN27>0,(BO27-BN27)/BN27,"") -> -0.60164312 | BQ27: =damp_discr*LN(BN27/BO27) -> 0 | BR27: =BQ27-BQ$16 -> 0 | BS27: =SUM(BM27,BR27) -> -2.5376687 | BT27: =BT26 -> -0.11929589 | BU27: =BU26+BT26 -> -2.5376687 | BW27: 11-12 | BX27: =BX26 -> -0.20447345 | BY27: =BX26+BY26 -> -4.371103 | BZ27: =MAX('BATS 2023 TLFD'!S15,0.0001) -> 0.00090061074 | CA27: =modeldata!H15/modeldata!H$156 -> 0.0066666667 | CB27: =IF(BZ27>0,(CA27-BZ27)/BZ27,"") -> 6.4023841 | CC27: =damp_atwork*LN(BZ27/CA27) -> 0 | CD27: =CC27-CC$16 -> 0 | CE27: =SUM(BY27,CD27) -> -4.371103 | CF27: =CF26 -> -0.20447345 | CG27: =CG26+CF26 -> -4.371103
A28: =A27+1 -> 12.5 | B28: =B27+1 -> 12 | C28: 12-13 | D28: =D27 -> -0.21370826 | E28: =D27+E27 -> -4.3970885 | F28: =MAX('BATS 2023 TLFD'!M16,0.0001) -> 0.0032445069 | G28: =modeldata!B16/modeldata!B$156 -> 0.0066666667 | H28: =IF(F28>0,(G28-F28)/F28,"") -> 1.054755 | I28: =damp_escort*LN(F28/G28) -> 0 | J28: =I28-I$16 -> 0 | K28: =SUM(E28,J28) -> -4.3970885 | L28: =L27 -> -0.21370826 | M28: =M27+L27 -> -4.3970885 | O28: 12-13 | P28: =P27 -> -0.18324871 | Q28: =P27+Q27 -> -2.9793721 | R28: =MAX('BATS 2023 TLFD'!N16,0.0001) -> 0.0069922164 | S28: =modeldata!C16/modeldata!C$156 -> 0.0066666667 | T28: =IF(R28>0,(S28-R28)/R28,"") -> -0.046558869 | U28: =damp_shopping*LN(R28/S28) -> 0 | V28: =U28-U$16 -> 0 | W28: =SUM(Q28,V28) -> -2.9793721 | X28: =X27 -> -0.18324871 | Y28: =Y27+X27 -> -2.9793721 | AA28: 12-13 | AB28: =AB27 -> -0.10927639 | AC28: =AB27+AC27 -> -2.5814292 | AD28: =MAX('BATS 2023 TLFD'!O16,0.0001) -> 0.00082141185 | AE28: =modeldata!D16/modeldata!D$156 -> 0.0066666667 | AF28: =IF(AD28>0,(AE28-AD28)/AD28,"") -> 7.1161072 | AG28: =damp_maint*LN(AD28/AE28) -> 0 | AH28: =AG28-AG$16 -> 0 | AI28: =SUM(AC28,AH28) -> -2.5814292 | AJ28: =AJ27 -> -0.10927639 | AK28: =AK27+AJ27 -> -2.5814292 | AM28: 12-13 | AN28: =AN27 -> -0.12376668 | AO28: =AN27+AO27 -> -2.9456464 | AP28: =MAX('BATS 2023 TLFD'!P16,0.0001) -> 0.010658938 | AQ28: =modeldata!E16/modeldata!E$156 -> 0.0066666667 | AR28: =IF(AP28>0,(AQ28-AP28)/AP28,"") -> -0.37454685 | AS28: =damp_eatout*LN(AP28/AQ28) -> 0 | AT28: =AS28-AS$16 -> 0 | AU28: =SUM(AO28,AT28) -> -2.9456464 | AV28: =AV27 -> -0.12376668 | AW28: =AW27+AV27 -> -2.9456464 | AY28: 12-13 | AZ28: =AZ27 -> -0.13060068 | BA28: =AZ27+BA27 -> -3.5278685 | BB28: =MAX('BATS 2023 TLFD'!Q16,0.0001) -> 0.0032622228 | BC28: =modeldata!F16/modeldata!F$156 -> 0.0066666667 | BD28: =IF(BB28>0,(BC28-BB28)/BB28,"") -> 1.0435964 | BE28: =damp_social*LN(BB28/BC28) -> 0 | BF28: =BE28-BE$16 -> 0 | BG28: =SUM(BA28,BF28) -> -3.5278685 | BH28: =BH27 -> -0.13060068 | BI28: =BI27+BH27 -> -3.5278685 | BK28: 12-13 | BL28: =BL27 -> -0.11929589 | BM28: =BL27+BM27 -> -2.6569646 | BN28: =MAX('BATS 2023 TLFD'!R16,0.0001) -> 0.0024918598 | BO28: =modeldata!G16/modeldata!G$156 -> 0.0066666667 | BP28: =IF(BN28>0,(BO28-BN28)/BN28,"") -> 1.6753779 | BQ28: =damp_discr*LN(BN28/BO28) -> 0 | BR28: =BQ28-BQ$16 -> 0 | BS28: =SUM(BM28,BR28) -> -2.6569646 | BT28: =BT27 -> -0.11929589 | BU28: =BU27+BT27 -> -2.6569646 | BW28: 12-13 | BX28: =BX27 -> -0.20447345 | BY28: =BX27+BY27 -> -4.5755764 | BZ28: =MAX('BATS 2023 TLFD'!S16,0.0001) -> 0.0001 | CA28: =modeldata!H16/modeldata!H$156 -> 0.0066666667 | CB28: =IF(BZ28>0,(CA28-BZ28)/BZ28,"") -> 65.666667 | CC28: =damp_atwork*LN(BZ28/CA28) -> 0 | CD28: =CC28-CC$16 -> 0 | CE28: =SUM(BY28,CD28) -> -4.5755764 | CF28: =CF27 -> -0.20447345 | CG28: =CG27+CF27 -> -4.5755764
A29: =A28+1 -> 13.5 | B29: =B28+1 -> 13 | C29: 13-14 | D29: =D28 -> -0.21370826 | E29: =D28+E28 -> -4.6107967 | F29: =MAX('BATS 2023 TLFD'!M17,0.0001) -> 0.0010640024 | G29: =modeldata!B17/modeldata!B$156 -> 0.0066666667 | H29: =IF(F29>0,(G29-F29)/F29,"") -> 5.2656502 | I29: =damp_escort*LN(F29/G29) -> 0 | J29: =I29-I$16 -> 0 | K29: =SUM(E29,J29) -> -4.6107967 | L29: =L28 -> -0.21370826 | M29: =M28+L28 -> -4.6107967 | O29: 13-14 | P29: =P28 -> -0.18324871 | Q29: =P28+Q28 -> -3.1626208 | R29: =MAX('BATS 2023 TLFD'!N17,0.0001) -> 0.0094696747 | S29: =modeldata!C17/modeldata!C$156 -> 0.0066666667 | T29: =IF(R29>0,(S29-R29)/R29,"") -> -0.29599834 | U29: =damp_shopping*LN(R29/S29) -> 0 | V29: =U29-U$16 -> 0 | W29: =SUM(Q29,V29) -> -3.1626208 | X29: =X28 -> -0.18324871 | Y29: =Y28+X28 -> -3.1626208 | AA29: 13-14 | AB29: =AB28 -> -0.10927639 | AC29: =AB28+AC28 -> -2.6907056 | AD29: =MAX('BATS 2023 TLFD'!O17,0.0001) -> 0.0036581585 | AE29: =modeldata!D17/modeldata!D$156 -> 0.0066666667 | AF29: =IF(AD29>0,(AE29-AD29)/AD29,"") -> 0.82241055 | AG29: =damp_maint*LN(AD29/AE29) -> 0 | AH29: =AG29-AG$16 -> 0 | AI29: =SUM(AC29,AH29) -> -2.6907056 | AJ29: =AJ28 -> -0.10927639 | AK29: =AK28+AJ28 -> -2.6907056 | AM29: 13-14 | AN29: =AN28 -> -0.12376668 | AO29: =AN28+AO28 -> -3.0694131 | AP29: =MAX('BATS 2023 TLFD'!P17,0.0001) -> 0.0073179997 | AQ29: =modeldata!E17/modeldata!E$156 -> 0.0066666667 | AR29: =IF(AP29>0,(AQ29-AP29)/AP29,"") -> -0.089004241 | AS29: =damp_eatout*LN(AP29/AQ29) -> 0 | AT29: =AS29-AS$16 -> 0 | AU29: =SUM(AO29,AT29) -> -3.0694131 | AV29: =AV28 -> -0.12376668 | AW29: =AW28+AV28 -> -3.0694131 | AY29: 13-14 | AZ29: =AZ28 -> -0.13060068 | BA29: =AZ28+BA28 -> -3.6584692 | BB29: =MAX('BATS 2023 TLFD'!Q17,0.0001) -> 0.0059832265 | BC29: =modeldata!F17/modeldata!F$156 -> 0.0066666667 | BD29: =IF(BB29>0,(BC29-BB29)/BB29,"") -> 0.11422603 | BE29: =damp_social*LN(BB29/BC29) -> 0 | BF29: =BE29-BE$16 -> 0 | BG29: =SUM(BA29,BF29) -> -3.6584692 | BH29: =BH28 -> -0.13060068 | BI29: =BI28+BH28 -> -3.6584692 | BK29: 13-14 | BL29: =BL28 -> -0.11929589 | BM29: =BL28+BM28 -> -2.7762605 | BN29: =MAX('BATS 2023 TLFD'!R17,0.0001) -> 0.046550588 | BO29: =modeldata!G17/modeldata!G$156 -> 0.0066666667 | BP29: =IF(BN29>0,(BO29-BN29)/BN29,"") -> -0.85678663 | BQ29: =damp_discr*LN(BN29/BO29) -> 0 | BR29: =BQ29-BQ$16 -> 0 | BS29: =SUM(BM29,BR29) -> -2.7762605 | BT29: =BT28 -> -0.11929589 | BU29: =BU28+BT28 -> -2.7762605 | BW29: 13-14 | BX29: =BX28 -> -0.20447345 | BY29: =BX28+BY28 -> -4.7800499 | BZ29: =MAX('BATS 2023 TLFD'!S17,0.0001) -> 0.0015423642 | CA29: =modeldata!H17/modeldata!H$156 -> 0.0066666667 | CB29: =IF(BZ29>0,(CA29-BZ29)/BZ29,"") -> 3.3223687 | CC29: =damp_atwork*LN(BZ29/CA29) -> 0 | CD29: =CC29-CC$16 -> 0 | CE29: =SUM(BY29,CD29) -> -4.7800499 | CF29: =CF28 -> -0.20447345 | CG29: =CG28+CF28 -> -4.7800499
A30: =A29+1 -> 14.5 | B30: =B29+1 -> 14 | C30: 14-15 | D30: =D29 -> -0.21370826 | E30: =D29+E29 -> -4.824505 | F30: =MAX('BATS 2023 TLFD'!M18,0.0001) -> 0.0089072054 | G30: =modeldata!B18/modeldata!B$156 -> 0.0066666667 | H30: =IF(F30>0,(G30-F30)/F30,"") -> -0.25154228 | I30: =damp_escort*LN(F30/G30) -> 0 | J30: =I30-I$16 -> 0 | K30: =SUM(E30,J30) -> -4.824505 | L30: =L29 -> -0.21370826 | M30: =M29+L29 -> -4.824505 | O30: 14-15 | P30: =P29 -> -0.18324871 | Q30: =P29+Q29 -> -3.3458695 | R30: =MAX('BATS 2023 TLFD'!N18,0.0001) -> 0.0038707186 | S30: =modeldata!C18/modeldata!C$156 -> 0.0066666667 | T30: =IF(R30>0,(S30-R30)/R30,"") -> 0.72233306 | U30: =damp_shopping*LN(R30/S30) -> 0 | V30: =U30-U$16 -> 0 | W30: =SUM(Q30,V30) -> -3.3458695 | X30: =X29 -> -0.18324871 | Y30: =Y29+X29 -> -3.3458695 | AA30: 14-15 | AB30: =AB29 -> -0.10927639 | AC30: =AB29+AC29 -> -2.799982 | AD30: =MAX('BATS 2023 TLFD'!O18,0.0001) -> 0.0059787708 | AE30: =modeldata!D18/modeldata!D$156 -> 0.0066666667 | AF30: =IF(AD30>0,(AE30-AD30)/AD30,"") -> 0.11505641 | AG30: =damp_maint*LN(AD30/AE30) -> 0 | AH30: =AG30-AG$16 -> 0 | AI30: =SUM(AC30,AH30) -> -2.799982 | AJ30: =AJ29 -> -0.10927639 | AK30: =AK29+AJ29 -> -2.799982 | AM30: 14-15 | AN30: =AN29 -> -0.12376668 | AO30: =AN29+AO29 -> -3.1931797 | AP30: =MAX('BATS 2023 TLFD'!P18,0.0001) -> 0.0019002367 | AQ30: =modeldata!E18/modeldata!E$156 -> 0.0066666667 | AR30: =IF(AP30>0,(AQ30-AP30)/AP30,"") -> 2.5083348 | AS30: =damp_eatout*LN(AP30/AQ30) -> 0 | AT30: =AS30-AS$16 -> 0 | AU30: =SUM(AO30,AT30) -> -3.1931797 | AV30: =AV29 -> -0.12376668 | AW30: =AW29+AV29 -> -3.1931797 | AY30: 14-15 | AZ30: =AZ29 -> -0.13060068 | BA30: =AZ29+BA29 -> -3.7890698 | BB30: =MAX('BATS 2023 TLFD'!Q18,0.0001) -> 0.0055699249 | BC30: =modeldata!F18/modeldata!F$156 -> 0.0066666667 | BD30: =IF(BB30>0,(BC30-BB30)/BB30,"") -> 0.19690422 | BE30: =damp_social*LN(BB30/BC30) -> 0 | BF30: =BE30-BE$16 -> 0 | BG30: =SUM(BA30,BF30) -> -3.7890698 | BH30: =BH29 -> -0.13060068 | BI30: =BI29+BH29 -> -3.7890698 | BK30: 14-15 | BL30: =BL29 -> -0.11929589 | BM30: =BL29+BM29 -> -2.8955564 | BN30: =MAX('BATS 2023 TLFD'!R18,0.0001) -> 0.00082946092 | BO30: =modeldata!G18/modeldata!G$156 -> 0.0066666667 | BP30: =IF(BN30>0,(BO30-BN30)/BN30,"") -> 7.0373487 | BQ30: =damp_discr*LN(BN30/BO30) -> 0 | BR30: =BQ30-BQ$16 -> 0 | BS30: =SUM(BM30,BR30) -> -2.8955564 | BT30: =BT29 -> -0.11929589 | BU30: =BU29+BT29 -> -2.8955564 | BW30: 14-15 | BX30: =BX29 -> -0.20447345 | BY30: =BX29+BY29 -> -4.9845233 | BZ30: =MAX('BATS 2023 TLFD'!S18,0.0001) -> 0.0037785111 | CA30: =modeldata!H18/modeldata!H$156 -> 0.0066666667 | CB30: =IF(BZ30>0,(CA30-BZ30)/BZ30,"") -> 0.76436338 | CC30: =damp_atwork*LN(BZ30/CA30) -> 0 | CD30: =CC30-CC$16 -> 0 | CE30: =SUM(BY30,CD30) -> -4.9845233 | CF30: =CF29 -> -0.20447345 | CG30: =CG29+CF29 -> -4.9845233
A31: =A30+1 -> 15.5 | B31: =B30+1 -> 15 | C31: 15-16 | D31: =D8 -> -0.21370826 | E31: =D30+E30 -> -5.0382133 | F31: =MAX('BATS 2023 TLFD'!M19,0.0001) -> 0.0023132052 | G31: =modeldata!B19/modeldata!B$156 -> 0.0066666667 | H31: =IF(F31>0,(G31-F31)/F31,"") -> 1.882004 | I31: =damp_escort*LN(F31/G31) -> 0 | J31: =I31-I$16 -> 0 | K31: =SUM(E31,J31) -> -5.0382133 | L31: =E8 -> -0.21370826 | M31: =M30+L30 -> -5.0382133 | O31: 15-16 | P31: =P8 -> -0.18324871 | Q31: =P30+Q30 -> -3.5291182 | R31: =MAX('BATS 2023 TLFD'!N19,0.0001) -> 0.0056096647 | S31: =modeldata!C19/modeldata!C$156 -> 0.0066666667 | T31: =IF(R31>0,(S31-R31)/R31,"") -> 0.18842516 | U31: =damp_shopping*LN(R31/S31) -> 0 | V31: =U31-U$16 -> 0 | W31: =SUM(Q31,V31) -> -3.5291182 | X31: =Q8 -> -0.18324871 | Y31: =Y30+X30 -> -3.5291182 | AA31: 15-16 | AB31: =AB8 -> -0.10927639 | AC31: =AB30+AC30 -> -2.9092584 | AD31: =MAX('BATS 2023 TLFD'!O19,0.0001) -> 0.011536381 | AE31: =modeldata!D19/modeldata!D$156 -> 0.0066666667 | AF31: =IF(AD31>0,(AE31-AD31)/AD31,"") -> -0.42211804 | AG31: =damp_maint*LN(AD31/AE31) -> 0 | AH31: =AG31-AG$16 -> 0 | AI31: =SUM(AC31,AH31) -> -2.9092584 | AJ31: =AC8 -> -0.10927639 | AK31: =AK30+AJ30 -> -2.9092584 | AM31: 15-16 | AN31: =AN8 -> -0.12376668 | AO31: =AN30+AO30 -> -3.3169464 | AP31: =MAX('BATS 2023 TLFD'!P19,0.0001) -> 0.010199094 | AQ31: =modeldata!E19/modeldata!E$156 -> 0.0066666667 | AR31: =IF(AP31>0,(AQ31-AP31)/AP31,"") -> -0.34634716 | AS31: =damp_eatout*LN(AP31/AQ31) -> 0 | AT31: =AS31-AS$16 -> 0 | AU31: =SUM(AO31,AT31) -> -3.3169464 | AV31: =AO8 -> -0.12376668 | AW31: =AW30+AV30 -> -3.3169464 | AY31: 15-16 | AZ31: =AZ8 -> -0.13060068 | BA31: =AZ30+BA30 -> -3.9196705 | BB31: =MAX('BATS 2023 TLFD'!Q19,0.0001) -> 0.012935192 | BC31: =modeldata!F19/modeldata!F$156 -> 0.0066666667 | BD31: =IF(BB31>0,(BC31-BB31)/BB31,"") -> -0.48461016 | BE31: =damp_social*LN(BB31/BC31) -> 0 | BF31: =BE31-BE$16 -> 0 | BG31: =SUM(BA31,BF31) -> -3.9196705 | BH31: =BA8 -> -0.13060068 | BI31: =BI30+BH30 -> -3.9196705 | BK31: 15-16 | BL31: =BL8 -> -0.11929589 | BM31: =BL30+BM30 -> -3.0148523 | BN31: =MAX('BATS 2023 TLFD'!R19,0.0001) -> 0.0088368963 | BO31: =modeldata!G19/modeldata!G$156 -> 0.0066666667 | BP31: =IF(BN31>0,(BO31-BN31)/BN31,"") -> -0.24558732 | BQ31: =damp_discr*LN(BN31/BO31) -> 0 | BR31: =BQ31-BQ$16 -> 0 | BS31: =SUM(BM31,BR31) -> -3.0148523 | BT31: =BM8 -> -0.11929589 | BU31: =BU30+BT30 -> -3.0148523 | BW31: 15-16 | BX31: =BX8 -> -0.20447345 | BY31: =BX30+BY30 -> -5.1889968 | BZ31: =MAX('BATS 2023 TLFD'!S19,0.0001) -> 0.00050514649 | CA31: =modeldata!H19/modeldata!H$156 -> 0.0066666667 | CB31: =IF(BZ31>0,(CA31-BZ31)/BZ31,"") -> 12.197492 | CC31: =damp_atwork*LN(BZ31/CA31) -> 0 | CD31: =CC31-CC$16 -> 0 | CE31: =SUM(BY31,CD31) -> -5.1889968 | CF31: =BY8 -> -0.20447345 | CG31: =CG30+CF30 -> -5.1889968
A32: =A31+1 -> 16.5 | B32: =B31+1 -> 16 | C32: 16-17 | D32: =D31 -> -0.21370826 | E32: =D31+E31 -> -5.2519215 | F32: =MAX('BATS 2023 TLFD'!M20,0.0001) -> 0.0012335126 | G32: =modeldata!B20/modeldata!B$156 -> 0.0066666667 | H32: =IF(F32>0,(G32-F32)/F32,"") -> 4.4046199 | I32: =damp_escort*LN(F32/G32) -> 0 | J32: =I32-I$16 -> 0 | K32: =SUM(E32,J32) -> -5.2519215 | L32: =L31 -> -0.21370826 | M32: =M31+L31 -> -5.2519215 | O32: 16-17 | P32: =P31 -> -0.18324871 | Q32: =P31+Q31 -> -3.712367 | R32: =MAX('BATS 2023 TLFD'!N20,0.0001) -> 0.00069807003 | S32: =modeldata!C20/modeldata!C$156 -> 0.0066666667 | T32: =IF(R32>0,(S32-R32)/R32,"") -> 8.5501402 | U32: =damp_shopping*LN(R32/S32) -> 0 | V32: =U32-U$16 -> 0 | W32: =SUM(Q32,V32) -> -3.712367 | X32: =X31 -> -0.18324871 | Y32: =Y31+X31 -> -3.712367 | AA32: 16-17 | AB32: =AB31 -> -0.10927639 | AC32: =AB31+AC31 -> -3.0185348 | AD32: =MAX('BATS 2023 TLFD'!O20,0.0001) -> 0.0027382708 | AE32: =modeldata!D20/modeldata!D$156 -> 0.0066666667 | AF32: =IF(AD32>0,(AE32-AD32)/AD32,"") -> 1.4346265 | AG32: =damp_maint*LN(AD32/AE32) -> 0 | AH32: =AG32-AG$16 -> 0 | AI32: =SUM(AC32,AH32) -> -3.0185348 | AJ32: =AJ31 -> -0.10927639 | AK32: =AK31+AJ31 -> -3.0185348 | AM32: 16-17 | AN32: =AN31 -> -0.12376668 | AO32: =AN31+AO31 -> -3.4407131 | AP32: =MAX('BATS 2023 TLFD'!P20,0.0001) -> 0.0030902044 | AQ32: =modeldata!E20/modeldata!E$156 -> 0.0066666667 | AR32: =IF(AP32>0,(AQ32-AP32)/AP32,"") -> 1.1573546 | AS32: =damp_eatout*LN(AP32/AQ32) -> 0 | AT32: =AS32-AS$16 -> 0 | AU32: =SUM(AO32,AT32) -> -3.4407131 | AV32: =AV31 -> -0.12376668 | AW32: =AW31+AV31 -> -3.4407131 | AY32: 16-17 | AZ32: =AZ31 -> -0.13060068 | BA32: =AZ31+BA31 -> -4.0502712 | BB32: =MAX('BATS 2023 TLFD'!Q20,0.0001) -> 0.0017314952 | BC32: =modeldata!F20/modeldata!F$156 -> 0.0066666667 | BD32: =IF(BB32>0,(BC32-BB32)/BB32,"") -> 2.8502369 | BE32: =damp_social*LN(BB32/BC32) -> 0 | BF32: =BE32-BE$16 -> 0 | BG32: =SUM(BA32,BF32) -> -4.0502712 | BH32: =BH31 -> -0.13060068 | BI32: =BI31+BH31 -> -4.0502712 | BK32: 16-17 | BL32: =BL31 -> -0.11929589 | BM32: =BL31+BM31 -> -3.1341482 | BN32: =MAX('BATS 2023 TLFD'!R20,0.0001) -> 0.0055037177 | BO32: =modeldata!G20/modeldata!G$156 -> 0.0066666667 | BP32: =IF(BN32>0,(BO32-BN32)/BN32,"") -> 0.21130243 | BQ32: =damp_discr*LN(BN32/BO32) -> 0 | BR32: =BQ32-BQ$16 -> 0 | BS32: =SUM(BM32,BR32) -> -3.1341482 | BT32: =BT31 -> -0.11929589 | BU32: =BU31+BT31 -> -3.1341482 | BW32: 16-17 | BX32: =BX31 -> -0.20447345 | BY32: =BX31+BY31 -> -5.3934702 | BZ32: =MAX('BATS 2023 TLFD'!S20,0.0001) -> 0.00010861617 | CA32: =modeldata!H20/modeldata!H$156 -> 0.0066666667 | CB32: =IF(BZ32>0,(CA32-BZ32)/BZ32,"") -> 60.378218 | CC32: =damp_atwork*LN(BZ32/CA32) -> 0 | CD32: =CC32-CC$16 -> 0 | CE32: =SUM(BY32,CD32) -> -5.3934702 | CF32: =CF31 -> -0.20447345 | CG32: =CG31+CF31 -> -5.3934702
A33: =A32+1 -> 17.5 | B33: =B32+1 -> 17 | C33: 17-18 | D33: =D32 -> -0.21370826 | E33: =D32+E32 -> -5.4656298 | F33: =MAX('BATS 2023 TLFD'!M21,0.0001) -> 0.0001 | G33: =modeldata!B21/modeldata!B$156 -> 0.0066666667 | H33: =IF(F33>0,(G33-F33)/F33,"") -> 65.666667 | I33: =damp_escort*LN(F33/G33) -> 0 | J33: =I33-I$16 -> 0 | K33: =SUM(E33,J33) -> -5.4656298 | L33: =L32 -> -0.21370826 | M33: =M32+L32 -> -5.4656298 | O33: 17-18 | P33: =P32 -> -0.18324871 | Q33: =P32+Q32 -> -3.8956157 | R33: =MAX('BATS 2023 TLFD'!N21,0.0001) -> 0.0051983718 | S33: =modeldata!C21/modeldata!C$156 -> 0.0066666667 | T33: =IF(R33>0,(S33-R33)/R33,"") -> 0.28245283 | U33: =damp_shopping*LN(R33/S33) -> 0 | V33: =U33-U$16 -> 0 | W33: =SUM(Q33,V33) -> -3.8956157 | X33: =X32 -> -0.18324871 | Y33: =Y32+X32 -> -3.8956157 | AA33: 17-18 | AB33: =AB32 -> -0.10927639 | AC33: =AB32+AC32 -> -3.1278112 | AD33: =MAX('BATS 2023 TLFD'!O21,0.0001) -> 0.0019387262 | AE33: =modeldata!D21/modeldata!D$156 -> 0.0066666667 | AF33: =IF(AD33>0,(AE33-AD33)/AD33,"") -> 2.4386839 | AG33: =damp_maint*LN(AD33/AE33) -> 0 | AH33: =AG33-AG$16 -> 0 | AI33: =SUM(AC33,AH33) -> -3.1278112 | AJ33: =AJ32 -> -0.10927639 | AK33: =AK32+AJ32 -> -3.1278112 | AM33: 17-18 | AN33: =AN32 -> -0.12376668 | AO33: =AN32+AO32 -> -3.5644798 | AP33: =MAX('BATS 2023 TLFD'!P21,0.0001) -> 0.0010850703 | AQ33: =modeldata!E21/modeldata!E$156 -> 0.0066666667 | AR33: =IF(AP33>0,(AQ33-AP33)/AP33,"") -> 5.1439953 | AS33: =damp_eatout*LN(AP33/AQ33) -> 0 | AT33: =AS33-AS$16 -> 0 | AU33: =SUM(AO33,AT33) -> -3.5644798 | AV33: =AV32 -> -0.12376668 | AW33: =AW32+AV32 -> -3.5644798 | AY33: 17-18 | AZ33: =AZ32 -> -0.13060068 | BA33: =AZ32+BA32 -> -4.1808719 | BB33: =MAX('BATS 2023 TLFD'!Q21,0.0001) -> 0.0094155432 | BC33: =modeldata!F21/modeldata!F$156 -> 0.0066666667 | BD33: =IF(BB33>0,(BC33-BB33)/BB33,"") -> -0.29195093 | BE33: =damp_social*LN(BB33/BC33) -> 0 | BF33: =BE33-BE$16 -> 0 | BG33: =SUM(BA33,BF33) -> -4.1808719 | BH33: =BH32 -> -0.13060068 | BI33: =BI32+BH32 -> -4.1808719 | BK33: 17-18 | BL33: =BL32 -> -0.11929589 | BM33: =BL32+BM32 -> -3.253444 | BN33: =MAX('BATS 2023 TLFD'!R21,0.0001) -> 0.0039736806 | BO33: =modeldata!G21/modeldata!G$156 -> 0.0066666667 | BP33: =IF(BN33>0,(BO33-BN33)/BN33,"") -> 0.67770574 | BQ33: =damp_discr*LN(BN33/BO33) -> 0 | BR33: =BQ33-BQ$16 -> 0 | BS33: =SUM(BM33,BR33) -> -3.253444 | BT33: =BT32 -> -0.11929589 | BU33: =BU32+BT32 -> -3.253444 | BW33: 17-18 | BX33: =BX32 -> -0.20447345 | BY33: =BX32+BY32 -> -5.5979437 | BZ33: =MAX('BATS 2023 TLFD'!S21,0.0001) -> 0.00022146408 | CA33: =modeldata!H21/modeldata!H$156 -> 0.0066666667 | CB33: =IF(BZ33>0,(CA33-BZ33)/BZ33,"") -> 29.1027 | CC33: =damp_atwork*LN(BZ33/CA33) -> 0 | CD33: =CC33-CC$16 -> 0 | CE33: =SUM(BY33,CD33) -> -5.5979437 | CF33: =CF32 -> -0.20447345 | CG33: =CG32+CF32 -> -5.5979437
A34: =A33+1 -> 18.5 | B34: =B33+1 -> 18 | C34: 18-19 | D34: =D33 -> -0.21370826 | E34: =D33+E33 -> -5.679338 | F34: =MAX('BATS 2023 TLFD'!M22,0.0001) -> 0.0014247006 | G34: =modeldata!B22/modeldata!B$156 -> 0.0066666667 | H34: =IF(F34>0,(G34-F34)/F34,"") -> 3.6793456 | I34: =damp_escort*LN(F34/G34) -> 0 | J34: =I34-I$16 -> 0 | K34: =SUM(E34,J34) -> -5.679338 | L34: =L33 -> -0.21370826 | M34: =M33+L33 -> -5.679338 | O34: 18-19 | P34: =P33 -> -0.18324871 | Q34: =P33+Q33 -> -4.0788644 | R34: =MAX('BATS 2023 TLFD'!N22,0.0001) -> 0.00056742468 | S34: =modeldata!C22/modeldata!C$156 -> 0.0066666667 | T34: =IF(R34>0,(S34-R34)/R34,"") -> 10.74899 | U34: =damp_shopping*LN(R34/S34) -> 0 | V34: =U34-U$16 -> 0 | W34: =SUM(Q34,V34) -> -4.0788644 | X34: =X33 -> -0.18324871 | Y34: =Y33+X33 -> -4.0788644 | AA34: 18-19 | AB34: =AB33 -> -0.10927639 | AC34: =AB33+AC33 -> -3.2370876 | AD34: =MAX('BATS 2023 TLFD'!O22,0.0001) -> 0.0062633288 | AE34: =modeldata!D22/modeldata!D$156 -> 0.0066666667 | AF34: =IF(AD34>0,(AE34-AD34)/AD34,"") -> 0.064396724 | AG34: =damp_maint*LN(AD34/AE34) -> 0 | AH34: =AG34-AG$16 -> 0 | AI34: =SUM(AC34,AH34) -> -3.2370876 | AJ34: =AJ33 -> -0.10927639 | AK34: =AK33+AJ33 -> -3.2370876 | AM34: 18-19 | AN34: =AN33 -> -0.12376668 | AO34: =AN33+AO33 -> -3.6882465 | AP34: =MAX('BATS 2023 TLFD'!P22,0.0001) -> 0.0015275876 | AQ34: =modeldata!E22/modeldata!E$156 -> 0.0066666667 | AR34: =IF(AP34>0,(AQ34-AP34)/AP34,"") -> 3.3641797 | AS34: =damp_eatout*LN(AP34/AQ34) -> 0 | AT34: =AS34-AS$16 -> 0 | AU34: =SUM(AO34,AT34) -> -3.6882465 | AV34: =AV33 -> -0.12376668 | AW34: =AW33+AV33 -> -3.6882465 | AY34: 18-19 | AZ34: =AZ33 -> -0.13060068 | BA34: =AZ33+BA33 -> -4.3114725 | BB34: =MAX('BATS 2023 TLFD'!Q22,0.0001) -> 0.0019344269 | BC34: =modeldata!F22/modeldata!F$156 -> 0.0066666667 | BD34: =IF(BB34>0,(BC34-BB34)/BB34,"") -> 2.4463266 | BE34: =damp_social*LN(BB34/BC34) -> 0 | BF34: =BE34-BE$16 -> 0 | BG34: =SUM(BA34,BF34) -> -4.3114725 | BH34: =BH33 -> -0.13060068 | BI34: =BI33+BH33 -> -4.3114725 | BK34: 18-19 | BL34: =BL33 -> -0.11929589 | BM34: =BL33+BM33 -> -3.3727399 | BN34: =MAX('BATS 2023 TLFD'!R22,0.0001) -> 0.0006753458 | BO34: =modeldata!G22/modeldata!G$156 -> 0.0066666667 | BP34: =IF(BN34>0,(BO34-BN34)/BN34,"") -> 8.8714861 | BQ34: =damp_discr*LN(BN34/BO34) -> 0 | BR34: =BQ34-BQ$16 -> 0 | BS34: =SUM(BM34,BR34) -> -3.3727399 | BT34: =BT33 -> -0.11929589 | BU34: =BU33+BT33 -> -3.3727399 | BW34: 18-19 | BX34: =BX33 -> -0.20447345 | BY34: =BX33+BY33 -> -5.8024171 | BZ34: =MAX('BATS 2023 TLFD'!S22,0.0001) -> 0.0065234995 | CA34: =modeldata!H22/modeldata!H$156 -> 0.0066666667 | CB34: =IF(BZ34>0,(CA34-BZ34)/BZ34,"") -> 0.021946368 | CC34: =damp_atwork*LN(BZ34/CA34) -> 0 | CD34: =CC34-CC$16 -> 0 | CE34: =SUM(BY34,CD34) -> -5.8024171 | CF34: =CF33 -> -0.20447345 | CG34: =CG33+CF33 -> -5.8024171
A35: =A34+1 -> 19.5 | B35: =B34+1 -> 19 | C35: 19-20 | D35: =D34 -> -0.21370826 | E35: =D34+E34 -> -5.8930463 | F35: =MAX('BATS 2023 TLFD'!M23,0.0001) -> 0.00017288445 | G35: =modeldata!B23/modeldata!B$156 -> 0.0066666667 | H35: =IF(F35>0,(G35-F35)/F35,"") -> 37.561401 | I35: =damp_escort*LN(F35/G35) -> 0 | J35: =I35-I$16 -> 0 | K35: =SUM(E35,J35) -> -5.8930463 | L35: =L34 -> -0.21370826 | M35: =M34+L34 -> -5.8930463 | O35: 19-20 | P35: =P34 -> -0.18324871 | Q35: =P34+Q34 -> -4.2621131 | R35: =MAX('BATS 2023 TLFD'!N23,0.0001) -> 0.00039416607 | S35: =modeldata!C23/modeldata!C$156 -> 0.0066666667 | T35: =IF(R35>0,(S35-R35)/R35,"") -> 15.913345 | U35: =damp_shopping*LN(R35/S35) -> 0 | V35: =U35-U$16 -> 0 | W35: =SUM(Q35,V35) -> -4.2621131 | X35: =X34 -> -0.18324871 | Y35: =Y34+X34 -> -4.2621131 | AA35: 19-20 | AB35: =AB34 -> -0.10927639 | AC35: =AB34+AC34 -> -3.346364 | AD35: =MAX('BATS 2023 TLFD'!O23,0.0001) -> 0.0022444145 | AE35: =modeldata!D23/modeldata!D$156 -> 0.0066666667 | AF35: =IF(AD35>0,(AE35-AD35)/AD35,"") -> 1.9703366 | AG35: =damp_maint*LN(AD35/AE35) -> 0 | AH35: =AG35-AG$16 -> 0 | AI35: =SUM(AC35,AH35) -> -3.346364 | AJ35: =AJ34 -> -0.10927639 | AK35: =AK34+AJ34 -> -3.346364 | AM35: 19-20 | AN35: =AN34 -> -0.12376668 | AO35: =AN34+AO34 -> -3.8120131 | AP35: =MAX('BATS 2023 TLFD'!P23,0.0001) -> 0.0019673444 | AQ35: =modeldata!E23/modeldata!E$156 -> 0.0066666667 | AR35: =IF(AP35>0,(AQ35-AP35)/AP35,"") -> 2.3886627 | AS35: =damp_eatout*LN(AP35/AQ35) -> 0 | AT35: =AS35-AS$16 -> 0 | AU35: =SUM(AO35,AT35) -> -3.8120131 | AV35: =AV34 -> -0.12376668 | AW35: =AW34+AV34 -> -3.8120131 | AY35: 19-20 | AZ35: =AZ34 -> -0.13060068 | BA35: =AZ34+BA34 -> -4.4420732 | BB35: =MAX('BATS 2023 TLFD'!Q23,0.0001) -> 0.00099424197 | BC35: =modeldata!F23/modeldata!F$156 -> 0.0066666667 | BD35: =IF(BB35>0,(BC35-BB35)/BB35,"") -> 5.7052758 | BE35: =damp_social*LN(BB35/BC35) -> 0 | BF35: =BE35-BE$16 -> 0 | BG35: =SUM(BA35,BF35) -> -4.4420732 | BH35: =BH34 -> -0.13060068 | BI35: =BI34+BH34 -> -4.4420732 | BK35: 19-20 | BL35: =BL34 -> -0.11929589 | BM35: =BL34+BM34 -> -3.4920358 | BN35: =MAX('BATS 2023 TLFD'!R23,0.0001) -> 0.024434879 | BO35: =modeldata!G23/modeldata!G$156 -> 0.0066666667 | BP35: =IF(BN35>0,(BO35-BN35)/BN35,"") -> -0.72716596 | BQ35: =damp_discr*LN(BN35/BO35) -> 0 | BR35: =BQ35-BQ$16 -> 0 | BS35: =SUM(BM35,BR35) -> -3.4920358 | BT35: =BT34 -> -0.11929589 | BU35: =BU34+BT34 -> -3.4920358 | BW35: 19-20 | BX35: =BX34 -> -0.20447345 | BY35: =BX34+BY34 -> -6.0068906 | BZ35: =MAX('BATS 2023 TLFD'!S23,0.0001) -> 0.0001 | CA35: =modeldata!H23/modeldata!H$156 -> 0.0066666667 | CB35: =IF(BZ35>0,(CA35-BZ35)/BZ35,"") -> 65.666667 | CC35: =damp_atwork*LN(BZ35/CA35) -> 0 | CD35: =CC35-CC$16 -> 0 | CE35: =SUM(BY35,CD35) -> -6.0068906 | CF35: =CF34 -> -0.20447345 | CG35: =CG34+CF34 -> -6.0068906
A36: =A35+1 -> 20.5 | B36: =B35+1 -> 20 | C36: 20-21 | D36: =D35 -> -0.21370826 | E36: =D35+E35 -> -6.1067546 | F36: =MAX('BATS 2023 TLFD'!M24,0.0001) -> 0.00095520862 | G36: =modeldata!B24/modeldata!B$156 -> 0.0066666667 | H36: =IF(F36>0,(G36-F36)/F36,"") -> 5.9792782 | I36: =damp_escort*LN(F36/G36) -> 0 | J36: =I36-I$16 -> 0 | K36: =SUM(E36,J36) -> -6.1067546 | L36: =L35 -> -0.21370826 | M36: =M35+L35 -> -6.1067546 | O36: 20-21 | P36: =P35 -> -0.18324871 | Q36: =P35+Q35 -> -4.4453618 | R36: =MAX('BATS 2023 TLFD'!N24,0.0001) -> 0.0043219629 | S36: =modeldata!C24/modeldata!C$156 -> 0.0066666667 | T36: =IF(R36>0,(S36-R36)/R36,"") -> 0.542509 | U36: =damp_shopping*LN(R36/S36) -> 0 | V36: =U36-U$16 -> 0 | W36: =SUM(Q36,V36) -> -4.4453618 | X36: =X35 -> -0.18324871 | Y36: =Y35+X35 -> -4.4453618 | AA36: 20-21 | AB36: =AB35 -> -0.10927639 | AC36: =AB35+AC35 -> -3.4556403 | AD36: =MAX('BATS 2023 TLFD'!O24,0.0001) -> 0.0049938858 | AE36: =modeldata!D24/modeldata!D$156 -> 0.0066666667 | AF36: =IF(AD36>0,(AE36-AD36)/AD36,"") -> 0.33496577 | AG36: =damp_maint*LN(AD36/AE36) -> 0 | AH36: =AG36-AG$16 -> 0 | AI36: =SUM(AC36,AH36) -> -3.4556403 | AJ36: =AJ35 -> -0.10927639 | AK36: =AK35+AJ35 -> -3.4556403 | AM36: 20-21 | AN36: =AN35 -> -0.12376668 | AO36: =AN35+AO35 -> -3.9357798 | AP36: =MAX('BATS 2023 TLFD'!P24,0.0001) -> 0.00049704099 | AQ36: =modeldata!E24/modeldata!E$156 -> 0.0066666667 | AR36: =IF(AP36>0,(AQ36-AP36)/AP36,"") -> 12.41271 | AS36: =damp_eatout*LN(AP36/AQ36) -> 0 | AT36: =AS36-AS$16 -> 0 | AU36: =SUM(AO36,AT36) -> -3.9357798 | AV36: =AV35 -> -0.12376668 | AW36: =AW35+AV35 -> -3.9357798 | AY36: 20-21 | AZ36: =AZ35 -> -0.13060068 | BA36: =AZ35+BA35 -> -4.5726739 | BB36: =MAX('BATS 2023 TLFD'!Q24,0.0001) -> 0.0024104999 | BC36: =modeldata!F24/modeldata!F$156 -> 0.0066666667 | BD36: =IF(BB36>0,(BC36-BB36)/BB36,"") -> 1.7656781 | BE36: =damp_social*LN(BB36/BC36) -> 0 | BF36: =BE36-BE$16 -> 0 | BG36: =SUM(BA36,BF36) -> -4.5726739 | BH36: =BH35 -> -0.13060068 | BI36: =BI35+BH35 -> -4.5726739 | BK36: 20-21 | BL36: =BL35 -> -0.11929589 | BM36: =BL35+BM35 -> -3.6113317 | BN36: =MAX('BATS 2023 TLFD'!R24,0.0001) -> 0.0028339922 | BO36: =modeldata!G24/modeldata!G$156 -> 0.0066666667 | BP36: =IF(BN36>0,(BO36-BN36)/BN36,"") -> 1.3523941 | BQ36: =damp_discr*LN(BN36/BO36) -> 0 | BR36: =BQ36-BQ$16 -> 0 | BS36: =SUM(BM36,BR36) -> -3.6113317 | BT36: =BT35 -> -0.11929589 | BU36: =BU35+BT35 -> -3.6113317 | BW36: 20-21 | BX36: =BX35 -> -0.20447345 | BY36: =BX35+BY35 -> -6.211364 | BZ36: =MAX('BATS 2023 TLFD'!S24,0.0001) -> 0.0013506603 | CA36: =modeldata!H24/modeldata!H$156 -> 0.0066666667 | CB36: =IF(BZ36>0,(CA36-BZ36)/BZ36,"") -> 3.9358575 | CC36: =damp_atwork*LN(BZ36/CA36) -> 0 | CD36: =CC36-CC$16 -> 0 | CE36: =SUM(BY36,CD36) -> -6.211364 | CF36: =CF35 -> -0.20447345 | CG36: =CG35+CF35 -> -6.211364
A37: =A36+1 -> 21.5 | B37: =B36+1 -> 21 | C37: 21-22 | D37: =D36 -> -0.21370826 | E37: =D36+E36 -> -6.3204628 | F37: =MAX('BATS 2023 TLFD'!M25,0.0001) -> 0.0016753761 | G37: =modeldata!B25/modeldata!B$156 -> 0.0066666667 | H37: =IF(F37>0,(G37-F37)/F37,"") -> 2.9792061 | I37: =damp_escort*LN(F37/G37) -> 0 | J37: =I37-I$16 -> 0 | K37: =SUM(E37,J37) -> -6.3204628 | L37: =L36 -> -0.21370826 | M37: =M36+L36 -> -6.3204628 | O37: 21-22 | P37: =P36 -> -0.18324871 | Q37: =P36+Q36 -> -4.6286105 | R37: =MAX('BATS 2023 TLFD'!N25,0.0001) -> 0.0047611651 | S37: =modeldata!C25/modeldata!C$156 -> 0.0066666667 | T37: =IF(R37>0,(S37-R37)/R37,"") -> 0.40021748 | U37: =damp_shopping*LN(R37/S37) -> 0 | V37: =U37-U$16 -> 0 | W37: =SUM(Q37,V37) -> -4.6286105 | X37: =X36 -> -0.18324871 | Y37: =Y36+X36 -> -4.6286105 | AA37: 21-22 | AB37: =AB36 -> -0.10927639 | AC37: =AB36+AC36 -> -3.5649167 | AD37: =MAX('BATS 2023 TLFD'!O25,0.0001) -> 0.0090772165 | AE37: =modeldata!D25/modeldata!D$156 -> 0.0066666667 | AF37: =IF(AD37>0,(AE37-AD37)/AD37,"") -> -0.26556047 | AG37: =damp_maint*LN(AD37/AE37) -> 0 | AH37: =AG37-AG$16 -> 0 | AI37: =SUM(AC37,AH37) -> -3.5649167 | AJ37: =AJ36 -> -0.10927639 | AK37: =AK36+AJ36 -> -3.5649167 | AM37: 21-22 | AN37: =AN36 -> -0.12376668 | AO37: =AN36+AO36 -> -4.0595465 | AP37: =MAX('BATS 2023 TLFD'!P25,0.0001) -> 0.0021793314 | AQ37: =modeldata!E25/modeldata!E$156 -> 0.0066666667 | AR37: =IF(AP37>0,(AQ37-AP37)/AP37,"") -> 2.0590422 | AS37: =damp_eatout*LN(AP37/AQ37) -> 0 | AT37: =AS37-AS$16 -> 0 | AU37: =SUM(AO37,AT37) -> -4.0595465 | AV37: =AV36 -> -0.12376668 | AW37: =AW36+AV36 -> -4.0595465 | AY37: 21-22 | AZ37: =AZ36 -> -0.13060068 | BA37: =AZ36+BA36 -> -4.7032746 | BB37: =MAX('BATS 2023 TLFD'!Q25,0.0001) -> 0.007625629 | BC37: =modeldata!F25/modeldata!F$156 -> 0.0066666667 | BD37: =IF(BB37>0,(BC37-BB37)/BB37,"") -> -0.12575518 | BE37: =damp_social*LN(BB37/BC37) -> 0 | BF37: =BE37-BE$16 -> 0 | BG37: =SUM(BA37,BF37) -> -4.7032746 | BH37: =BH36 -> -0.13060068 | BI37: =BI36+BH36 -> -4.7032746 | BK37: 21-22 | BL37: =BL36 -> -0.11929589 | BM37: =BL36+BM36 -> -3.7306276 | BN37: =MAX('BATS 2023 TLFD'!R25,0.0001) -> 0.0048048762 | BO37: =modeldata!G25/modeldata!G$156 -> 0.0066666667 | BP37: =IF(BN37>0,(BO37-BN37)/BN37,"") -> 0.38747939 | BQ37: =damp_discr*LN(BN37/BO37) -> 0 | BR37: =BQ37-BQ$16 -> 0 | BS37: =SUM(BM37,BR37) -> -3.7306276 | BT37: =BT36 -> -0.11929589 | BU37: =BU36+BT36 -> -3.7306276 | BW37: 21-22 | BX37: =BX36 -> -0.20447345 | BY37: =BX36+BY36 -> -6.4158375 | BZ37: =MAX('BATS 2023 TLFD'!S25,0.0001) -> 0.00016335638 | CA37: =modeldata!H25/modeldata!H$156 -> 0.0066666667 | CB37: =IF(BZ37>0,(CA37-BZ37)/BZ37,"") -> 39.810568 | CC37: =damp_atwork*LN(BZ37/CA37) -> 0 | CD37: =CC37-CC$16 -> 0 | CE37: =SUM(BY37,CD37) -> -6.4158375 | CF37: =CF36 -> -0.20447345 | CG37: =CG36+CF36 -> -6.4158375
A38: =A37+1 -> 22.5 | B38: =B37+1 -> 22 | C38: 22-23 | D38: =D37 -> -0.21370826 | E38: =D37+E37 -> -6.5341711 | F38: =MAX('BATS 2023 TLFD'!M26,0.0001) -> 0.0001 | G38: =modeldata!B26/modeldata!B$156 -> 0.0066666667 | H38: =IF(F38>0,(G38-F38)/F38,"") -> 65.666667 | I38: =damp_escort*LN(F38/G38) -> 0 | J38: =I38-I$16 -> 0 | K38: =SUM(E38,J38) -> -6.5341711 | L38: =L37 -> -0.21370826 | M38: =M37+L37 -> -6.5341711 | O38: 22-23 | P38: =P37 -> -0.18324871 | Q38: =P37+Q37 -> -4.8118592 | R38: =MAX('BATS 2023 TLFD'!N26,0.0001) -> 0.00011265103 | S38: =modeldata!C26/modeldata!C$156 -> 0.0066666667 | T38: =IF(R38>0,(S38-R38)/R38,"") -> 58.179813 | U38: =damp_shopping*LN(R38/S38) -> 0 | V38: =U38-U$16 -> 0 | W38: =SUM(Q38,V38) -> -4.8118592 | X38: =X37 -> -0.18324871 | Y38: =Y37+X37 -> -4.8118592 | AA38: 22-23 | AB38: =AB37 -> -0.10927639 | AC38: =AB37+AC37 -> -3.6741931 | AD38: =MAX('BATS 2023 TLFD'!O26,0.0001) -> 0.00081161688 | AE38: =modeldata!D26/modeldata!D$156 -> 0.0066666667 | AF38: =IF(AD38>0,(AE38-AD38)/AD38,"") -> 7.2140562 | AG38: =damp_maint*LN(AD38/AE38) -> 0 | AH38: =AG38-AG$16 -> 0 | AI38: =SUM(AC38,AH38) -> -3.6741931 | AJ38: =AJ37 -> -0.10927639 | AK38: =AK37+AJ37 -> -3.6741931 | AM38: 22-23 | AN38: =AN37 -> -0.12376668 | AO38: =AN37+AO37 -> -4.1833132 | AP38: =MAX('BATS 2023 TLFD'!P26,0.0001) -> 0.0004512154 | AQ38: =modeldata!E26/modeldata!E$156 -> 0.0066666667 | AR38: =IF(AP38>0,(AQ38-AP38)/AP38,"") -> 13.774909 | AS38: =damp_eatout*LN(AP38/AQ38) -> 0 | AT38: =AS38-AS$16 -> 0 | AU38: =SUM(AO38,AT38) -> -4.1833132 | AV38: =AV37 -> -0.12376668 | AW38: =AW37+AV37 -> -4.1833132 | AY38: 22-23 | AZ38: =AZ37 -> -0.13060068 | BA38: =AZ37+BA37 -> -4.8338753 | BB38: =MAX('BATS 2023 TLFD'!Q26,0.0001) -> 0.0001314473 | BC38: =modeldata!F26/modeldata!F$156 -> 0.0066666667 | BD38: =IF(BB38>0,(BC38-BB38)/BB38,"") -> 49.717412 | BE38: =damp_social*LN(BB38/BC38) -> 0 | BF38: =BE38-BE$16 -> 0 | BG38: =SUM(BA38,BF38) -> -4.8338753 | BH38: =BH37 -> -0.13060068 | BI38: =BI37+BH37 -> -4.8338753 | BK38: 22-23 | BL38: =BL37 -> -0.11929589 | BM38: =BL37+BM37 -> -3.8499235 | BN38: =MAX('BATS 2023 TLFD'!R26,0.0001) -> 0.00056049335 | BO38: =modeldata!G26/modeldata!G$156 -> 0.0066666667 | BP38: =IF(BN38>0,(BO38-BN38)/BN38,"") -> 10.894283 | BQ38: =damp_discr*LN(BN38/BO38) -> 0 | BR38: =BQ38-BQ$16 -> 0 | BS38: =SUM(BM38,BR38) -> -3.8499235 | BT38: =BT37 -> -0.11929589 | BU38: =BU37+BT37 -> -3.8499235 | BW38: 22-23 | BX38: =BX37 -> -0.20447345 | BY38: =BX37+BY37 -> -6.6203109 | BZ38: =MAX('BATS 2023 TLFD'!S26,0.0001) -> 0.00013366106 | CA38: =modeldata!H26/modeldata!H$156 -> 0.0066666667 | CB38: =IF(BZ38>0,(CA38-BZ38)/BZ38,"") -> 48.877404 | CC38: =damp_atwork*LN(BZ38/CA38) -> 0 | CD38: =CC38-CC$16 -> 0 | CE38: =SUM(BY38,CD38) -> -6.6203109 | CF38: =CF37 -> -0.20447345 | CG38: =CG37+CF37 -> -6.6203109
A39: =A38+1 -> 23.5 | B39: =B38+1 -> 23 | C39: 23-24 | D39: =D38 -> -0.21370826 | E39: =D38+E38 -> -6.7478793 | F39: =MAX('BATS 2023 TLFD'!M27,0.0001) -> 0.0001858506 | G39: =modeldata!B27/modeldata!B$156 -> 0.0066666667 | H39: =IF(F39>0,(G39-F39)/F39,"") -> 34.871106 | I39: =damp_escort*LN(F39/G39) -> 0 | J39: =I39-I$16 -> 0 | K39: =SUM(E39,J39) -> -6.7478793 | L39: =L38 -> -0.21370826 | M39: =M38+L38 -> -6.7478793 | O39: 23-24 | P39: =P38 -> -0.18324871 | Q39: =P38+Q38 -> -4.9951079 | R39: =MAX('BATS 2023 TLFD'!N27,0.0001) -> 0.00017558654 | S39: =modeldata!C27/modeldata!C$156 -> 0.0066666667 | T39: =IF(R39>0,(S39-R39)/R39,"") -> 36.967981 | U39: =damp_shopping*LN(R39/S39) -> 0 | V39: =U39-U$16 -> 0 | W39: =SUM(Q39,V39) -> -4.9951079 | X39: =X38 -> -0.18324871 | Y39: =Y38+X38 -> -4.9951079 | AA39: 23-24 | AB39: =AB38 -> -0.10927639 | AC39: =AB38+AC38 -> -3.7834695 | AD39: =MAX('BATS 2023 TLFD'!O27,0.0001) -> 0.00092297149 | AE39: =modeldata!D27/modeldata!D$156 -> 0.0066666667 | AF39: =IF(AD39>0,(AE39-AD39)/AD39,"") -> 6.2230473 | AG39: =damp_maint*LN(AD39/AE39) -> 0 | AH39: =AG39-AG$16 -> 0 | AI39: =SUM(AC39,AH39) -> -3.7834695 | AJ39: =AJ38 -> -0.10927639 | AK39: =AK38+AJ38 -> -3.7834695 | AM39: 23-24 | AN39: =AN38 -> -0.12376668 | AO39: =AN38+AO38 -> -4.3070799 | AP39: =MAX('BATS 2023 TLFD'!P27,0.0001) -> 0.0012811748 | AQ39: =modeldata!E27/modeldata!E$156 -> 0.0066666667 | AR39: =IF(AP39>0,(AQ39-AP39)/AP39,"") -> 4.2035576 | AS39: =damp_eatout*LN(AP39/AQ39) -> 0 | AT39: =AS39-AS$16 -> 0 | AU39: =SUM(AO39,AT39) -> -4.3070799 | AV39: =AV38 -> -0.12376668 | AW39: =AW38+AV38 -> -4.3070799 | AY39: 23-24 | AZ39: =AZ38 -> -0.13060068 | BA39: =AZ38+BA38 -> -4.9644759 | BB39: =MAX('BATS 2023 TLFD'!Q27,0.0001) -> 0.00018485657 | BC39: =modeldata!F27/modeldata!F$156 -> 0.0066666667 | BD39: =IF(BB39>0,(BC39-BB39)/BB39,"") -> 35.063997 | BE39: =damp_social*LN(BB39/BC39) -> 0 | BF39: =BE39-BE$16 -> 0 | BG39: =SUM(BA39,BF39) -> -4.9644759 | BH39: =BH38 -> -0.13060068 | BI39: =BI38+BH38 -> -4.9644759 | BK39: 23-24 | BL39: =BL38 -> -0.11929589 | BM39: =BL38+BM38 -> -3.9692194 | BN39: =MAX('BATS 2023 TLFD'!R27,0.0001) -> 0.0001 | BO39: =modeldata!G27/modeldata!G$156 -> 0.0066666667 | BP39: =IF(BN39>0,(BO39-BN39)/BN39,"") -> 65.666667 | BQ39: =damp_discr*LN(BN39/BO39) -> 0 | BR39: =BQ39-BQ$16 -> 0 | BS39: =SUM(BM39,BR39) -> -3.9692194 | BT39: =BT38 -> -0.11929589 | BU39: =BU38+BT38 -> -3.9692194 | BW39: 23-24 | BX39: =BX38 -> -0.20447345 | BY39: =BX38+BY38 -> -6.8247844 | BZ39: =MAX('BATS 2023 TLFD'!S27,0.0001) -> 0.003087129 | CA39: =modeldata!H27/modeldata!H$156 -> 0.0066666667 | CB39: =IF(BZ39>0,(CA39-BZ39)/BZ39,"") -> 1.1595037 | CC39: =damp_atwork*LN(BZ39/CA39) -> 0 | CD39: =CC39-CC$16 -> 0 | CE39: =SUM(BY39,CD39) -> -6.8247844 | CF39: =CF38 -> -0.20447345 | CG39: =CG38+CF38 -> -6.8247844
A40: =A39+1 -> 24.5 | B40: =B39+1 -> 24 | C40: 24-25 | D40: =D39 -> -0.21370826 | E40: =D39+E39 -> -6.9615876 | F40: =MAX('BATS 2023 TLFD'!M28,0.0001) -> 0.0025339707 | G40: =modeldata!B28/modeldata!B$156 -> 0.0066666667 | H40: =IF(F40>0,(G40-F40)/F40,"") -> 1.630917 | I40: =damp_escort*LN(F40/G40) -> 0 | J40: =I40-I$16 -> 0 | K40: =SUM(E40,J40) -> -6.9615876 | L40: =L39 -> -0.21370826 | M40: =M39+L39 -> -6.9615876 | O40: 24-25 | P40: =P39 -> -0.18324871 | Q40: =P39+Q39 -> -5.1783567 | R40: =MAX('BATS 2023 TLFD'!N28,0.0001) -> 0.0015734153 | S40: =modeldata!C28/modeldata!C$156 -> 0.0066666667 | T40: =IF(R40>0,(S40-R40)/R40,"") -> 3.2370673 | U40: =damp_shopping*LN(R40/S40) -> 0 | V40: =U40-U$16 -> 0 | W40: =SUM(Q40,V40) -> -5.1783567 | X40: =X39 -> -0.18324871 | Y40: =Y39+X39 -> -5.1783567 | AA40: 24-25 | AB40: =AB39 -> -0.10927639 | AC40: =AB39+AC39 -> -3.8927459 | AD40: =MAX('BATS 2023 TLFD'!O28,0.0001) -> 0.0010873804 | AE40: =modeldata!D28/modeldata!D$156 -> 0.0066666667 | AF40: =IF(AD40>0,(AE40-AD40)/AD40,"") -> 5.1309426 | AG40: =damp_maint*LN(AD40/AE40) -> 0 | AH40: =AG40-AG$16 -> 0 | AI40: =SUM(AC40,AH40) -> -3.8927459 | AJ40: =AJ39 -> -0.10927639 | AK40: =AK39+AJ39 -> -3.8927459 | AM40: 24-25 | AN40: =AN39 -> -0.12376668 | AO40: =AN39+AO39 -> -4.4308465 | AP40: =MAX('BATS 2023 TLFD'!P28,0.0001) -> 0.0045325873 | AQ40: =modeldata!E28/modeldata!E$156 -> 0.0066666667 | AR40: =IF(AP40>0,(AQ40-AP40)/AP40,"") -> 0.47083028 | AS40: =damp_eatout*LN(AP40/AQ40) -> 0 | AT40: =AS40-AS$16 -> 0 | AU40: =SUM(AO40,AT40) -> -4.4308465 | AV40: =AV39 -> -0.12376668 | AW40: =AW39+AV39 -> -4.4308465 | AY40: 24-25 | AZ40: =AZ39 -> -0.13060068 | BA40: =AZ39+BA39 -> -5.0950766 | BB40: =MAX('BATS 2023 TLFD'!Q28,0.0001) -> 0.00044591639 | BC40: =modeldata!F28/modeldata!F$156 -> 0.0066666667 | BD40: =IF(BB40>0,(BC40-BB40)/BB40,"") -> 13.950486 | BE40: =damp_social*LN(BB40/BC40) -> 0 | BF40: =BE40-BE$16 -> 0 | BG40: =SUM(BA40,BF40) -> -5.0950766 | BH40: =BH39 -> -0.13060068 | BI40: =BI39+BH39 -> -5.0950766 | BK40: 24-25 | BL40: =BL39 -> -0.11929589 | BM40: =BL39+BM39 -> -4.0885153 | BN40: =MAX('BATS 2023 TLFD'!R28,0.0001) -> 0.017050821 | BO40: =modeldata!G28/modeldata!G$156 -> 0.0066666667 | BP40: =IF(BN40>0,(BO40-BN40)/BN40,"") -> -0.60901198 | BQ40: =damp_discr*LN(BN40/BO40) -> 0 | BR40: =BQ40-BQ$16 -> 0 | BS40: =SUM(BM40,BR40) -> -4.0885153 | BT40: =BT39 -> -0.11929589 | BU40: =BU39+BT39 -> -4.0885153 | BW40: 24-25 | BX40: =BX39 -> -0.20447345 | BY40: =BX39+BY39 -> -7.0292578 | BZ40: =MAX('BATS 2023 TLFD'!S28,0.0001) -> 0.0001 | CA40: =modeldata!H28/modeldata!H$156 -> 0.0066666667 | CB40: =IF(BZ40>0,(CA40-BZ40)/BZ40,"") -> 65.666667 | CC40: =damp_atwork*LN(BZ40/CA40) -> 0 | CD40: =CC40-CC$16 -> 0 | CE40: =SUM(BY40,CD40) -> -7.0292578 | CF40: =CF39 -> -0.20447345 | CG40: =CG39+CF39 -> -7.0292578
A41: =A40+1 -> 25.5 | B41: =B40+1 -> 25 | C41: 25-26 | D41: =D40 -> -0.21370826 | E41: =D40+E40 -> -7.1752959 | F41: =MAX('BATS 2023 TLFD'!M29,0.0001) -> 0.0001 | G41: =modeldata!B29/modeldata!B$156 -> 0.0066666667 | H41: =IF(F41>0,(G41-F41)/F41,"") -> 65.666667 | I41: =damp_escort*LN(F41/G41) -> 0 | J41: =I41-I$16 -> 0 | K41: =SUM(E41,J41) -> -7.1752959 | L41: =L40 -> -0.21370826 | M41: =M40+L40 -> -7.1752959 | O41: 25-26 | P41: =P40 -> -0.18324871 | Q41: =P40+Q40 -> -5.3616054 | R41: =MAX('BATS 2023 TLFD'!N29,0.0001) -> 0.001749845 | S41: =modeldata!C29/modeldata!C$156 -> 0.0066666667 | T41: =IF(R41>0,(S41-R41)/R41,"") -> 2.8098613 | U41: =damp_shopping*LN(R41/S41) -> 0 | V41: =U41-U$16 -> 0 | W41: =SUM(Q41,V41) -> -5.3616054 | X41: =X40 -> -0.18324871 | Y41: =Y40+X40 -> -5.3616054 | AA41: 25-26 | AB41: =AB40 -> -0.10927639 | AC41: =AB40+AC40 -> -4.0020223 | AD41: =MAX('BATS 2023 TLFD'!O29,0.0001) -> 0.0060543482 | AE41: =modeldata!D29/modeldata!D$156 -> 0.0066666667 | AF41: =IF(AD41>0,(AE41-AD41)/AD41,"") -> 0.10113698 | AG41: =damp_maint*LN(AD41/AE41) -> 0 | AH41: =AG41-AG$16 -> 0 | AI41: =SUM(AC41,AH41) -> -4.0020223 | AJ41: =AJ40 -> -0.10927639 | AK41: =AK40+AJ40 -> -4.0020223 | AM41: 25-26 | AN41: =AN40 -> -0.12376668 | AO41: =AN40+AO40 -> -4.5546132 | AP41: =MAX('BATS 2023 TLFD'!P29,0.0001) -> 0.001343756 | AQ41: =modeldata!E29/modeldata!E$156 -> 0.0066666667 | AR41: =IF(AP41>0,(AQ41-AP41)/AP41,"") -> 3.9612182 | AS41: =damp_eatout*LN(AP41/AQ41) -> 0 | AT41: =AS41-AS$16 -> 0 | AU41: =SUM(AO41,AT41) -> -4.5546132 | AV41: =AV40 -> -0.12376668 | AW41: =AW40+AV40 -> -4.5546132 | AY41: 25-26 | AZ41: =AZ40 -> -0.13060068 | BA41: =AZ40+BA40 -> -5.2256773 | BB41: =MAX('BATS 2023 TLFD'!Q29,0.0001) -> 0.00025803731 | BC41: =modeldata!F29/modeldata!F$156 -> 0.0066666667 | BD41: =IF(BB41>0,(BC41-BB41)/BB41,"") -> 24.836057 | BE41: =damp_social*LN(BB41/BC41) -> 0 | BF41: =BE41-BE$16 -> 0 | BG41: =SUM(BA41,BF41) -> -5.2256773 | BH41: =BH40 -> -0.13060068 | BI41: =BI40+BH40 -> -5.2256773 | BK41: 25-26 | BL41: =BL40 -> -0.11929589 | BM41: =BL40+BM40 -> -4.2078112 | BN41: =MAX('BATS 2023 TLFD'!R29,0.0001) -> 0.0001 | BO41: =modeldata!G29/modeldata!G$156 -> 0.0066666667 | BP41: =IF(BN41>0,(BO41-BN41)/BN41,"") -> 65.666667 | BQ41: =damp_discr*LN(BN41/BO41) -> 0 | BR41: =BQ41-BQ$16 -> 0 | BS41: =SUM(BM41,BR41) -> -4.2078112 | BT41: =BT40 -> -0.11929589 | BU41: =BU40+BT40 -> -4.2078112 | BW41: 25-26 | BX41: =BX40 -> -0.20447345 | BY41: =BX40+BY40 -> -7.2337313 | BZ41: =MAX('BATS 2023 TLFD'!S29,0.0001) -> 0.0001 | CA41: =modeldata!H29/modeldata!H$156 -> 0.0066666667 | CB41: =IF(BZ41>0,(CA41-BZ41)/BZ41,"") -> 65.666667 | CC41: =damp_atwork*LN(BZ41/CA41) -> 0 | CD41: =CC41-CC$16 -> 0 | CE41: =SUM(BY41,CD41) -> -7.2337313 | CF41: =CF40 -> -0.20447345 | CG41: =CG40+CF40 -> -7.2337313
A42: =A41+1 -> 26.5 | B42: =B41+1 -> 26 | C42: 26-27 | D42: =D41 -> -0.21370826 | E42: =D41+E41 -> -7.3890041 | F42: =MAX('BATS 2023 TLFD'!M30,0.0001) -> 0.00012834792 | G42: =modeldata!B30/modeldata!B$156 -> 0.0066666667 | H42: =IF(F42>0,(G42-F42)/F42,"") -> 50.942147 | I42: =damp_escort*LN(F42/G42) -> 0 | J42: =I42-I$16 -> 0 | K42: =SUM(E42,J42) -> -7.3890041 | L42: =L41 -> -0.21370826 | M42: =M41+L41 -> -7.3890041 | O42: 26-27 | P42: =P41 -> -0.18324871 | Q42: =P41+Q41 -> -5.5448541 | R42: =MAX('BATS 2023 TLFD'!N30,0.0001) -> 0.0001 | S42: =modeldata!C30/modeldata!C$156 -> 0.0066666667 | T42: =IF(R42>0,(S42-R42)/R42,"") -> 65.666667 | U42: =damp_shopping*LN(R42/S42) -> 0 | V42: =U42-U$16 -> 0 | W42: =SUM(Q42,V42) -> -5.5448541 | X42: =X41 -> -0.18324871 | Y42: =Y41+X41 -> -5.5448541 | AA42: 26-27 | AB42: =AB41 -> -0.10927639 | AC42: =AB41+AC41 -> -4.1112987 | AD42: =MAX('BATS 2023 TLFD'!O30,0.0001) -> 0.0063417633 | AE42: =modeldata!D30/modeldata!D$156 -> 0.0066666667 | AF42: =IF(AD42>0,(AE42-AD42)/AD42,"") -> 0.051232339 | AG42: =damp_maint*LN(AD42/AE42) -> 0 | AH42: =AG42-AG$16 -> 0 | AI42: =SUM(AC42,AH42) -> -4.1112987 | AJ42: =AJ41 -> -0.10927639 | AK42: =AK41+AJ41 -> -4.1112987 | AM42: 26-27 | AN42: =AN41 -> -0.12376668 | AO42: =AN41+AO41 -> -4.6783799 | AP42: =MAX('BATS 2023 TLFD'!P30,0.0001) -> 0.0036215275 | AQ42: =modeldata!E30/modeldata!E$156 -> 0.0066666667 | AR42: =IF(AP42>0,(AQ42-AP42)/AP42,"") -> 0.84084386 | AS42: =damp_eatout*LN(AP42/AQ42) -> 0 | AT42: =AS42-AS$16 -> 0 | AU42: =SUM(AO42,AT42) -> -4.6783799 | AV42: =AV41 -> -0.12376668 | AW42: =AW41+AV41 -> -4.6783799 | AY42: 26-27 | AZ42: =AZ41 -> -0.13060068 | BA42: =AZ41+BA41 -> -5.356278 | BB42: =MAX('BATS 2023 TLFD'!Q30,0.0001) -> 0.0001 | BC42: =modeldata!F30/modeldata!F$156 -> 0.0066666667 | BD42: =IF(BB42>0,(BC42-BB42)/BB42,"") -> 65.666667 | BE42: =damp_social*LN(BB42/BC42) -> 0 | BF42: =BE42-BE$16 -> 0 | BG42: =SUM(BA42,BF42) -> -5.356278 | BH42: =BH41 -> -0.13060068 | BI42: =BI41+BH41 -> -5.356278 | BK42: 26-27 | BL42: =BL41 -> -0.11929589 | BM42: =BL41+BM41 -> -4.327107 | BN42: =MAX('BATS 2023 TLFD'!R30,0.0001) -> 0.00035409902 | BO42: =modeldata!G30/modeldata!G$156 -> 0.0066666667 | BP42: =IF(BN42>0,(BO42-BN42)/BN42,"") -> 17.827125 | BQ42: =damp_discr*LN(BN42/BO42) -> 0 | BR42: =BQ42-BQ$16 -> 0 | BS42: =SUM(BM42,BR42) -> -4.327107 | BT42: =BT41 -> -0.11929589 | BU42: =BU41+BT41 -> -4.327107 | BW42: 26-27 | BX42: =BX41 -> -0.20447345 | BY42: =BX41+BY41 -> -7.4382048 | BZ42: =MAX('BATS 2023 TLFD'!S30,0.0001) -> 0.0001 | CA42: =modeldata!H30/modeldata!H$156 -> 0.0066666667 | CB42: =IF(BZ42>0,(CA42-BZ42)/BZ42,"") -> 65.666667 | CC42: =damp_atwork*LN(BZ42/CA42) -> 0 | CD42: =CC42-CC$16 -> 0 | CE42: =SUM(BY42,CD42) -> -7.4382048 | CF42: =CF41 -> -0.20447345 | CG42: =CG41+CF41 -> -7.4382048
A43: =A42+1 -> 27.5 | B43: =B42+1 -> 27 | C43: 27-28 | D43: =D42 -> -0.21370826 | E43: =D42+E42 -> -7.6027124 | F43: =MAX('BATS 2023 TLFD'!M31,0.0001) -> 0.00013076003 | G43: =modeldata!B31/modeldata!B$156 -> 0.0066666667 | H43: =IF(F43>0,(G43-F43)/F43,"") -> 49.983979 | I43: =damp_escort*LN(F43/G43) -> 0 | J43: =I43-I$16 -> 0 | K43: =SUM(E43,J43) -> -7.6027124 | L43: =L42 -> -0.21370826 | M43: =M42+L42 -> -7.6027124 | O43: 27-28 | P43: =P42 -> -0.18324871 | Q43: =P42+Q42 -> -5.7281028 | R43: =MAX('BATS 2023 TLFD'!N31,0.0001) -> 0.015159843 | S43: =modeldata!C31/modeldata!C$156 -> 0.0066666667 | T43: =IF(R43>0,(S43-R43)/R43,"") -> -0.56024171 | U43: =damp_shopping*LN(R43/S43) -> 0 | V43: =U43-U$16 -> 0 | W43: =SUM(Q43,V43) -> -5.7281028 | X43: =X42 -> -0.18324871 | Y43: =Y42+X42 -> -5.7281028 | AA43: 27-28 | AB43: =AB42 -> -0.10927639 | AC43: =AB42+AC42 -> -4.2205751 | AD43: =MAX('BATS 2023 TLFD'!O31,0.0001) -> 0.00023036288 | AE43: =modeldata!D31/modeldata!D$156 -> 0.0066666667 | AF43: =IF(AD43>0,(AE43-AD43)/AD43,"") -> 27.939847 | AG43: =damp_maint*LN(AD43/AE43) -> 0 | AH43: =AG43-AG$16 -> 0 | AI43: =SUM(AC43,AH43) -> -4.2205751 | AJ43: =AJ42 -> -0.10927639 | AK43: =AK42+AJ42 -> -4.2205751 | AM43: 27-28 | AN43: =AN42 -> -0.12376668 | AO43: =AN42+AO42 -> -4.8021466 | AP43: =MAX('BATS 2023 TLFD'!P31,0.0001) -> 0.00042716419 | AQ43: =modeldata!E31/modeldata!E$156 -> 0.0066666667 | AR43: =IF(AP43>0,(AQ43-AP43)/AP43,"") -> 14.606801 | AS43: =damp_eatout*LN(AP43/AQ43) -> 0 | AT43: =AS43-AS$16 -> 0 | AU43: =SUM(AO43,AT43) -> -4.8021466 | AV43: =AV42 -> -0.12376668 | AW43: =AW42+AV42 -> -4.8021466 | AY43: 27-28 | AZ43: =AZ42 -> -0.13060068 | BA43: =AZ42+BA42 -> -5.4868787 | BB43: =MAX('BATS 2023 TLFD'!Q31,0.0001) -> 0.00097703783 | BC43: =modeldata!F31/modeldata!F$156 -> 0.0066666667 | BD43: =IF(BB43>0,(BC43-BB43)/BB43,"") -> 5.8233455 | BE43: =damp_social*LN(BB43/BC43) -> 0 | BF43: =BE43-BE$16 -> 0 | BG43: =SUM(BA43,BF43) -> -5.4868787 | BH43: =BH42 -> -0.13060068 | BI43: =BI42+BH42 -> -5.4868787 | BK43: 27-28 | BL43: =BL42 -> -0.11929589 | BM43: =BL42+BM42 -> -4.4464029 | BN43: =MAX('BATS 2023 TLFD'!R31,0.0001) -> 0.00064960742 | BO43: =modeldata!G31/modeldata!G$156 -> 0.0066666667 | BP43: =IF(BN43>0,(BO43-BN43)/BN43,"") -> 9.2626085 | BQ43: =damp_discr*LN(BN43/BO43) -> 0 | BR43: =BQ43-BQ$16 -> 0 | BS43: =SUM(BM43,BR43) -> -4.4464029 | BT43: =BT42 -> -0.11929589 | BU43: =BU42+BT42 -> -4.4464029 | BW43: 27-28 | BX43: =BX42 -> -0.20447345 | BY43: =BX42+BY42 -> -7.6426782 | BZ43: =MAX('BATS 2023 TLFD'!S31,0.0001) -> 0.0001 | CA43: =modeldata!H31/modeldata!H$156 -> 0.0066666667 | CB43: =IF(BZ43>0,(CA43-BZ43)/BZ43,"") -> 65.666667 | CC43: =damp_atwork*LN(BZ43/CA43) -> 0 | CD43: =CC43-CC$16 -> 0 | CE43: =SUM(BY43,CD43) -> -7.6426782 | CF43: =CF42 -> -0.20447345 | CG43: =CG42+CF42 -> -7.6426782
... A65: =A64+1 -> 49.5 | B65: =B64+1 -> 49 | C65: 49-50 | D65: =D64 -> -0.21370826 | E65: =D64+E64 -> -12.304294 | F65: =MAX('BATS 2023 TLFD'!M53,0.0001) -> 0.00010402847 | G65: =modeldata!B53/modeldata!B$156 -> 0.0066666667 | H65: =IF(F65>0,(G65-F65)/F65,"") -> 63.085019 | I65: =damp_escort*LN(F65/G65) -> 0 | J65: =I65-I$16 -> 0 | K65: =SUM(E65,J65) -> -12.304294 | L65: =L64 -> -0.21370826 | M65: =M64+L64 -> -12.304294 | O65: 49-50 | P65: =P64 -> -0.18324871 | Q65: =P64+Q64 -> -9.7595745 | R65: =MAX('BATS 2023 TLFD'!N53,0.0001) -> 0.0001 | S65: =modeldata!C53/modeldata!C$156 -> 0.0066666667 | T65: =IF(R65>0,(S65-R65)/R65,"") -> 65.666667 | U65: =damp_shopping*LN(R65/S65) -> 0 | V65: =U65-U$16 -> 0 | W65: =SUM(Q65,V65) -> -9.7595745 | X65: =X64 -> -0.18324871 | Y65: =Y64+X64 -> -9.7595745 | AA65: 49-50 | AB65: =AB64 -> -0.10927639 | AC65: =AB64+AC64 -> -6.6246556 | AD65: =MAX('BATS 2023 TLFD'!O53,0.0001) -> 0.0001 | AE65: =modeldata!D53/modeldata!D$156 -> 0.0066666667 | AF65: =IF(AD65>0,(AE65-AD65)/AD65,"") -> 65.666667 | AG65: =damp_maint*LN(AD65/AE65) -> 0 | AH65: =AG65-AG$16 -> 0 | AI65: =SUM(AC65,AH65) -> -6.6246556 | AJ65: =AJ64 -> -0.10927639 | AK65: =AK64+AJ64 -> -6.6246556 | AM65: 49-50 | AN65: =AN64 -> -0.12376668 | AO65: =AN64+AO64 -> -7.5250135 | AP65: =MAX('BATS 2023 TLFD'!P53,0.0001) -> 0.0001 | AQ65: =modeldata!E53/modeldata!E$156 -> 0.0066666667 | AR65: =IF(AP65>0,(AQ65-AP65)/AP65,"") -> 65.666667 | AS65: =damp_eatout*LN(AP65/AQ65) -> 0 | AT65: =AS65-AS$16 -> 0 | AU65: =SUM(AO65,AT65) -> -7.5250135 | AV65: =AV64 -> -0.12376668 | AW65: =AW64+AV64 -> -7.5250135 | AY65: 49-50 | AZ65: =AZ64 -> -0.13060068 | BA65: =AZ64+BA64 -> -8.3600936 | BB65: =MAX('BATS 2023 TLFD'!Q53,0.0001) -> 0.0001 | BC65: =modeldata!F53/modeldata!F$156 -> 0.0066666667 | BD65: =IF(BB65>0,(BC65-BB65)/BB65,"") -> 65.666667 | BE65: =damp_social*LN(BB65/BC65) -> 0 | BF65: =BE65-BE$16 -> 0 | BG65: =SUM(BA65,BF65) -> -8.3600936 | BH65: =BH64 -> -0.13060068 | BI65: =BI64+BH64 -> -8.3600936 | BK65: 49-50 | BL65: =BL64 -> -0.11929589 | BM65: =BL64+BM64 -> -7.0709125 | BN65: =MAX('BATS 2023 TLFD'!R53,0.0001) -> 0.0001 | BO65: =modeldata!G53/modeldata!G$156 -> 0.0066666667 | BP65: =IF(BN65>0,(BO65-BN65)/BN65,"") -> 65.666667 | BQ65: =damp_discr*LN(BN65/BO65) -> 0 | BR65: =BQ65-BQ$16 -> 0 | BS65: =SUM(BM65,BR65) -> -7.0709125 | BT65: =BT64 -> -0.11929589 | BU65: =BU64+BT64 -> -7.0709125 | BW65: 49-50 | BX65: =BX64 -> -0.20447345 | BY65: =BX64+BY64 -> -12.141094 | BZ65: =MAX('BATS 2023 TLFD'!S53,0.0001) -> 0.0001 | CA65: =modeldata!H53/modeldata!H$156 -> 0.0066666667 | CB65: =IF(BZ65>0,(CA65-BZ65)/BZ65,"") -> 65.666667 | CC65: =damp_atwork*LN(BZ65/CA65) -> 0 | CD65: =CC65-CC$16 -> 0 | CE65: =SUM(BY65,CD65) -> -12.141094 | CF65: =CF64 -> -0.20447345 | CG65: =CG64+CF64 -> -12.141094
A66: =A65+1 -> 50.5 | B66: =B65+1 -> 50 | C66: 50+ | D66: =D65 -> -0.21370826 | E66: =D65+E65 -> -12.518002 | F66: =MAX('BATS 2023 TLFD'!M54,0.0001) -> 0.00018265416 | G66: =SUM(modeldata!B54:B153)/modeldata!B156 -> 0.66666667 | H66: =IF(F66>0,(G66-F66)/F66,"") -> 3648.8849 | I66: =damp_escort*LN(F66/G66) -> 0 | J66: =I66-I$16 -> 0 | K66: =SUM(E66,J66) -> -12.518002 | L66: =L65 -> -0.21370826 | M66: =M65+L65 -> -12.518002 | O66: 50+ | P66: =P65 -> -0.18324871 | Q66: =P65+Q65 -> -9.9428232 | R66: =MAX('BATS 2023 TLFD'!N54,0.0001) -> 0.0001 | S66: =SUM(modeldata!C54:N153)/modeldata!C156 -> 4 | T66: =IF(R66>0,(S66-R66)/R66,"") -> 39999 | U66: =damp_shopping*LN(R66/S66) -> 0 | V66: =U66-U$16 -> 0 | W66: =SUM(Q66,V66) -> -9.9428232 | X66: =X65 -> -0.18324871 | Y66: =Y65+X65 -> -9.9428232 | AA66: 50+ | AB66: =AB65 -> -0.10927639 | AC66: =AB65+AC65 -> -6.733932 | AD66: =MAX('BATS 2023 TLFD'!O54,0.0001) -> 0.00082808519 | AE66: =SUM(modeldata!D54:Z153)/modeldata!D156 -> 3.3333333 | AF66: =IF(AD66>0,(AE66-AD66)/AD66,"") -> 4024.3508 | AG66: =damp_maint*LN(AD66/AE66) -> 0 | AH66: =AG66-AG$16 -> 0 | AI66: =SUM(AC66,AH66) -> -6.733932 | AJ66: =AJ65 -> -0.10927639 | AK66: =AK65+AJ65 -> -6.733932 | AM66: 50+ | AN66: =AN65 -> -0.12376668 | AO66: =AN65+AO65 -> -7.6487802 | AP66: =MAX('BATS 2023 TLFD'!P54,0.0001) -> 0.0001 | AQ66: =SUM(modeldata!E54:AL153)/modeldata!E156 -> 2.6666667 | AR66: =IF(AP66>0,(AQ66-AP66)/AP66,"") -> 26665.667 | AS66: =damp_eatout*LN(AP66/AQ66) -> 0 | AT66: =AS66-AS$16 -> 0 | AU66: =SUM(AO66,AT66) -> -7.6487802 | AV66: =AV65 -> -0.12376668 | AW66: =AW65+AV65 -> -7.6487802 | AY66: 50+ | AZ66: =AZ65 -> -0.13060068 | BA66: =AZ65+BA65 -> -8.4906943 | BB66: =MAX('BATS 2023 TLFD'!Q54,0.0001) -> 0.0026538835 | BC66: =SUM(modeldata!F54:AX153)/modeldata!F156 -> 2 | BD66: =IF(BB66>0,(BC66-BB66)/BB66,"") -> 752.61257 | BE66: =damp_social*LN(BB66/BC66) -> 0 | BF66: =BE66-BE$16 -> 0 | BG66: =SUM(BA66,BF66) -> -8.4906943 | BH66: =BH65 -> -0.13060068 | BI66: =BI65+BH65 -> -8.4906943 | BK66: 50+ | BL66: =BL65 -> -0.11929589 | BM66: =BL65+BM65 -> -7.1902084 | BN66: =MAX('BATS 2023 TLFD'!R54,0.0001) -> 0.0021023671 | BO66: =SUM(modeldata!G54:BJ153)/modeldata!G156 -> 1.3333333 | BP66: =IF(BN66>0,(BO66-BN66)/BN66,"") -> 633.20577 | BQ66: =damp_discr*LN(BN66/BO66) -> 0 | BR66: =BQ66-BQ$16 -> 0 | BS66: =SUM(BM66,BR66) -> -7.1902084 | BT66: =BT65 -> -0.11929589 | BU66: =BU65+BT65 -> -7.1902084 | BW66: 50+ | BX66: =BX65 -> -0.20447345 | BY66: =BX65+BY65 -> -12.345568 | BZ66: =MAX('BATS 2023 TLFD'!S54,0.0001) -> 0.0001 | CA66: =SUM(modeldata!H54:BV153)/modeldata!H156 -> 0.66666667 | CB66: =IF(BZ66>0,(CA66-BZ66)/BZ66,"") -> 6665.6667 | CC66: =damp_atwork*LN(BZ66/CA66) -> 0 | CD66: =CC66-CC$16 -> 0 | CE66: =SUM(BY66,CD66) -> -12.345568 | CF66: =CF65 -> -0.20447345 | CG66: =CG65+CF65 -> -12.345568
E67: Average Tour Length | F67: ='BATS 2023 TLFD'!D59 -> 3.6495855 | G67: =modeldata!$K$4 -> 1 | Q67: Average Tour Length | R67: ='BATS 2023 TLFD'!D60 -> 4.9827682 | S67: =modeldata!$K$5 -> 1 | AC67: Average Tour Length | AD67: ='BATS 2023 TLFD'!D61 -> 5.2550902 | AE67: =modeldata!$K$6 -> 1 | AO67: Average Tour Length | AP67: ='BATS 2023 TLFD'!D62 -> 4.2330956 | AQ67: =modeldata!$K$7 -> 1 | BA67: Average Tour Length | BB67: ='BATS 2023 TLFD'!D63 -> 4.1269835 | BC67: =modeldata!$K$8 -> 1 | BM67: Average Tour Length | BN67: ='BATS 2023 TLFD'!D64 -> 5.2370744 | BO67: =modeldata!$K$9 -> 1 | BY67: Average Tour Length | BZ67: ='BATS 2023 TLFD'!D65 -> 2.5112564 | CA67: =modeldata!$K$10 -> 1

Sheet modeldata
A2: Source: | J2: Source:
A3: distbin | B3: escort | C3: shop | D3: maintenance | E3: eatout | F3: visit | G3: discretionary | H3: atwork | J3: trip_type | K3: mean_trip_length
A4: 1 | B4: 1 | C4: 1 | D4: 1 | E4: 1 | F4: 1 | G4: 1 | H4: 1 | J4: escort | K4: 1
A5: 2 | B5: 1 | C5: 1 | D5: 1 | E5: 1 | F5: 1 | G5: 1 | H5: 1 | J5: shop | K5: 1
A6: 3 | B6: 1 | C6: 1 | D6: 1 | E6: 1 | F6: 1 | G6: 1 | H6: 1 | J6: maintenance | K6: 1
A7: 4 | B7: 1 | C7: 1 | D7: 1 | E7: 1 | F7: 1 | G7: 1 | H7: 1 | J7: eatout | K7: 1
A8: 5 | B8: 1 | C8: 1 | D8: 1 | E8: 1 | F8: 1 | G8: 1 | H8: 1 | J8: visit | K8: 1
A9: 6 | B9: 1 | C9: 1 | D9: 1 | E9: 1 | F9: 1 | G9: 1 | H9: 1 | J9: discretionary | K9: 1
A10: 7 | B10: 1 | C10: 1 | D10: 1 | E10: 1 | F10: 1 | G10: 1 | H10: 1 | J10: atwork | K10: 1
A11: 8 | B11: 1 | C11: 1 | D11: 1 | E11: 1 | F11: 1 | G11: 1 | H11: 1
A12: 9 | B12: 1 | C12: 1 | D12: 1 | E12: 1 | F12: 1 | G12: 1 | H12: 1
A13: 10 | B13: 1 | C13: 1 | D13: 1 | E13: 1 | F13: 1 | G13: 1 | H13: 1
A14: 11 | B14: 1 | C14: 1 | D14: 1 | E14: 1 | F14: 1 | G14: 1 | H14: 1
A15: 12 | B15: 1 | C15: 1 | D15: 1 | E15: 1 | F15: 1 | G15: 1 | H15: 1
A16: 13 | B16: 1 | C16: 1 | D16: 1 | E16: 1 | F16: 1 | G16: 1 | H16: 1
A17: 14 | B17: 1 | C17: 1 | D17: 1 | E17: 1 | F17: 1 | G17: 1 | H17: 1
A18: 15 | B18: 1 | C18: 1 | D18: 1 | E18: 1 | F18: 1 | G18: 1 | H18: 1
A19: 16 | B19: 1 | C19: 1 | D19: 1 | E19: 1 | F19: 1 | G19: 1 | H19: 1
A20: 17 | B20: 1 | C20: 1 | D20: 1 | E20: 1 | F20: 1 | G20: 1 | H20: 1
A21: 18 | B21: 1 | C21: 1 | D21: 1 | E21: 1 | F21: 1 | G21: 1 | H21: 1
A22: 19 | B22: 1 | C22: 1 | D22: 1 | E22: 1 | F22: 1 | G22: 1 | H22: 1
... A153: 150 | B153: 1 | C153: 1 | D153: 1 | E153: 1 | F153: 1 | G153: 1 | H153: 1
A156: Total | B156: =SUM(B4:B153) -> 150 | C156: =SUM(C4:C153) -> 150 | D156: =SUM(D4:D153) -> 150 | E156: =SUM(E4:E153) -> 150 | F156: =SUM(F4:F153) -> 150 | G156: =SUM(G4:G153) -> 150 | H156: =SUM(H4:H153) -> 150

Sheet BATS 2023 TLFD
B1: Source: M:/Development/Travel Model One/Calibration/Version 1.7/2023_BATS_Summaries/pipeline_mt_20261027/ctramp_2023/BATS_Summaries/BATS2023_TLFD.csv | V1: Source: M:/Development/Travel Model One/Calibration/Version 1.7/2023_BATS_Summaries/pipeline_mt_20261027/ctramp_2023/BATS_Summaries/BATS2023_tour_tlfd_solano_napa.csv | AP1: Source: M:/Development/Travel Model One/Calibration/Version 1.7/2023_BATS_Summaries/pipeline_mt_20261027/ctramp_2023/BATS_Summaries/BATS2023_tour_tlfd_north_bay.csv
V2: BATS2023 - Solano/Napa | AP2: BATS2023 - North Bay
B3: distbin | C3: escort | D3: shop | E3: maintenance | F3: eatout | G3: visit | H3: discretionary | I3: atwork | M3: escort | N3: shop | O3: maintenance | P3: eatout | Q3: visit | R3: discretionary | S3: atwork | V3: distbin | W3: escort | X3: shop | Y3: maintenance | Z3: eatout | AA3: visit | AB3: discretionary | AC3: atwork | AG3: escort | AH3: shop | AI3: maintenance | AJ3: eatout | AK3: visit | AL3: discretionary | AM3: atwork | AP3: distbin | AQ3: escort | AR3: shop | AS3: maintenance | AT3: eatout | AU3: visit | AV3: discretionary | AW3: atwork | BA3: escort | BB3: shop | BC3: maintenance | BD3: eatout | BE3: visit | BF3: discretionary | BG3: atwork
B4: 1 | C4: 259374.69 | D4: 172665.9 | E4: 95271.332 | F4: 313120.11 | G4: 716311.8 | H4: 69626.666 | I4: 127102.58 | L4: =B4-0.5 -> 0.5 | M4: =C4/C$55 -> 0.168539 | N4: =D4/D$55 -> 0.13055948 | O4: =E4/E$55 -> 0.10740873 | P4: =F4/F$55 -> 0.28524207 | Q4: =G4/G$55 -> 0.33176409 | R4: =H4/H$55 -> 0.1863662 | S4: =I4/I$55 -> 0.37435809 | V4: 1 | W4: 16835.112 | X4: 16443.476 | Y4: 3649.8947 | Z4: 22282.349 | AA4: 59096.458 | AB4: 18850.807 | AC4: 527.19695 | AF4: =V4-0.5 -> 0.5 | AG4: =W4/W$55 -> 0.078833829 | AH4: =X4/X$55 -> 0.14761168 | AI4: =Y4/Y$55 -> 0.04888432 | AJ4: =Z4/Z$55 -> 0.18585046 | AK4: =AA4/AA$55 -> 0.27769324 | AL4: =AB4/AB$55 -> 0.43506068 | AM4: =AC4/AC$55 -> 0.021843456 | AP4: 1 | AQ4: 17701.57 | AR4: 35969.546 | AS4: 12330.119 | AT4: 23743.108 | AU4: 99579.518 | AV4: 25764.058 | AW4: 7278.1824 | AZ4: =AP4-0.5 -> 0.5 | BA4: =AQ4/AQ$55 -> 0.050682617 | BB4: =AR4/AR$55 -> 0.13540643 | BC4: =AS4/AS$55 -> 0.076683008 | BD4: =AT4/AT$55 -> 0.11950898 | BE4: =AU4/AU$55 -> 0.24832878 | BF4: =AV4/AV$55 -> 0.25111249 | BG4: =AW4/AW$55 -> 0.13409756
B5: 2 | C5: 272111.11 | D5: 317696.22 | E5: 286594.95 | F5: 194313.32 | G5: 496465.62 | H5: 82092.223 | I5: 97805.549 | L5: =B5-0.5 -> 1.5 | M5: =C5/C$55 -> 0.176815 | N5: =D5/D$55 -> 0.24022261 | O5: =E5/E$55 -> 0.32310662 | P5: =F5/F$55 -> 0.17701301 | Q5: =G5/G$55 -> 0.22994102 | R5: =H5/H$55 -> 0.21973213 | S5: =I5/I$55 -> 0.28806888 | V5: 2 | W5: 36465.163 | X5: 28506.342 | Y5: 12887.881 | Z5: 40923.958 | AA5: 56382.261 | AB5: 435.04082 | AC5: 11488.206 | AF5: =V5-0.5 -> 1.5 | AG5: =W5/W$55 -> 0.17075553 | AH5: =X5/X$55 -> 0.25589899 | AI5: =Y5/Y$55 -> 0.17261191 | AJ5: =Z5/Z$55 -> 0.34133459 | AK5: =AA5/AA$55 -> 0.26493928 | AL5: =AB5/AB$55 -> 0.010040374 | AM5: =AC5/AC$55 -> 0.47599311 | AP5: 2 | AQ5: 59422.894 | AR5: 57718.013 | AS5: 27924.949 | AT5: 58448.798 | AU5: 109874.31 | AV5: 6043.0565 | AW5: 19129.146 | AZ5: =AP5-0.5 -> 1.5 | BA5: =AQ5/AQ$55 -> 0.17013789 | BB5: =AR5/AR$55 -> 0.21727798 | BC5: =AS5/AS$55 -> 0.17366978 | BD5: =AT5/AT$55 -> 0.29419721 | BE5: =AU5/AU$55 -> 0.27400167 | BF5: =AV5/AV$55 -> 0.058899378 | BG5: =AW5/AW$55 -> 0.35244674
B6: 3 | C6: 307666.46 | D6: 230658.43 | E6: 82746.482 | F6: 189610.38 | G6: 217348.23 | H6: 71718.383 | I6: 36282.844 | L6: =B6-0.5 -> 2.5 | M6: =C6/C$55 -> 0.1999185 | N6: =D6/D$55 -> 0.17440991 | O6: =E6/E$55 -> 0.093288232 | P6: =F6/F$55 -> 0.17272879 | Q6: =G6/G$55 -> 0.10066614 | R6: =H6/H$55 -> 0.19196499 | S6: =I6/I$55 -> 0.10686467 | V6: 3 | W6: 21595.079 | X6: 19420.37 | Y6: 14650.977 | Z6: 19808.615 | AA6: 31009.99 | AB6: 315.97781 | AC6: 2605.6302 | AF6: =V6-0.5 -> 2.5 | AG6: =W6/W$55 -> 0.10112334 | AH6: =X6/X$55 -> 0.174335 | AI6: =Y6/Y$55 -> 0.19622566 | AJ6: =Z6/Z$55 -> 0.16521778 | AK6: =AA6/AA$55 -> 0.14571541 | AL6: =AB6/AB$55 -> 0.0072925006 | AM6: =AC6/AC$55 -> 0.10795959 | AP6: 3 | AQ6: 42473.56 | AR6: 42046.231 | AS6: 19237.173 | AT6: 22107.303 | AU6: 41355.015 | AV6: 21607.009 | AW6: 9081.7053 | AZ6: =AP6-0.5 -> 2.5 | BA6: =AQ6/AQ$55 -> 0.12160905 | BB6: =AR6/AR$55 -> 0.15828196 | BC6: =AS6/AS$55 -> 0.1196391 | BD6: =AT6/AT$55 -> 0.11127529 | BE6: =AU6/AU$55 -> 0.10313005 | BF6: =AV6/AV$55 -> 0.21059532 | BG6: =AW6/AW$55 -> 0.16732673
B7: 4 | C7: 217952.37 | D7: 132008 | E7: 72254.729 | F7: 100916.05 | G7: 160212.51 | H7: 24655.534 | I7: 25225.213 | L7: =B7-0.5 -> 3.5 | M7: =C7/C$55 -> 0.1416232 | N7: =D7/D$55 -> 0.099816439 | O7: =E7/E$55 -> 0.081459849 | P7: =F7/F$55 -> 0.091931183 | Q7: =G7/G$55 -> 0.074203382 | R7: =H7/H$55 -> 0.065994227 | S7: =I7/I$55 -> 0.074296385 | V7: 4 | W7: 88354.946 | X7: 14874.624 | Y7: 7752.8921 | Z7: 10889.699 | AA7: 27093.563 | AB7: 4172.2041 | AC7: 3725.0237 | AF7: =V7-0.5 -> 3.5 | AG7: =W7/W$55 -> 0.41373996 | AH7: =X7/X$55 -> 0.13352822 | AI7: =Y7/Y$55 -> 0.1038372 | AJ7: =Z7/Z$55 -> 0.090827744 | AK7: =AA7/AA$55 -> 0.12731219 | AL7: =AB7/AB$55 -> 0.096290944 | AM7: =AC7/AC$55 -> 0.15433965 | AP7: 4 | AQ7: 123011.25 | AR7: 30852.434 | AS7: 13822.803 | AT7: 14472.463 | AU7: 45939.779 | AV7: 8444.7129 | AW7: 6712.4567 | AZ7: =AP7-0.5 -> 3.5 | BA7: =AQ7/AQ$55 -> 0.35220219 | BB7: =AR7/AR$55 -> 0.1161432 | BC7: =AS7/AS$55 -> 0.085966251 | BD7: =AT7/AT$55 -> 0.07284595 | BE7: =AU7/AU$55 -> 0.11456341 | BF7: =AV7/AV$55 -> 0.082307411 | BG7: =AW7/AW$55 -> 0.12367429
B8: 5 | C8: 118954.77 | D8: 108950.2 | E8: 67023.667 | F8: 48570.892 | G8: 111050.19 | H8: 7889.4745 | I8: 14263.847 | L8: =B8-0.5 -> 4.5 | M8: =C8/C$55 -> 0.077295582 | N8: =D8/D$55 -> 0.082381529 | O8: =E8/E$55 -> 0.075562359 | P8: =F8/F$55 -> 0.044246478 | Q8: =G8/G$55 -> 0.051433561 | R8: =H8/H$55 -> 0.02111736 | S8: =I8/I$55 -> 0.042011628 | V8: 5 | W8: 8461.5629 | X8: 8549.5844 | Y8: 2989.3857 | Z8: 3984.9643 | AA8: 6664.5099 | AB8: 236.20778 | AC8: 27.540106 | AF8: =V8-0.5 -> 4.5 | AG8: =W8/W$55 -> 0.039622985 | AH8: =X8/X$55 -> 0.076748888 | AI8: =Y8/Y$55 -> 0.040037891 | AJ8: =Z8/Z$55 -> 0.033237405 | AK8: =AA8/AA$55 -> 0.031316418 | AL8: =AB8/AB$55 -> 0.0054514759 | AM8: =AC8/AC$55 -> 0.0011410747 | AP8: 5 | AQ8: 14230.592 | AR8: 18261.111 | AS8: 3531.298 | AT8: 10649.247 | AU8: 16526.625 | AV8: 2232.5339 | AW8: 2479.3698 | AZ8: =AP8-0.5 -> 4.5 | BA8: =AQ8/AQ$55 -> 0.040744615 | BB8: =AR8/AR$55 -> 0.068743484 | BC8: =AS8/AS$55 -> 0.021961715 | BD8: =AT8/AT$55 -> 0.053602109 | BE8: =AU8/AU$55 -> 0.041213663 | BF8: =AV8/AV$55 -> 0.021759661 | BG8: =AW8/AW$55 -> 0.045681382
B9: 6 | C9: 105523.48 | D9: 61351.646 | E9: 74843.311 | F9: 43027.605 | G9: 105279.62 | H9: 27483.915 | I9: 14064.428 | L9: =B9-0.5 -> 5.5 | M9: =C9/C$55 -> 0.068568068 | N9: =D9/D$55 -> 0.046390393 | O9: =E9/E$55 -> 0.084378212 | P9: =F9/F$55 -> 0.039196726 | Q9: =G9/G$55 -> 0.048760884 | R9: =H9/H$55 -> 0.073564813 | S9: =I9/I$55 -> 0.041424275 | V9: 6 | W9: 15512.218 | X9: 8039.3682 | Y9: 396.45711 | Z9: 4355.1812 | AA9: 6366.4866 | AB9: 6270.53 | AC9: 236.92787 | AF9: =V9-0.5 -> 5.5 | AG9: =W9/W$55 -> 0.072639108 | AH9: =X9/X$55 -> 0.07216872 | AI9: =Y9/Y$55 -> 0.0053098891 | AJ9: =Z9/Z$55 -> 0.036325274 | AK9: =AA9/AA$55 -> 0.029916011 | AL9: =AB9/AB$55 -> 0.14471853 | AM9: =AC9/AC$55 -> 0.0098166794 | AP9: 6 | AQ9: 19192.52 | AR9: 18178.344 | AS9: 16945.307 | AT9: 14525.07 | AU9: 19939.597 | AV9: 6365.3921 | AW9: 2605.3507 | AZ9: =AP9-0.5 -> 5.5 | BA9: =AQ9/AQ$55 -> 0.054951462 | BB9: =AR9/AR$55 -> 0.06843191 | BC9: =AS9/AS$55 -> 0.10538561 | BD9: =AT9/AT$55 -> 0.073110742 | BE9: =AU9/AU$55 -> 0.049724842 | BF9: =AV9/AV$55 -> 0.06204106 | BG9: =AW9/AW$55 -> 0.04800253
B10: 7 | C10: 54832.5 | D10: 80352.429 | E10: 41794.953 | F10: 45562.753 | G10: 51922.023 | H10: 12988.96 | I10: 3127.3187 | L10: =B10-0.5 -> 6.5 | M10: =C10/C$55 -> 0.035629593 | N10: =D10/D$55 -> 0.060757632 | O10: =E10/E$55 -> 0.047119553 | P10: =F10/F$55 -> 0.041506162 | Q10: =G10/G$55 -> 0.024047995 | R10: =H10/H$55 -> 0.034766895 | S10: =I10/I$55 -> 0.009210962 | V10: 7 | W10: 0 | X10: 1166.6322 | Y10: 545.48477 | Z10: 2220.2843 | AA10: 598.71563 | AB10: 0 | AC10: 51.118939 | AF10: =V10-0.5 -> 6.5 | AG10: =W10/W$55 -> 0 | AH10: =X10/X$55 -> 0.010472758 | AI10: =Y10/Y$55 -> 0.0073058688 | AJ10: =Z10/Z$55 -> 0.018518733 | AK10: =AA10/AA$55 -> 0.0028133545 | AL10: =AB10/AB$55 -> 0 | AM10: =AC10/AC$55 -> 0.0021180211 | AP10: 7 | AQ10: 0 | AR10: 2220.4292 | AS10: 3887.0411 | AT10: 12472.384 | AU10: 6486.0556 | AV10: 81.983597 | AW10: 78.494016 | AZ10: =AP10-0.5 -> 6.5 | BA10: =AQ10/AQ$55 -> 0 | BB10: =AR10/AR$55 -> 0.0083587487 | BC10: =AS10/AS$55 -> 0.024174138 | BD10: =AT10/AT$55 -> 0.06277872 | BE10: =AU10/AU$55 -> 0.016174755 | BF10: =AV10/AV$55 -> 0.00079906299 | BG10: =AW10/AW$55 -> 0.0014462204
B11: 8 | C11: 101770.43 | D11: 37321.016 | E11: 45055.693 | F11: 20360.775 | G11: 48291.358 | H11: 6283.5505 | I11: 5110.2228 | L11: =B11-0.5 -> 7.5 | M11: =C11/C$55 -> 0.066129374 | N11: =D11/D$55 -> 0.028219888 | O11: =E11/E$55 -> 0.050795706 | P11: =F11/F$55 -> 0.018547993 | Q11: =G11/G$55 -> 0.022366431 | R11: =H11/H$55 -> 0.016818863 | S11: =I11/I$55 -> 0.015051254 | V11: 8 | W11: 13966.541 | X11: 350.91029 | Y11: 9172.088 | Z11: 440.22733 | AA11: 933.11706 | AB11: 126.50853 | AC11: 54.22391 | AF11: =V11-0.5 -> 7.5 | AG11: =W11/W$55 -> 0.065401162 | AH11: =X11/X$55 -> 0.0031500917 | AI11: =Y11/Y$55 -> 0.12284499 | AJ11: =Z11/Z$55 -> 0.0036718056 | AK11: =AA11/AA$55 -> 0.0043847011 | AL11: =AB11/AB$55 -> 0.00291971 | AM11: =AC11/AC$55 -> 0.0022466701 | AP11: 8 | AQ11: 43789.71 | AR11: 2127.9241 | AS11: 12030.88 | AT11: 7099.0977 | AU11: 9383.5893 | AV11: 282.79932 | AW11: 136.99851 | AZ11: =AP11-0.5 -> 7.5 | BA11: =AQ11/AQ$55 -> 0.12537741 | BB11: =AR11/AR$55 -> 0.0080105158 | BC11: =AS11/AS$55 -> 0.074821994 | BD11: =AT11/AT$55 -> 0.035732723 | BE11: =AU11/AU$55 -> 0.023400548 | BF11: =AV11/AV$55 -> 0.0027563377 | BG11: =AW11/AW$55 -> 0.002524142
B12: 9 | C12: 40890.045 | D12: 34045.74 | E12: 13796.241 | F12: 28581.624 | G12: 65962.495 | H12: 7778.9529 | I12: 1105.0604 | L12: =B12-0.5 -> 8.5 | M12: =C12/C$55 -> 0.02656993 | N12: =D12/D$55 -> 0.025743323 | O12: =E12/E$55 -> 0.015553856 | P12: =F12/F$55 -> 0.026036915 | Q12: =G12/G$55 -> 0.030550924 | R12: =H12/H$55 -> 0.020821532 | S12: =I12/I$55 -> 0.0032547593 | V12: 9 | W12: 4166.6689 | X12: 112.13871 | Y12: 2108.7523 | Z12: 7072.4102 | AA12: 17145.464 | AB12: 143.82524 | AC12: 91.21277 | AF12: =V12-0.5 -> 8.5 | AG12: =W12/W$55 -> 0.019511272 | AH12: =X12/X$55 -> 0.0010066596 | AI12: =Y12/Y$55 -> 0.028243258 | AJ12: =Z12/Z$55 -> 0.058988875 | AK12: =AA12/AA$55 -> 0.080566241 | AL12: =AB12/AB$55 -> 0.003319365 | AM12: =AC12/AC$55 -> 0.0037792368 | AP12: 9 | AQ12: 17065.715 | AR12: 22823.014 | AS12: 2749.1167 | AT12: 12550.23 | AU12: 25739.927 | AV12: 4475.0227 | AW12: 138.78996 | AZ12: =AP12-0.5 -> 8.5 | BA12: =AQ12/AQ$55 -> 0.048862056 | BB12: =AR12/AR$55 -> 0.085916653 | BC12: =AS12/AS$55 -> 0.017097202 | BD12: =AT12/AT$55 -> 0.063170546 | BE12: =AU12/AU$55 -> 0.064189553 | BF12: =AV12/AV$55 -> 0.043616347 | BG12: =AW12/AW$55 -> 0.0025571486
B13: 10 | C13: 2529.7286 | D13: 15953.82 | E13: 22276.435 | F13: 16491.359 | G13: 14864.285 | H13: 5666.8996 | I13: 4382.1938 | L13: =B13-0.5 -> 9.5 | M13: =C13/C$55 -> 0.0016437916 | N13: =D13/D$55 -> 0.01206331 | O13: =E13/E$55 -> 0.025114412 | P13: =F13/F$55 -> 0.015023083 | Q13: =G13/G$55 -> 0.0068844825 | R13: =H13/H$55 -> 0.015168305 | S13: =I13/I$55 -> 0.012906974 | V13: 10 | W13: 1136.8807 | X13: 26.96226 | Y13: 10601.447 | Z13: 0 | AA13: 212.60337 | AB13: 0 | AC13: 0 | AF13: =V13-0.5 -> 9.5 | AG13: =W13/W$55 -> 0.0053236746 | AH13: =X13/X$55 -> 0.0002420379 | AI13: =Y13/Y$55 -> 0.14198889 | AJ13: =Z13/Z$55 -> 0 | AK13: =AA13/AA$55 -> 0.00099901958 | AL13: =AB13/AB$55 -> 0 | AM13: =AC13/AC$55 -> 0 | AP13: 10 | AQ13: 1136.8807 | AR13: 1911.2087 | AS13: 13650.104 | AT13: 379.01185 | AU13: 2080.9873 | AV13: 71.994961 | AW13: 65.208047 | AZ13: =AP13-0.5 -> 9.5 | BA13: =AQ13/AQ$55 -> 0.0032550836 | BB13: =AR13/AR$55 -> 0.0071946963 | BC13: =AS13/AS$55 -> 0.084892206 | BD13: =AT13/AT$55 -> 0.0019077249 | BE13: =AU13/AU$55 -> 0.0051895113 | BF13: =AV13/AV$55 -> 0.00070170755 | BG13: =AW13/AW$55 -> 0.0012014318
B14: 11 | C14: 11440.263 | D14: 19081.979 | E14: 5417.4056 | F14: 5007.445 | G14: 15970.204 | H14: 848.28394 | I14: 574.96478 | L14: =B14-0.5 -> 10.5 | M14: =C14/C$55 -> 0.0074337647 | N14: =D14/D$55 -> 0.014428635 | O14: =E14/E$55 -> 0.0061075732 | P14: =F14/F$55 -> 0.0045616169 | Q14: =G14/G$55 -> 0.0073966957 | R14: =H14/H$55 -> 0.002270559 | S14: =I14/I$55 -> 0.0016934567 | V14: 11 | W14: 163.47177 | X14: 1466.3344 | Y14: 352.72083 | Z14: 0 | AA14: 821.63861 | AB14: 0 | AC14: 0 | AF14: =V14-0.5 -> 10.5 | AG14: =W14/W$55 -> 0.00076548972 | AH14: =X14/X$55 -> 0.013163158 | AI14: =Y14/Y$55 -> 0.0047241138 | AJ14: =Z14/Z$55 -> 0 | AK14: =AA14/AA$55 -> 0.0038608658 | AL14: =AB14/AB$55 -> 0 | AM14: =AC14/AC$55 -> 0 | AP14: 11 | AQ14: 163.47177 | AR14: 5106.8535 | AS14: 459.48633 | AT14: 1733.467 | AU14: 2910.3788 | AV14: 0 | AW14: 0 | AZ14: =AP14-0.5 -> 10.5 | BA14: =AQ14/AQ$55 -> 0.00046804758 | BB14: =AR14/AR$55 -> 0.019224619 | BC14: =AS14/AS$55 -> 0.0028576199 | BD14: =AT14/AT$55 -> 0.0087252631 | BE14: =AU14/AU$55 -> 0.0072578261 | BF14: =AV14/AV$55 -> 0 | BG14: =AW14/AW$55 -> 0
B15: 12 | C15: 2942.0792 | D15: 6682.6862 | E15: 5641.4321 | F15: 9441.2517 | G15: 6849.8207 | H15: 6252.373 | I15: 305.77662 | L15: =B15-0.5 -> 11.5 | M15: =C15/C$55 -> 0.0019117328 | N15: =D15/D$55 -> 0.0050530418 | O15: =E15/E$55 -> 0.0063601402 | P15: =F15/F$55 -> 0.0086006683 | Q15: =G15/G$55 -> 0.0031725354 | R15: =H15/H$55 -> 0.016735412 | S15: =I15/I$55 -> 0.00090061074 | V15: 12 | W15: 0 | X15: 27.625818 | Y15: 152.56665 | Z15: 25.613647 | AA15: 102.35865 | AB15: 2168.084 | AC15: 0 | AF15: =V15-0.5 -> 11.5 | AG15: =W15/W$55 -> 0 | AH15: =X15/X$55 -> 0.0002479946 | AI15: =Y15/Y$55 -> 0.0020433786 | AJ15: =Z15/Z$55 -> 0.00021363583 | AK15: =AA15/AA$55 -> 0.00048098153 | AL15: =AB15/AB$55 -> 0.050037545 | AM15: =AC15/AC$55 -> 0 | AP15: 12 | AQ15: 0 | AR15: 281.93175 | AS15: 284.37726 | AT15: 1857.333 | AU15: 534.84056 | AV15: 2925.0916 | AW15: 27.375077 | AZ15: =AP15-0.5 -> 11.5 | BA15: =AQ15/AQ$55 -> 0 | BB15: =AR15/AR$55 -> 0.0010613249 | BC15: =AS15/AS$55 -> 0.0017685883 | BD15: =AT15/AT$55 -> 0.0093487325 | BE15: =AU15/AU$55 -> 0.0013337713 | BF15: =AV15/AV$55 -> 0.028509758 | BG15: =AW15/AW$55 -> 0.00050437469
... B54: 51 | C54: 281.09735 | D54: 0 | E54: 734.50996 | F54: 0 | G54: 5729.9995 | H54: 785.44723 | I54: 0 | L54: =B54-0.5 -> 50.5 | M54: =C54/C$55 -> 0.00018265416 | N54: =D54/D$55 -> 0 | O54: =E54/E$55 -> 0.00082808519 | P54: =F54/F$55 -> 0 | Q54: =G54/G$55 -> 0.0026538835 | R54: =H54/H$55 -> 0.0021023671 | S54: =I54/I$55 -> 0 | V54: 51 | W54: 0 | X54: 0 | Y54: 83.529289 | Z54: 0 | AA54: 0 | AB54: 0 | AC54: 0 | AF54: =V54-0.5 -> 50.5 | AG54: =W54/W$55 -> 0 | AH54: =X54/X$55 -> 0 | AI54: =Y54/Y$55 -> 0.001118737 | AJ54: =Z54/Z$55 -> 0 | AK54: =AA54/AA$55 -> 0 | AL54: =AB54/AB$55 -> 0 | AM54: =AC54/AC$55 -> 0 | AP54: 51 | AQ54: 0 | AR54: 0 | AS54: 83.529289 | AT54: 0 | AU54: 0 | AV54: 0 | AW54: 0 | AZ54: =AP54-0.5 -> 50.5 | BA54: =AQ54/AQ$55 -> 0 | BB54: =AR54/AR$55 -> 0 | BC54: =AS54/AS$55 -> 0.00051948218 | BD54: =AT54/AT$55 -> 0 | BE54: =AU54/AU$55 -> 0 | BF54: =AV54/AV$55 -> 0 | BG54: =AW54/AW$55 -> 0
C55: =SUM(C4:C54) -> 1538959.5 | D55: =SUM(D4:D54) -> 1322507.6 | E55: =SUM(E4:E54) -> 886998.07 | F55: =SUM(F4:F54) -> 1097734.7 | G55: =SUM(G4:G54) -> 2159099.8 | H55: =SUM(H4:H54) -> 373601.37 | I55: =SUM(I4:I54) -> 339521.4 | M55: =SUM(M4:M54) -> 1 | N55: =SUM(N4:N54) -> 1 | O55: =SUM(O4:O54) -> 1 | P55: =SUM(P4:P54) -> 1 | Q55: =SUM(Q4:Q54) -> 1 | R55: =SUM(R4:R54) -> 1 | S55: =SUM(S4:S54) -> 1 | W55: =SUM(W4:W54) -> 213551.88 | X55: =SUM(X4:X54) -> 111396.85 | Y55: =SUM(Y4:Y54) -> 74663.916 | Z55: =SUM(Z4:Z54) -> 119893.97 | AA55: =SUM(AA4:AA54) -> 212812.01 | AB55: =SUM(AB4:AB54) -> 43329.144 | AC55: =SUM(AC4:AC54) -> 24135.235 | AG55: =SUM(AG4:AG54) -> 1 | AH55: =SUM(AH4:AH54) -> 1 | AI55: =SUM(AI4:AI54) -> 1 | AJ55: =SUM(AJ4:AJ54) -> 1 | AK55: =SUM(AK4:AK54) -> 1 | AL55: =SUM(AL4:AL54) -> 1 | AM55: =SUM(AM4:AM54) -> 1 | AQ55: =SUM(AQ4:AQ54) -> 349263.14 | AR55: =SUM(AR4:AR54) -> 265641.33 | AS55: =SUM(AS4:AS54) -> 160793.37 | AT55: =SUM(AT4:AT54) -> 198672.17 | AU55: =SUM(AU4:AU54) -> 400998.7 | AV55: =SUM(AV4:AV54) -> 102599.67 | AW55: =SUM(AW4:AW54) -> 54275.28
C57: Source: M:/Development/Travel Model One/Calibration/Version 1.7/2023_BATS_Summaries/pipeline_mt_20261027/ctramp_2023/BATS_Summaries/BATS2023_avgtourlen.csv | W57: Source: M:/Development/Travel Model One/Calibration/Version 1.7/2023_BATS_Summaries/pipeline_mt_20261027/ctramp_2023/BATS_Summaries/BATS2023_avg_tour_lengths_solano_napa.csv | AQ57: Source: M:/Development/Travel Model One/Calibration/Version 1.7/2023_BATS_Summaries/pipeline_mt_20261027/ctramp_2023/BATS_Summaries/BATS2023_avg_tour_lengths_north_bay.csv
C58: tour_type | D58: mean_tour_length | W58: tour_type | X58: mean_tour_length | AQ58: tour_type | AR58: mean_tour_length
C59: escort | D59: 3.6495855 | W59: escort | X59: 4.0041311 | AQ59: escort | AR59: 4.4333925
C60: shop | D60: 4.9827682 | W60: shop | X60: 5.6428006 | AQ60: shop | AR60: 5.9622003
C61: maintenance | D61: 5.2550902 | W61: maintenance | X61: 10.148935 | AQ61: maintenance | AR61: 9.895368
C62: eatout | D62: 4.2330956 | W62: eatout | X62: 4.6293756 | AQ62: eatout | AR62: 5.9080557
C63: visit | D63: 4.1269835 | W63: visit | X63: 3.5368541 | AQ63: visit | AR63: 4.9457257
C64: discretionary | D64: 5.2370744 | W64: discretionary | X64: 8.6487198 | AQ64: discretionary | AR64: 6.8882009
C65: atwork | D65: 2.5112564 | W65: atwork | X65: 7.6351749 | AQ65: atwork | AR65: 4.9405305
