Workbook
Name atwork_damp: calibration_simplemodes!$AW$78
Name atwork_new: calibration_simplemodes!$BC$79
Name eatout_c_ivt: constants!$Y$1
Name escort_c_ivt: constants!$Q$1
Name indivdisc_damp: calibration_simplemodes!$AW$63
Name indivdisc_new: calibration_simplemodes!$BC$64
Name indivmaint_damp: calibration_simplemodes!$AW$48
Name indivmaint_new: calibration_simplemodes!$BC$49
Name joint_damp: calibration_simplemodes!$AW$93
Name joint_existing: constants!$C$30
Name joint_new: calibration_simplemodes!$BC$94
Name model_trn_tours: modeldata!$S:$Y
Name othdisc_existing: constants!$AI$3
Name othdiscr_c_ivt: constants!$AK$1
Name othmaint_c_ivt: constants!$AC$1
Name school_c_ivt: constants!$M$1
Name school_damp: calibration_simplemodes!$AW$33
Name school_existing: constants!$K$3
Name school_new: calibration_simplemodes!$BC$34
Name shopping_c_ivt: constants!$U$1
Name shopping_existing: constants!$S$3
Name simple_purposes: model_lookup!$A$23:$B$30
Name social_c_ivt: constants!$AG$1
Name sub_atwork_damp: calibration_trnsubmodes!$AK$68
Name sub_indivdisc_damp: calibration_trnsubmodes!$AK$55
Name sub_indivmaint_damp: calibration_trnsubmodes!$AK$42
Name sub_school_damp: calibration_trnsubmodes!$AK$29
Name sub_university_damp: calibration_trnsubmodes!$AK$16
Name sub_work_damp: calibration_trnsubmodes!$AK$3
Name taxi_scale: calibration_simplemodes!$F$122
Name taxi_share: calibration_simplemodes!$D$122
Name taxi_trips_per_tour: targets!#REF!
Name tnc_shared_share: calibration_simplemodes!$D$124
Name tnc_single_share: calibration_simplemodes!$D$123
Name tour_modes: model_lookup!$D$1:$F$22
Name tour_purposes: model_lookup!$A$1:$B$18
Name trn_modes: model_lookup!$A$33:$B$40
Name university_c_ivt: constants!$I$1
Name university_damp: calibration_simplemodes!$AW$18
Name university_existing: constants!$G$3
Name university_new: calibration_simplemodes!$BC$19
Name work_c_ivt: constants!$E$1
Name work_damp: calibration_simplemodes!$AW$3
Name work_existing: constants!$C$3
Name work_new: calibration_simplemodes!$BC$4
Name workbased_c_ivt: constants!$AO$1
Name workbased_existing: constants!$AM$3

Sheet DistrictTransitTourFlows
D1: Onboard Survey Counts | AP1: Row Percent | CB1: Column Percent
E2: Destination District | AQ2: Destination District | CC2: Destination District
A3: OBS trip Flows in Tour format ( home end is origin) | E3: Greater Downtown San Francisco | F3: San Francisco Richmond District | G3: San Francisco Mission District | H3: San Francisco Sunset District | I3: Daly City and San Bruno | J3: San Mateo and Burlingame | K3: Redwood City and Menlo Park | L3: Palo Alto and Los Altos | M3: Sunnyvale and Mountain View | N3: Cupertino and Saratoga | O3: Central San Jose | P3: Milpitas and East San Jose | Q3: South San Jose | R3: Gilroy and Morgan Hill | S3: Livermore and Pleasanton | T3: Fremont and Union City | U3: Hayward and San Leandro | V3: Oakland and Alameda | W3: Berkeley and Albany | X3: Richmond and El Cerrito | Y3: Concord and Martinez | Z3: Walnut Creek | AA3: Danville and San Ramon | AB3: Antioch and Pittsburg | AC3: Vallejo and Benicia | AD3: Fairfield and Vacaville | AE3: Napa | AF3: St Helena | AG3: Petaluma and Rohnert Park | AH3: Santa Rosa and Sebastopol | AI3: Healdsburg and Cloverdale | AJ3: Novato | AK3: San Rafael | AL3: Mill Valley and Sausalito | AM3: Total | AQ3: Greater Downtown San Francisco | AR3: San Francisco Richmond District | AS3: San Francisco Mission District | AT3: San Francisco Sunset District | AU3: Daly City and San Bruno | AV3: San Mateo and Burlingame | AW3: Redwood City and Menlo Park | AX3: Palo Alto and Los Altos | AY3: Sunnyvale and Mountain View | AZ3: Cupertino and Saratoga | BA3: Central San Jose | BB3: Milpitas and East San Jose | BC3: South San Jose | BD3: Gilroy and Morgan Hill | BE3: Livermore and Pleasanton | BF3: Fremont and Union City | BG3: Hayward and San Leandro | BH3: Oakland and Alameda | BI3: Berkeley and Albany | BJ3: Richmond and El Cerrito | BK3: Concord and Martinez | BL3: Walnut Creek | BM3: Danville and San Ramon | BN3: Antioch and Pittsburg | BO3: Vallejo and Benicia | BP3: Fairfield and Vacaville | BQ3: Napa | BR3: St Helena | BS3: Petaluma and Rohnert Park | BT3: Santa Rosa and Sebastopol | BU3: Healdsburg and Cloverdale | BV3: Novato | BW3: San Rafael | BX3: Mill Valley and Sausalito | BY3: Total | CC3: Greater Downtown San Francisco | CD3: San Francisco Richmond District | CE3: San Francisco Mission District | CF3: San Francisco Sunset District | CG3: Daly City and San Bruno | CH3: San Mateo and Burlingame | CI3: Redwood City and Menlo Park | CJ3: Palo Alto and Los Altos | CK3: Sunnyvale and Mountain View | CL3: Cupertino and Saratoga | CM3: Central San Jose | CN3: Milpitas and East San Jose | CO3: South San Jose | CP3: Gilroy and Morgan Hill | CQ3: Livermore and Pleasanton | CR3: Fremont and Union City | CS3: Hayward and San Leandro | CT3: Oakland and Alameda | CU3: Berkeley and Albany | CV3: Richmond and El Cerrito | CW3: Concord and Martinez | CX3: Walnut Creek | CY3: Danville and San Ramon | CZ3: Antioch and Pittsburg | DA3: Vallejo and Benicia | DB3: Fairfield and Vacaville | DC3: Napa | DD3: St Helena | DE3: Petaluma and Rohnert Park | DF3: Santa Rosa and Sebastopol | DG3: Healdsburg and Cloverdale | DH3: Novato | DI3: San Rafael | DJ3: Mill Valley and Sausalito | DK3: Total
C4: Origin District | D4: Greater Downtown San Francisco | E4: =IFERROR(VLOOKUP(CONCATENATE($A$15,"-",$A$12, "-", $D4, "-", E$3, "-", $A$9),OBS_District_Flows!$A:$K, 6,FALSE),0) -> 0 | F4: =IFERROR(VLOOKUP(CONCATENATE($A$15,"-",$A$12, "-", $D4, "-", F$3, "-", $A$9),OBS_District_Flows!$A:$K, 6,FALSE),0) -> 0 | G4: =IFERROR(VLOOKUP(CONCATENATE($A$15,"-",$A$12, "-", $D4, "-", G$3, "-", $A$9),OBS_District_Flows!$A:$K, 6,FALSE),0) -> 0 | H4: =IFERROR(VLOOKUP(CONCATENATE($A$15,"-",$A$12, "-", $D4, "-", H$3, "-", $A$9),OBS_District_Flows!$A:$K, 6,FALSE),0) -> 0 | I4: =IFERROR(VLOOKUP(CONCATENATE($A$15,"-",$A$12, "-", $D4, "-", I$3, "-", $A$9),OBS_District_Flows!$A:$K, 6,FALSE),0) -> 0 | J4: =IFERROR(VLOOKUP(CONCATENATE($A$15,"-",$A$12, "-", $D4, "-", J$3, "-", $A$9),OBS_District_Flows!$A:$K, 6,FALSE),0) -> 0 | K4: =IFERROR(VLOOKUP(CONCATENATE($A$15,"-",$A$12, "-", $D4, "-", K$3, "-", $A$9),OBS_District_Flows!$A:$K, 6,FALSE),0) -> 0 | L4: =IFERROR(VLOOKUP(CONCATENATE($A$15,"-",$A$12, "-", $D4, "-", L$3, "-", $A$9),OBS_District_Flows!$A:$K, 6,FALSE),0) -> 0 | ... AL4: =IFERROR(VLOOKUP(CONCATENATE($A$15,"-",$A$12, "-", $D4, "-", AL$3, "-", $A$9),OBS_District_Flows!$A:$K, 6,FALSE),0) -> 0 | AM4: =SUM(E4:AL4) -> 0 | AO4: Origin District | AP4: Greater Downtown San Francisco | AQ4: =IF($AM4>0,E4/$AM4, "") | AR4: =IF($AM4>0,F4/$AM4, "") | AS4: =IF($AM4>0,G4/$AM4, "") | AT4: =IF($AM4>0,H4/$AM4, "") | AU4: =IF($AM4>0,I4/$AM4, "") | AV4: =IF($AM4>0,J4/$AM4, "") | AW4: =IF($AM4>0,K4/$AM4, "") | AX4: =IF($AM4>0,L4/$AM4, "") | ... BY4: =IF($AM4>0,AM4/$AM4, "") | CA4: Origin District | CB4: Greater Downtown San Francisco | CC4: =IF(E$38>0, E4/E$38, "") | CD4: =IF(F$38>0, F4/F$38, "") | CE4: =IF(G$38>0, G4/G$38, "") | CF4: =IF(H$38>0, H4/H$38, "") | CG4: =IF(I$38>0, I4/I$38, "") | CH4: =IF(J$38>0, J4/J$38, "") | CI4: =IF(K$38>0, K4/K$38, "") | CJ4: =IF(L$38>0, L4/L$38, "") | ... DK4: =IF(AM$38>0, AM4/AM$38, "")
A5: Select Purpose | D5: San Francisco Richmond District | E5: =IFERROR(VLOOKUP(CONCATENATE($A$15,"-",$A$12, "-", $D5, "-", E$3, "-", $A$9),OBS_District_Flows!$A:$K, 6,FALSE),0) -> 0 | F5: =IFERROR(VLOOKUP(CONCATENATE($A$15,"-",$A$12, "-", $D5, "-", F$3, "-", $A$9),OBS_District_Flows!$A:$K, 6,FALSE),0) -> 0 | G5: =IFERROR(VLOOKUP(CONCATENATE($A$15,"-",$A$12, "-", $D5, "-", G$3, "-", $A$9),OBS_District_Flows!$A:$K, 6,FALSE),0) -> 0 | H5: =IFERROR(VLOOKUP(CONCATENATE($A$15,"-",$A$12, "-", $D5, "-", H$3, "-", $A$9),OBS_District_Flows!$A:$K, 6,FALSE),0) -> 0 | I5: =IFERROR(VLOOKUP(CONCATENATE($A$15,"-",$A$12, "-", $D5, "-", I$3, "-", $A$9),OBS_District_Flows!$A:$K, 6,FALSE),0) -> 0 | J5: =IFERROR(VLOOKUP(CONCATENATE($A$15,"-",$A$12, "-", $D5, "-", J$3, "-", $A$9),OBS_District_Flows!$A:$K, 6,FALSE),0) -> 0 | K5: =IFERROR(VLOOKUP(CONCATENATE($A$15,"-",$A$12, "-", $D5, "-", K$3, "-", $A$9),OBS_District_Flows!$A:$K, 6,FALSE),0) -> 0 | L5: =IFERROR(VLOOKUP(CONCATENATE($A$15,"-",$A$12, "-", $D5, "-", L$3, "-", $A$9),OBS_District_Flows!$A:$K, 6,FALSE),0) -> 0 | ... AL5: =IFERROR(VLOOKUP(CONCATENATE($A$15,"-",$A$12, "-", $D5, "-", AL$3, "-", $A$9),OBS_District_Flows!$A:$K, 6,FALSE),0) -> 0 | AM5: =SUM(E5:AL5) -> 0 | AP5: San Francisco Richmond District | AQ5: =IF($AM5>0,E5/$AM5, "") | AR5: =IF($AM5>0,F5/$AM5, "") | AS5: =IF($AM5>0,G5/$AM5, "") | AT5: =IF($AM5>0,H5/$AM5, "") | AU5: =IF($AM5>0,I5/$AM5, "") | AV5: =IF($AM5>0,J5/$AM5, "") | AW5: =IF($AM5>0,K5/$AM5, "") | AX5: =IF($AM5>0,L5/$AM5, "") | ... BY5: =IF($AM5>0,AM5/$AM5, "") | CB5: San Francisco Richmond District | CC5: =IF(E$38>0, E5/E$38, "") | CD5: =IF(F$38>0, F5/F$38, "") | CE5: =IF(G$38>0, G5/G$38, "") | CF5: =IF(H$38>0, H5/H$38, "") | CG5: =IF(I$38>0, I5/I$38, "") | CH5: =IF(J$38>0, J5/J$38, "") | CI5: =IF(K$38>0, K5/K$38, "") | CJ5: =IF(L$38>0, L5/L$38, "") | ... DK5: =IF(AM$38>0, AM5/AM$38, "")
A6: Total | D6: San Francisco Mission District | E6: =IFERROR(VLOOKUP(CONCATENATE($A$15,"-",$A$12, "-", $D6, "-", E$3, "-", $A$9),OBS_District_Flows!$A:$K, 6,FALSE),0) -> 0 | F6: =IFERROR(VLOOKUP(CONCATENATE($A$15,"-",$A$12, "-", $D6, "-", F$3, "-", $A$9),OBS_District_Flows!$A:$K, 6,FALSE),0) -> 0 | G6: =IFERROR(VLOOKUP(CONCATENATE($A$15,"-",$A$12, "-", $D6, "-", G$3, "-", $A$9),OBS_District_Flows!$A:$K, 6,FALSE),0) -> 0 | H6: =IFERROR(VLOOKUP(CONCATENATE($A$15,"-",$A$12, "-", $D6, "-", H$3, "-", $A$9),OBS_District_Flows!$A:$K, 6,FALSE),0) -> 0 | I6: =IFERROR(VLOOKUP(CONCATENATE($A$15,"-",$A$12, "-", $D6, "-", I$3, "-", $A$9),OBS_District_Flows!$A:$K, 6,FALSE),0) -> 0 | J6: =IFERROR(VLOOKUP(CONCATENATE($A$15,"-",$A$12, "-", $D6, "-", J$3, "-", $A$9),OBS_District_Flows!$A:$K, 6,FALSE),0) -> 0 | K6: =IFERROR(VLOOKUP(CONCATENATE($A$15,"-",$A$12, "-", $D6, "-", K$3, "-", $A$9),OBS_District_Flows!$A:$K, 6,FALSE),0) -> 0 | L6: =IFERROR(VLOOKUP(CONCATENATE($A$15,"-",$A$12, "-", $D6, "-", L$3, "-", $A$9),OBS_District_Flows!$A:$K, 6,FALSE),0) -> 0 | ... AL6: =IFERROR(VLOOKUP(CONCATENATE($A$15,"-",$A$12, "-", $D6, "-", AL$3, "-", $A$9),OBS_District_Flows!$A:$K, 6,FALSE),0) -> 0 | AM6: =SUM(E6:AL6) -> 0 | AP6: San Francisco Mission District | AQ6: =IF($AM6>0,E6/$AM6, "") | AR6: =IF($AM6>0,F6/$AM6, "") | AS6: =IF($AM6>0,G6/$AM6, "") | AT6: =IF($AM6>0,H6/$AM6, "") | AU6: =IF($AM6>0,I6/$AM6, "") | AV6: =IF($AM6>0,J6/$AM6, "") | AW6: =IF($AM6>0,K6/$AM6, "") | AX6: =IF($AM6>0,L6/$AM6, "") | ... BY6: =IF($AM6>0,AM6/$AM6, "") | CB6: San Francisco Mission District | CC6: =IF(E$38>0, E6/E$38, "") | CD6: =IF(F$38>0, F6/F$38, "") | CE6: =IF(G$38>0, G6/G$38, "") | CF6: =IF(H$38>0, H6/H$38, "") | CG6: =IF(I$38>0, I6/I$38, "") | CH6: =IF(J$38>0, J6/J$38, "") | CI6: =IF(K$38>0, K6/K$38, "") | CJ6: =IF(L$38>0, L6/L$38, "") | ... DK6: =IF(AM$38>0, AM6/AM$38, "")
D7: San Francisco Sunset District | E7: =IFERROR(VLOOKUP(CONCATENATE($A$15,"-",$A$12, "-", $D7, "-", E$3, "-", $A$9),OBS_District_Flows!$A:$K, 6,FALSE),0) -> 0 | F7: =IFERROR(VLOOKUP(CONCATENATE($A$15,"-",$A$12, "-", $D7, "-", F$3, "-", $A$9),OBS_District_Flows!$A:$K, 6,FALSE),0) -> 0 | G7: =IFERROR(VLOOKUP(CONCATENATE($A$15,"-",$A$12, "-", $D7, "-", G$3, "-", $A$9),OBS_District_Flows!$A:$K, 6,FALSE),0) -> 0 | H7: =IFERROR(VLOOKUP(CONCATENATE($A$15,"-",$A$12, "-", $D7, "-", H$3, "-", $A$9),OBS_District_Flows!$A:$K, 6,FALSE),0) -> 0 | I7: =IFERROR(VLOOKUP(CONCATENATE($A$15,"-",$A$12, "-", $D7, "-", I$3, "-", $A$9),OBS_District_Flows!$A:$K, 6,FALSE),0) -> 0 | J7: =IFERROR(VLOOKUP(CONCATENATE($A$15,"-",$A$12, "-", $D7, "-", J$3, "-", $A$9),OBS_District_Flows!$A:$K, 6,FALSE),0) -> 0 | K7: =IFERROR(VLOOKUP(CONCATENATE($A$15,"-",$A$12, "-", $D7, "-", K$3, "-", $A$9),OBS_District_Flows!$A:$K, 6,FALSE),0) -> 0 | L7: =IFERROR(VLOOKUP(CONCATENATE($A$15,"-",$A$12, "-", $D7, "-", L$3, "-", $A$9),OBS_District_Flows!$A:$K, 6,FALSE),0) -> 0 | ... AL7: =IFERROR(VLOOKUP(CONCATENATE($A$15,"-",$A$12, "-", $D7, "-", AL$3, "-", $A$9),OBS_District_Flows!$A:$K, 6,FALSE),0) -> 0 | AM7: =SUM(E7:AL7) -> 0 | AP7: San Francisco Sunset District | AQ7: =IF($AM7>0,E7/$AM7, "") | AR7: =IF($AM7>0,F7/$AM7, "") | AS7: =IF($AM7>0,G7/$AM7, "") | AT7: =IF($AM7>0,H7/$AM7, "") | AU7: =IF($AM7>0,I7/$AM7, "") | AV7: =IF($AM7>0,J7/$AM7, "") | AW7: =IF($AM7>0,K7/$AM7, "") | AX7: =IF($AM7>0,L7/$AM7, "") | ... BY7: =IF($AM7>0,AM7/$AM7, "") | CB7: San Francisco Sunset District | CC7: =IF(E$38>0, E7/E$38, "") | CD7: =IF(F$38>0, F7/F$38, "") | CE7: =IF(G$38>0, G7/G$38, "") | CF7: =IF(H$38>0, H7/H$38, "") | CG7: =IF(I$38>0, I7/I$38, "") | CH7: =IF(J$38>0, J7/J$38, "") | CI7: =IF(K$38>0, K7/K$38, "") | CJ7: =IF(L$38>0, L7/L$38, "") | ... DK7: =IF(AM$38>0, AM7/AM$38, "")
A8: Purpose ID | D8: Daly City and San Bruno | E8: =IFERROR(VLOOKUP(CONCATENATE($A$15,"-",$A$12, "-", $D8, "-", E$3, "-", $A$9),OBS_District_Flows!$A:$K, 6,FALSE),0) -> 0 | F8: =IFERROR(VLOOKUP(CONCATENATE($A$15,"-",$A$12, "-", $D8, "-", F$3, "-", $A$9),OBS_District_Flows!$A:$K, 6,FALSE),0) -> 0 | G8: =IFERROR(VLOOKUP(CONCATENATE($A$15,"-",$A$12, "-", $D8, "-", G$3, "-", $A$9),OBS_District_Flows!$A:$K, 6,FALSE),0) -> 0 | H8: =IFERROR(VLOOKUP(CONCATENATE($A$15,"-",$A$12, "-", $D8, "-", H$3, "-", $A$9),OBS_District_Flows!$A:$K, 6,FALSE),0) -> 0 | I8: =IFERROR(VLOOKUP(CONCATENATE($A$15,"-",$A$12, "-", $D8, "-", I$3, "-", $A$9),OBS_District_Flows!$A:$K, 6,FALSE),0) -> 0 | J8: =IFERROR(VLOOKUP(CONCATENATE($A$15,"-",$A$12, "-", $D8, "-", J$3, "-", $A$9),OBS_District_Flows!$A:$K, 6,FALSE),0) -> 0 | K8: =IFERROR(VLOOKUP(CONCATENATE($A$15,"-",$A$12, "-", $D8, "-", K$3, "-", $A$9),OBS_District_Flows!$A:$K, 6,FALSE),0) -> 0 | L8: =IFERROR(VLOOKUP(CONCATENATE($A$15,"-",$A$12, "-", $D8, "-", L$3, "-", $A$9),OBS_District_Flows!$A:$K, 6,FALSE),0) -> 0 | ... AL8: =IFERROR(VLOOKUP(CONCATENATE($A$15,"-",$A$12, "-", $D8, "-", AL$3, "-", $A$9),OBS_District_Flows!$A:$K, 6,FALSE),0) -> 0 | AM8: =SUM(E8:AL8) -> 0 | AP8: Daly City and San Bruno | AQ8: =IF($AM8>0,E8/$AM8, "") | AR8: =IF($AM8>0,F8/$AM8, "") | AS8: =IF($AM8>0,G8/$AM8, "") | AT8: =IF($AM8>0,H8/$AM8, "") | AU8: =IF($AM8>0,I8/$AM8, "") | AV8: =IF($AM8>0,J8/$AM8, "") | AW8: =IF($AM8>0,K8/$AM8, "") | AX8: =IF($AM8>0,L8/$AM8, "") | ... BY8: =IF($AM8>0,AM8/$AM8, "") | CB8: Daly City and San Bruno | CC8: =IF(E$38>0, E8/E$38, "") | CD8: =IF(F$38>0, F8/F$38, "") | CE8: =IF(G$38>0, G8/G$38, "") | CF8: =IF(H$38>0, H8/H$38, "") | CG8: =IF(I$38>0, I8/I$38, "") | CH8: =IF(J$38>0, J8/J$38, "") | CI8: =IF(K$38>0, K8/K$38, "") | CJ8: =IF(L$38>0, L8/L$38, "") | ... DK8: =IF(AM$38>0, AM8/AM$38, "")
A9: =VLOOKUP(A6, OBS_District_Flows!W2:X11,2,FALSE) -> Total | D9: San Mateo and Burlingame | E9: =IFERROR(VLOOKUP(CONCATENATE($A$15,"-",$A$12, "-", $D9, "-", E$3, "-", $A$9),OBS_District_Flows!$A:$K, 6,FALSE),0) -> 0 | F9: =IFERROR(VLOOKUP(CONCATENATE($A$15,"-",$A$12, "-", $D9, "-", F$3, "-", $A$9),OBS_District_Flows!$A:$K, 6,FALSE),0) -> 0 | G9: =IFERROR(VLOOKUP(CONCATENATE($A$15,"-",$A$12, "-", $D9, "-", G$3, "-", $A$9),OBS_District_Flows!$A:$K, 6,FALSE),0) -> 0 | H9: =IFERROR(VLOOKUP(CONCATENATE($A$15,"-",$A$12, "-", $D9, "-", H$3, "-", $A$9),OBS_District_Flows!$A:$K, 6,FALSE),0) -> 0 | I9: =IFERROR(VLOOKUP(CONCATENATE($A$15,"-",$A$12, "-", $D9, "-", I$3, "-", $A$9),OBS_District_Flows!$A:$K, 6,FALSE),0) -> 0 | J9: =IFERROR(VLOOKUP(CONCATENATE($A$15,"-",$A$12, "-", $D9, "-", J$3, "-", $A$9),OBS_District_Flows!$A:$K, 6,FALSE),0) -> 0 | K9: =IFERROR(VLOOKUP(CONCATENATE($A$15,"-",$A$12, "-", $D9, "-", K$3, "-", $A$9),OBS_District_Flows!$A:$K, 6,FALSE),0) -> 0 | L9: =IFERROR(VLOOKUP(CONCATENATE($A$15,"-",$A$12, "-", $D9, "-", L$3, "-", $A$9),OBS_District_Flows!$A:$K, 6,FALSE),0) -> 0 | ... AL9: =IFERROR(VLOOKUP(CONCATENATE($A$15,"-",$A$12, "-", $D9, "-", AL$3, "-", $A$9),OBS_District_Flows!$A:$K, 6,FALSE),0) -> 0 | AM9: =SUM(E9:AL9) -> 0 | AP9: San Mateo and Burlingame | AQ9: =IF($AM9>0,E9/$AM9, "") | AR9: =IF($AM9>0,F9/$AM9, "") | AS9: =IF($AM9>0,G9/$AM9, "") | AT9: =IF($AM9>0,H9/$AM9, "") | AU9: =IF($AM9>0,I9/$AM9, "") | AV9: =IF($AM9>0,J9/$AM9, "") | AW9: =IF($AM9>0,K9/$AM9, "") | AX9: =IF($AM9>0,L9/$AM9, "") | ... BY9: =IF($AM9>0,AM9/$AM9, "") | CB9: San Mateo and Burlingame | CC9: =IF(E$38>0, E9/E$38, "") | CD9: =IF(F$38>0, F9/F$38, "") | CE9: =IF(G$38>0, G9/G$38, "") | CF9: =IF(H$38>0, H9/H$38, "") | CG9: =IF(I$38>0, I9/I$38, "") | CH9: =IF(J$38>0, J9/J$38, "") | CI9: =IF(K$38>0, K9/K$38, "") | CJ9: =IF(L$38>0, L9/L$38, "") | ... DK9: =IF(AM$38>0, AM9/AM$38, "")
D10: Redwood City and Menlo Park | E10: =IFERROR(VLOOKUP(CONCATENATE($A$15,"-",$A$12, "-", $D10, "-", E$3, "-", $A$9),OBS_District_Flows!$A:$K, 6,FALSE),0) -> 0 | F10: =IFERROR(VLOOKUP(CONCATENATE($A$15,"-",$A$12, "-", $D10, "-", F$3, "-", $A$9),OBS_District_Flows!$A:$K, 6,FALSE),0) -> 0 | G10: =IFERROR(VLOOKUP(CONCATENATE($A$15,"-",$A$12, "-", $D10, "-", G$3, "-", $A$9),OBS_District_Flows!$A:$K, 6,FALSE),0) -> 0 | H10: =IFERROR(VLOOKUP(CONCATENATE($A$15,"-",$A$12, "-", $D10, "-", H$3, "-", $A$9),OBS_District_Flows!$A:$K, 6,FALSE),0) -> 0 | I10: =IFERROR(VLOOKUP(CONCATENATE($A$15,"-",$A$12, "-", $D10, "-", I$3, "-", $A$9),OBS_District_Flows!$A:$K, 6,FALSE),0) -> 0 | J10: =IFERROR(VLOOKUP(CONCATENATE($A$15,"-",$A$12, "-", $D10, "-", J$3, "-", $A$9),OBS_District_Flows!$A:$K, 6,FALSE),0) -> 0 | K10: =IFERROR(VLOOKUP(CONCATENATE($A$15,"-",$A$12, "-", $D10, "-", K$3, "-", $A$9),OBS_District_Flows!$A:$K, 6,FALSE),0) -> 0 | L10: =IFERROR(VLOOKUP(CONCATENATE($A$15,"-",$A$12, "-", $D10, "-", L$3, "-", $A$9),OBS_District_Flows!$A:$K, 6,FALSE),0) -> 0 | ... AL10: =IFERROR(VLOOKUP(CONCATENATE($A$15,"-",$A$12, "-", $D10, "-", AL$3, "-", $A$9),OBS_District_Flows!$A:$K, 6,FALSE),0) -> 0 | AM10: =SUM(E10:AL10) -> 0 | AP10: Redwood City and Menlo Park | AQ10: =IF($AM10>0,E10/$AM10, "") | AR10: =IF($AM10>0,F10/$AM10, "") | AS10: =IF($AM10>0,G10/$AM10, "") | AT10: =IF($AM10>0,H10/$AM10, "") | AU10: =IF($AM10>0,I10/$AM10, "") | AV10: =IF($AM10>0,J10/$AM10, "") | AW10: =IF($AM10>0,K10/$AM10, "") | AX10: =IF($AM10>0,L10/$AM10, "") | ... BY10: =IF($AM10>0,AM10/$AM10, "") | CB10: Redwood City and Menlo Park | CC10: =IF(E$38>0, E10/E$38, "") | CD10: =IF(F$38>0, F10/F$38, "") | CE10: =IF(G$38>0, G10/G$38, "") | CF10: =IF(H$38>0, H10/H$38, "") | CG10: =IF(I$38>0, I10/I$38, "") | CH10: =IF(J$38>0, J10/J$38, "") | CI10: =IF(K$38>0, K10/K$38, "") | CJ10: =IF(L$38>0, L10/L$38, "") | ... DK10: =IF(AM$38>0, AM10/AM$38, "")
A11: Select Primary Mode | D11: Palo Alto and Los Altos | E11: =IFERROR(VLOOKUP(CONCATENATE($A$15,"-",$A$12, "-", $D11, "-", E$3, "-", $A$9),OBS_District_Flows!$A:$K, 6,FALSE),0) -> 0 | F11: =IFERROR(VLOOKUP(CONCATENATE($A$15,"-",$A$12, "-", $D11, "-", F$3, "-", $A$9),OBS_District_Flows!$A:$K, 6,FALSE),0) -> 0 | G11: =IFERROR(VLOOKUP(CONCATENATE($A$15,"-",$A$12, "-", $D11, "-", G$3, "-", $A$9),OBS_District_Flows!$A:$K, 6,FALSE),0) -> 0 | H11: =IFERROR(VLOOKUP(CONCATENATE($A$15,"-",$A$12, "-", $D11, "-", H$3, "-", $A$9),OBS_District_Flows!$A:$K, 6,FALSE),0) -> 0 | I11: =IFERROR(VLOOKUP(CONCATENATE($A$15,"-",$A$12, "-", $D11, "-", I$3, "-", $A$9),OBS_District_Flows!$A:$K, 6,FALSE),0) -> 0 | J11: =IFERROR(VLOOKUP(CONCATENATE($A$15,"-",$A$12, "-", $D11, "-", J$3, "-", $A$9),OBS_District_Flows!$A:$K, 6,FALSE),0) -> 0 | K11: =IFERROR(VLOOKUP(CONCATENATE($A$15,"-",$A$12, "-", $D11, "-", K$3, "-", $A$9),OBS_District_Flows!$A:$K, 6,FALSE),0) -> 0 | L11: =IFERROR(VLOOKUP(CONCATENATE($A$15,"-",$A$12, "-", $D11, "-", L$3, "-", $A$9),OBS_District_Flows!$A:$K, 6,FALSE),0) -> 0 | ... AL11: =IFERROR(VLOOKUP(CONCATENATE($A$15,"-",$A$12, "-", $D11, "-", AL$3, "-", $A$9),OBS_District_Flows!$A:$K, 6,FALSE),0) -> 0 | AM11: =SUM(E11:AL11) -> 0 | AP11: Palo Alto and Los Altos | AQ11: =IF($AM11>0,E11/$AM11, "") | AR11: =IF($AM11>0,F11/$AM11, "") | AS11: =IF($AM11>0,G11/$AM11, "") | AT11: =IF($AM11>0,H11/$AM11, "") | AU11: =IF($AM11>0,I11/$AM11, "") | AV11: =IF($AM11>0,J11/$AM11, "") | AW11: =IF($AM11>0,K11/$AM11, "") | AX11: =IF($AM11>0,L11/$AM11, "") | ... BY11: =IF($AM11>0,AM11/$AM11, "") | CB11: Palo Alto and Los Altos | CC11: =IF(E$38>0, E11/E$38, "") | CD11: =IF(F$38>0, F11/F$38, "") | CE11: =IF(G$38>0, G11/G$38, "") | CF11: =IF(H$38>0, H11/H$38, "") | CG11: =IF(I$38>0, I11/I$38, "") | CH11: =IF(J$38>0, J11/J$38, "") | CI11: =IF(K$38>0, K11/K$38, "") | CJ11: =IF(L$38>0, L11/L$38, "") | ... DK11: =IF(AM$38>0, AM11/AM$38, "")
A12: Total | D12: Sunnyvale and Mountain View | E12: =IFERROR(VLOOKUP(CONCATENATE($A$15,"-",$A$12, "-", $D12, "-", E$3, "-", $A$9),OBS_District_Flows!$A:$K, 6,FALSE),0) -> 0 | F12: =IFERROR(VLOOKUP(CONCATENATE($A$15,"-",$A$12, "-", $D12, "-", F$3, "-", $A$9),OBS_District_Flows!$A:$K, 6,FALSE),0) -> 0 | G12: =IFERROR(VLOOKUP(CONCATENATE($A$15,"-",$A$12, "-", $D12, "-", G$3, "-", $A$9),OBS_District_Flows!$A:$K, 6,FALSE),0) -> 0 | H12: =IFERROR(VLOOKUP(CONCATENATE($A$15,"-",$A$12, "-", $D12, "-", H$3, "-", $A$9),OBS_District_Flows!$A:$K, 6,FALSE),0) -> 0 | I12: =IFERROR(VLOOKUP(CONCATENATE($A$15,"-",$A$12, "-", $D12, "-", I$3, "-", $A$9),OBS_District_Flows!$A:$K, 6,FALSE),0) -> 0 | J12: =IFERROR(VLOOKUP(CONCATENATE($A$15,"-",$A$12, "-", $D12, "-", J$3, "-", $A$9),OBS_District_Flows!$A:$K, 6,FALSE),0) -> 0 | K12: =IFERROR(VLOOKUP(CONCATENATE($A$15,"-",$A$12, "-", $D12, "-", K$3, "-", $A$9),OBS_District_Flows!$A:$K, 6,FALSE),0) -> 0 | L12: =IFERROR(VLOOKUP(CONCATENATE($A$15,"-",$A$12, "-", $D12, "-", L$3, "-", $A$9),OBS_District_Flows!$A:$K, 6,FALSE),0) -> 0 | ... AL12: =IFERROR(VLOOKUP(CONCATENATE($A$15,"-",$A$12, "-", $D12, "-", AL$3, "-", $A$9),OBS_District_Flows!$A:$K, 6,FALSE),0) -> 0 | AM12: =SUM(E12:AL12) -> 0 | AP12: Sunnyvale and Mountain View | AQ12: =IF($AM12>0,E12/$AM12, "") | AR12: =IF($AM12>0,F12/$AM12, "") | AS12: =IF($AM12>0,G12/$AM12, "") | AT12: =IF($AM12>0,H12/$AM12, "") | AU12: =IF($AM12>0,I12/$AM12, "") | AV12: =IF($AM12>0,J12/$AM12, "") | AW12: =IF($AM12>0,K12/$AM12, "") | AX12: =IF($AM12>0,L12/$AM12, "") | ... BY12: =IF($AM12>0,AM12/$AM12, "") | CB12: Sunnyvale and Mountain View | CC12: =IF(E$38>0, E12/E$38, "") | CD12: =IF(F$38>0, F12/F$38, "") | CE12: =IF(G$38>0, G12/G$38, "") | CF12: =IF(H$38>0, H12/H$38, "") | CG12: =IF(I$38>0, I12/I$38, "") | CH12: =IF(J$38>0, J12/J$38, "") | CI12: =IF(K$38>0, K12/K$38, "") | CJ12: =IF(L$38>0, L12/L$38, "") | ... DK12: =IF(AM$38>0, AM12/AM$38, "")
D13: Cupertino and Saratoga | E13: =IFERROR(VLOOKUP(CONCATENATE($A$15,"-",$A$12, "-", $D13, "-", E$3, "-", $A$9),OBS_District_Flows!$A:$K, 6,FALSE),0) -> 0 | F13: =IFERROR(VLOOKUP(CONCATENATE($A$15,"-",$A$12, "-", $D13, "-", F$3, "-", $A$9),OBS_District_Flows!$A:$K, 6,FALSE),0) -> 0 | G13: =IFERROR(VLOOKUP(CONCATENATE($A$15,"-",$A$12, "-", $D13, "-", G$3, "-", $A$9),OBS_District_Flows!$A:$K, 6,FALSE),0) -> 0 | H13: =IFERROR(VLOOKUP(CONCATENATE($A$15,"-",$A$12, "-", $D13, "-", H$3, "-", $A$9),OBS_District_Flows!$A:$K, 6,FALSE),0) -> 0 | I13: =IFERROR(VLOOKUP(CONCATENATE($A$15,"-",$A$12, "-", $D13, "-", I$3, "-", $A$9),OBS_District_Flows!$A:$K, 6,FALSE),0) -> 0 | J13: =IFERROR(VLOOKUP(CONCATENATE($A$15,"-",$A$12, "-", $D13, "-", J$3, "-", $A$9),OBS_District_Flows!$A:$K, 6,FALSE),0) -> 0 | K13: =IFERROR(VLOOKUP(CONCATENATE($A$15,"-",$A$12, "-", $D13, "-", K$3, "-", $A$9),OBS_District_Flows!$A:$K, 6,FALSE),0) -> 0 | L13: =IFERROR(VLOOKUP(CONCATENATE($A$15,"-",$A$12, "-", $D13, "-", L$3, "-", $A$9),OBS_District_Flows!$A:$K, 6,FALSE),0) -> 0 | ... AL13: =IFERROR(VLOOKUP(CONCATENATE($A$15,"-",$A$12, "-", $D13, "-", AL$3, "-", $A$9),OBS_District_Flows!$A:$K, 6,FALSE),0) -> 0 | AM13: =SUM(E13:AL13) -> 0 | AP13: Cupertino and Saratoga | AQ13: =IF($AM13>0,E13/$AM13, "") | AR13: =IF($AM13>0,F13/$AM13, "") | AS13: =IF($AM13>0,G13/$AM13, "") | AT13: =IF($AM13>0,H13/$AM13, "") | AU13: =IF($AM13>0,I13/$AM13, "") | AV13: =IF($AM13>0,J13/$AM13, "") | AW13: =IF($AM13>0,K13/$AM13, "") | AX13: =IF($AM13>0,L13/$AM13, "") | ... BY13: =IF($AM13>0,AM13/$AM13, "") | CB13: Cupertino and Saratoga | CC13: =IF(E$38>0, E13/E$38, "") | CD13: =IF(F$38>0, F13/F$38, "") | CE13: =IF(G$38>0, G13/G$38, "") | CF13: =IF(H$38>0, H13/H$38, "") | CG13: =IF(I$38>0, I13/I$38, "") | CH13: =IF(J$38>0, J13/J$38, "") | CI13: =IF(K$38>0, K13/K$38, "") | CJ13: =IF(L$38>0, L13/L$38, "") | ... DK13: =IF(AM$38>0, AM13/AM$38, "")
A14: Select Access Mode | D14: Central San Jose | E14: =IFERROR(VLOOKUP(CONCATENATE($A$15,"-",$A$12, "-", $D14, "-", E$3, "-", $A$9),OBS_District_Flows!$A:$K, 6,FALSE),0) -> 0 | F14: =IFERROR(VLOOKUP(CONCATENATE($A$15,"-",$A$12, "-", $D14, "-", F$3, "-", $A$9),OBS_District_Flows!$A:$K, 6,FALSE),0) -> 0 | G14: =IFERROR(VLOOKUP(CONCATENATE($A$15,"-",$A$12, "-", $D14, "-", G$3, "-", $A$9),OBS_District_Flows!$A:$K, 6,FALSE),0) -> 0 | H14: =IFERROR(VLOOKUP(CONCATENATE($A$15,"-",$A$12, "-", $D14, "-", H$3, "-", $A$9),OBS_District_Flows!$A:$K, 6,FALSE),0) -> 0 | I14: =IFERROR(VLOOKUP(CONCATENATE($A$15,"-",$A$12, "-", $D14, "-", I$3, "-", $A$9),OBS_District_Flows!$A:$K, 6,FALSE),0) -> 0 | J14: =IFERROR(VLOOKUP(CONCATENATE($A$15,"-",$A$12, "-", $D14, "-", J$3, "-", $A$9),OBS_District_Flows!$A:$K, 6,FALSE),0) -> 0 | K14: =IFERROR(VLOOKUP(CONCATENATE($A$15,"-",$A$12, "-", $D14, "-", K$3, "-", $A$9),OBS_District_Flows!$A:$K, 6,FALSE),0) -> 0 | L14: =IFERROR(VLOOKUP(CONCATENATE($A$15,"-",$A$12, "-", $D14, "-", L$3, "-", $A$9),OBS_District_Flows!$A:$K, 6,FALSE),0) -> 0 | ... AL14: =IFERROR(VLOOKUP(CONCATENATE($A$15,"-",$A$12, "-", $D14, "-", AL$3, "-", $A$9),OBS_District_Flows!$A:$K, 6,FALSE),0) -> 0 | AM14: =SUM(E14:AL14) -> 0 | AP14: Central San Jose | AQ14: =IF($AM14>0,E14/$AM14, "") | AR14: =IF($AM14>0,F14/$AM14, "") | AS14: =IF($AM14>0,G14/$AM14, "") | AT14: =IF($AM14>0,H14/$AM14, "") | AU14: =IF($AM14>0,I14/$AM14, "") | AV14: =IF($AM14>0,J14/$AM14, "") | AW14: =IF($AM14>0,K14/$AM14, "") | AX14: =IF($AM14>0,L14/$AM14, "") | ... BY14: =IF($AM14>0,AM14/$AM14, "") | CB14: Central San Jose | CC14: =IF(E$38>0, E14/E$38, "") | CD14: =IF(F$38>0, F14/F$38, "") | CE14: =IF(G$38>0, G14/G$38, "") | CF14: =IF(H$38>0, H14/H$38, "") | CG14: =IF(I$38>0, I14/I$38, "") | CH14: =IF(J$38>0, J14/J$38, "") | CI14: =IF(K$38>0, K14/K$38, "") | CJ14: =IF(L$38>0, L14/L$38, "") | ... DK14: =IF(AM$38>0, AM14/AM$38, "")
A15: Total | D15: Milpitas and East San Jose | E15: =IFERROR(VLOOKUP(CONCATENATE($A$15,"-",$A$12, "-", $D15, "-", E$3, "-", $A$9),OBS_District_Flows!$A:$K, 6,FALSE),0) -> 0 | F15: =IFERROR(VLOOKUP(CONCATENATE($A$15,"-",$A$12, "-", $D15, "-", F$3, "-", $A$9),OBS_District_Flows!$A:$K, 6,FALSE),0) -> 0 | G15: =IFERROR(VLOOKUP(CONCATENATE($A$15,"-",$A$12, "-", $D15, "-", G$3, "-", $A$9),OBS_District_Flows!$A:$K, 6,FALSE),0) -> 0 | H15: =IFERROR(VLOOKUP(CONCATENATE($A$15,"-",$A$12, "-", $D15, "-", H$3, "-", $A$9),OBS_District_Flows!$A:$K, 6,FALSE),0) -> 0 | I15: =IFERROR(VLOOKUP(CONCATENATE($A$15,"-",$A$12, "-", $D15, "-", I$3, "-", $A$9),OBS_District_Flows!$A:$K, 6,FALSE),0) -> 0 | J15: =IFERROR(VLOOKUP(CONCATENATE($A$15,"-",$A$12, "-", $D15, "-", J$3, "-", $A$9),OBS_District_Flows!$A:$K, 6,FALSE),0) -> 0 | K15: =IFERROR(VLOOKUP(CONCATENATE($A$15,"-",$A$12, "-", $D15, "-", K$3, "-", $A$9),OBS_District_Flows!$A:$K, 6,FALSE),0) -> 0 | L15: =IFERROR(VLOOKUP(CONCATENATE($A$15,"-",$A$12, "-", $D15, "-", L$3, "-", $A$9),OBS_District_Flows!$A:$K, 6,FALSE),0) -> 0 | ... AL15: =IFERROR(VLOOKUP(CONCATENATE($A$15,"-",$A$12, "-", $D15, "-", AL$3, "-", $A$9),OBS_District_Flows!$A:$K, 6,FALSE),0) -> 0 | AM15: =SUM(E15:AL15) -> 0 | AP15: Milpitas and East San Jose | AQ15: =IF($AM15>0,E15/$AM15, "") | AR15: =IF($AM15>0,F15/$AM15, "") | AS15: =IF($AM15>0,G15/$AM15, "") | AT15: =IF($AM15>0,H15/$AM15, "") | AU15: =IF($AM15>0,I15/$AM15, "") | AV15: =IF($AM15>0,J15/$AM15, "") | AW15: =IF($AM15>0,K15/$AM15, "") | AX15: =IF($AM15>0,L15/$AM15, "") | ... BY15: =IF($AM15>0,AM15/$AM15, "") | CB15: Milpitas and East San Jose | CC15: =IF(E$38>0, E15/E$38, "") | CD15: =IF(F$38>0, F15/F$38, "") | CE15: =IF(G$38>0, G15/G$38, "") | CF15: =IF(H$38>0, H15/H$38, "") | CG15: =IF(I$38>0, I15/I$38, "") | CH15: =IF(J$38>0, J15/J$38, "") | CI15: =IF(K$38>0, K15/K$38, "") | CJ15: =IF(L$38>0, L15/L$38, "") | ... DK15: =IF(AM$38>0, AM15/AM$38, "")
D16: South San Jose | E16: =IFERROR(VLOOKUP(CONCATENATE($A$15,"-",$A$12, "-", $D16, "-", E$3, "-", $A$9),OBS_District_Flows!$A:$K, 6,FALSE),0) -> 0 | F16: =IFERROR(VLOOKUP(CONCATENATE($A$15,"-",$A$12, "-", $D16, "-", F$3, "-", $A$9),OBS_District_Flows!$A:$K, 6,FALSE),0) -> 0 | G16: =IFERROR(VLOOKUP(CONCATENATE($A$15,"-",$A$12, "-", $D16, "-", G$3, "-", $A$9),OBS_District_Flows!$A:$K, 6,FALSE),0) -> 0 | H16: =IFERROR(VLOOKUP(CONCATENATE($A$15,"-",$A$12, "-", $D16, "-", H$3, "-", $A$9),OBS_District_Flows!$A:$K, 6,FALSE),0) -> 0 | I16: =IFERROR(VLOOKUP(CONCATENATE($A$15,"-",$A$12, "-", $D16, "-", I$3, "-", $A$9),OBS_District_Flows!$A:$K, 6,FALSE),0) -> 0 | J16: =IFERROR(VLOOKUP(CONCATENATE($A$15,"-",$A$12, "-", $D16, "-", J$3, "-", $A$9),OBS_District_Flows!$A:$K, 6,FALSE),0) -> 0 | K16: =IFERROR(VLOOKUP(CONCATENATE($A$15,"-",$A$12, "-", $D16, "-", K$3, "-", $A$9),OBS_District_Flows!$A:$K, 6,FALSE),0) -> 0 | L16: =IFERROR(VLOOKUP(CONCATENATE($A$15,"-",$A$12, "-", $D16, "-", L$3, "-", $A$9),OBS_District_Flows!$A:$K, 6,FALSE),0) -> 0 | ... AL16: =IFERROR(VLOOKUP(CONCATENATE($A$15,"-",$A$12, "-", $D16, "-", AL$3, "-", $A$9),OBS_District_Flows!$A:$K, 6,FALSE),0) -> 0 | AM16: =SUM(E16:AL16) -> 0 | AP16: South San Jose | AQ16: =IF($AM16>0,E16/$AM16, "") | AR16: =IF($AM16>0,F16/$AM16, "") | AS16: =IF($AM16>0,G16/$AM16, "") | AT16: =IF($AM16>0,H16/$AM16, "") | AU16: =IF($AM16>0,I16/$AM16, "") | AV16: =IF($AM16>0,J16/$AM16, "") | AW16: =IF($AM16>0,K16/$AM16, "") | AX16: =IF($AM16>0,L16/$AM16, "") | ... BY16: =IF($AM16>0,AM16/$AM16, "") | CB16: South San Jose | CC16: =IF(E$38>0, E16/E$38, "") | CD16: =IF(F$38>0, F16/F$38, "") | CE16: =IF(G$38>0, G16/G$38, "") | CF16: =IF(H$38>0, H16/H$38, "") | CG16: =IF(I$38>0, I16/I$38, "") | CH16: =IF(J$38>0, J16/J$38, "") | CI16: =IF(K$38>0, K16/K$38, "") | CJ16: =IF(L$38>0, L16/L$38, "") | ... DK16: =IF(AM$38>0, AM16/AM$38, "")
A17: Total Tours | D17: Gilroy and Morgan Hill | E17: =IFERROR(VLOOKUP(CONCATENATE($A$15,"-",$A$12, "-", $D17, "-", E$3, "-", $A$9),OBS_District_Flows!$A:$K, 6,FALSE),0) -> 0 | F17: =IFERROR(VLOOKUP(CONCATENATE($A$15,"-",$A$12, "-", $D17, "-", F$3, "-", $A$9),OBS_District_Flows!$A:$K, 6,FALSE),0) -> 0 | G17: =IFERROR(VLOOKUP(CONCATENATE($A$15,"-",$A$12, "-", $D17, "-", G$3, "-", $A$9),OBS_District_Flows!$A:$K, 6,FALSE),0) -> 0 | H17: =IFERROR(VLOOKUP(CONCATENATE($A$15,"-",$A$12, "-", $D17, "-", H$3, "-", $A$9),OBS_District_Flows!$A:$K, 6,FALSE),0) -> 0 | I17: =IFERROR(VLOOKUP(CONCATENATE($A$15,"-",$A$12, "-", $D17, "-", I$3, "-", $A$9),OBS_District_Flows!$A:$K, 6,FALSE),0) -> 0 | J17: =IFERROR(VLOOKUP(CONCATENATE($A$15,"-",$A$12, "-", $D17, "-", J$3, "-", $A$9),OBS_District_Flows!$A:$K, 6,FALSE),0) -> 0 | K17: =IFERROR(VLOOKUP(CONCATENATE($A$15,"-",$A$12, "-", $D17, "-", K$3, "-", $A$9),OBS_District_Flows!$A:$K, 6,FALSE),0) -> 0 | L17: =IFERROR(VLOOKUP(CONCATENATE($A$15,"-",$A$12, "-", $D17, "-", L$3, "-", $A$9),OBS_District_Flows!$A:$K, 6,FALSE),0) -> 0 | ... AL17: =IFERROR(VLOOKUP(CONCATENATE($A$15,"-",$A$12, "-", $D17, "-", AL$3, "-", $A$9),OBS_District_Flows!$A:$K, 6,FALSE),0) -> 0 | AM17: =SUM(E17:AL17) -> 0 | AP17: Gilroy and Morgan Hill | AQ17: =IF($AM17>0,E17/$AM17, "") | AR17: =IF($AM17>0,F17/$AM17, "") | AS17: =IF($AM17>0,G17/$AM17, "") | AT17: =IF($AM17>0,H17/$AM17, "") | AU17: =IF($AM17>0,I17/$AM17, "") | AV17: =IF($AM17>0,J17/$AM17, "") | AW17: =IF($AM17>0,K17/$AM17, "") | AX17: =IF($AM17>0,L17/$AM17, "") | ... BY17: =IF($AM17>0,AM17/$AM17, "") | CB17: Gilroy and Morgan Hill | CC17: =IF(E$38>0, E17/E$38, "") | CD17: =IF(F$38>0, F17/F$38, "") | CE17: =IF(G$38>0, G17/G$38, "") | CF17: =IF(H$38>0, H17/H$38, "") | CG17: =IF(I$38>0, I17/I$38, "") | CH17: =IF(J$38>0, J17/J$38, "") | CI17: =IF(K$38>0, K17/K$38, "") | CJ17: =IF(L$38>0, L17/L$38, "") | ... DK17: =IF(AM$38>0, AM17/AM$38, "")
A18: =AM38 -> 0 | D18: Livermore and Pleasanton | E18: =IFERROR(VLOOKUP(CONCATENATE($A$15,"-",$A$12, "-", $D18, "-", E$3, "-", $A$9),OBS_District_Flows!$A:$K, 6,FALSE),0) -> 0 | F18: =IFERROR(VLOOKUP(CONCATENATE($A$15,"-",$A$12, "-", $D18, "-", F$3, "-", $A$9),OBS_District_Flows!$A:$K, 6,FALSE),0) -> 0 | G18: =IFERROR(VLOOKUP(CONCATENATE($A$15,"-",$A$12, "-", $D18, "-", G$3, "-", $A$9),OBS_District_Flows!$A:$K, 6,FALSE),0) -> 0 | H18: =IFERROR(VLOOKUP(CONCATENATE($A$15,"-",$A$12, "-", $D18, "-", H$3, "-", $A$9),OBS_District_Flows!$A:$K, 6,FALSE),0) -> 0 | I18: =IFERROR(VLOOKUP(CONCATENATE($A$15,"-",$A$12, "-", $D18, "-", I$3, "-", $A$9),OBS_District_Flows!$A:$K, 6,FALSE),0) -> 0 | J18: =IFERROR(VLOOKUP(CONCATENATE($A$15,"-",$A$12, "-", $D18, "-", J$3, "-", $A$9),OBS_District_Flows!$A:$K, 6,FALSE),0) -> 0 | K18: =IFERROR(VLOOKUP(CONCATENATE($A$15,"-",$A$12, "-", $D18, "-", K$3, "-", $A$9),OBS_District_Flows!$A:$K, 6,FALSE),0) -> 0 | L18: =IFERROR(VLOOKUP(CONCATENATE($A$15,"-",$A$12, "-", $D18, "-", L$3, "-", $A$9),OBS_District_Flows!$A:$K, 6,FALSE),0) -> 0 | ... AL18: =IFERROR(VLOOKUP(CONCATENATE($A$15,"-",$A$12, "-", $D18, "-", AL$3, "-", $A$9),OBS_District_Flows!$A:$K, 6,FALSE),0) -> 0 | AM18: =SUM(E18:AL18) -> 0 | AP18: Livermore and Pleasanton | AQ18: =IF($AM18>0,E18/$AM18, "") | AR18: =IF($AM18>0,F18/$AM18, "") | AS18: =IF($AM18>0,G18/$AM18, "") | AT18: =IF($AM18>0,H18/$AM18, "") | AU18: =IF($AM18>0,I18/$AM18, "") | AV18: =IF($AM18>0,J18/$AM18, "") | AW18: =IF($AM18>0,K18/$AM18, "") | AX18: =IF($AM18>0,L18/$AM18, "") | ... BY18: =IF($AM18>0,AM18/$AM18, "") | CB18: Livermore and Pleasanton | CC18: =IF(E$38>0, E18/E$38, "") | CD18: =IF(F$38>0, F18/F$38, "") | CE18: =IF(G$38>0, G18/G$38, "") | CF18: =IF(H$38>0, H18/H$38, "") | CG18: =IF(I$38>0, I18/I$38, "") | CH18: =IF(J$38>0, J18/J$38, "") | CI18: =IF(K$38>0, K18/K$38, "") | CJ18: =IF(L$38>0, L18/L$38, "") | ... DK18: =IF(AM$38>0, AM18/AM$38, "")
D19: Fremont and Union City | E19: =IFERROR(VLOOKUP(CONCATENATE($A$15,"-",$A$12, "-", $D19, "-", E$3, "-", $A$9),OBS_District_Flows!$A:$K, 6,FALSE),0) -> 0 | F19: =IFERROR(VLOOKUP(CONCATENATE($A$15,"-",$A$12, "-", $D19, "-", F$3, "-", $A$9),OBS_District_Flows!$A:$K, 6,FALSE),0) -> 0 | G19: =IFERROR(VLOOKUP(CONCATENATE($A$15,"-",$A$12, "-", $D19, "-", G$3, "-", $A$9),OBS_District_Flows!$A:$K, 6,FALSE),0) -> 0 | H19: =IFERROR(VLOOKUP(CONCATENATE($A$15,"-",$A$12, "-", $D19, "-", H$3, "-", $A$9),OBS_District_Flows!$A:$K, 6,FALSE),0) -> 0 | I19: =IFERROR(VLOOKUP(CONCATENATE($A$15,"-",$A$12, "-", $D19, "-", I$3, "-", $A$9),OBS_District_Flows!$A:$K, 6,FALSE),0) -> 0 | J19: =IFERROR(VLOOKUP(CONCATENATE($A$15,"-",$A$12, "-", $D19, "-", J$3, "-", $A$9),OBS_District_Flows!$A:$K, 6,FALSE),0) -> 0 | K19: =IFERROR(VLOOKUP(CONCATENATE($A$15,"-",$A$12, "-", $D19, "-", K$3, "-", $A$9),OBS_District_Flows!$A:$K, 6,FALSE),0) -> 0 | L19: =IFERROR(VLOOKUP(CONCATENATE($A$15,"-",$A$12, "-", $D19, "-", L$3, "-", $A$9),OBS_District_Flows!$A:$K, 6,FALSE),0) -> 0 | ... AL19: =IFERROR(VLOOKUP(CONCATENATE($A$15,"-",$A$12, "-", $D19, "-", AL$3, "-", $A$9),OBS_District_Flows!$A:$K, 6,FALSE),0) -> 0 | AM19: =SUM(E19:AL19) -> 0 | AP19: Fremont and Union City | AQ19: =IF($AM19>0,E19/$AM19, "") | AR19: =IF($AM19>0,F19/$AM19, "") | AS19: =IF($AM19>0,G19/$AM19, "") | AT19: =IF($AM19>0,H19/$AM19, "") | AU19: =IF($AM19>0,I19/$AM19, "") | AV19: =IF($AM19>0,J19/$AM19, "") | AW19: =IF($AM19>0,K19/$AM19, "") | AX19: =IF($AM19>0,L19/$AM19, "") | ... BY19: =IF($AM19>0,AM19/$AM19, "") | CB19: Fremont and Union City | CC19: =IF(E$38>0, E19/E$38, "") | CD19: =IF(F$38>0, F19/F$38, "") | CE19: =IF(G$38>0, G19/G$38, "") | CF19: =IF(H$38>0, H19/H$38, "") | CG19: =IF(I$38>0, I19/I$38, "") | CH19: =IF(J$38>0, J19/J$38, "") | CI19: =IF(K$38>0, K19/K$38, "") | CJ19: =IF(L$38>0, L19/L$38, "") | ... DK19: =IF(AM$38>0, AM19/AM$38, "")
A20: Select View | D20: Hayward and San Leandro | E20: =IFERROR(VLOOKUP(CONCATENATE($A$15,"-",$A$12, "-", $D20, "-", E$3, "-", $A$9),OBS_District_Flows!$A:$K, 6,FALSE),0) -> 0 | F20: =IFERROR(VLOOKUP(CONCATENATE($A$15,"-",$A$12, "-", $D20, "-", F$3, "-", $A$9),OBS_District_Flows!$A:$K, 6,FALSE),0) -> 0 | G20: =IFERROR(VLOOKUP(CONCATENATE($A$15,"-",$A$12, "-", $D20, "-", G$3, "-", $A$9),OBS_District_Flows!$A:$K, 6,FALSE),0) -> 0 | H20: =IFERROR(VLOOKUP(CONCATENATE($A$15,"-",$A$12, "-", $D20, "-", H$3, "-", $A$9),OBS_District_Flows!$A:$K, 6,FALSE),0) -> 0 | I20: =IFERROR(VLOOKUP(CONCATENATE($A$15,"-",$A$12, "-", $D20, "-", I$3, "-", $A$9),OBS_District_Flows!$A:$K, 6,FALSE),0) -> 0 | J20: =IFERROR(VLOOKUP(CONCATENATE($A$15,"-",$A$12, "-", $D20, "-", J$3, "-", $A$9),OBS_District_Flows!$A:$K, 6,FALSE),0) -> 0 | K20: =IFERROR(VLOOKUP(CONCATENATE($A$15,"-",$A$12, "-", $D20, "-", K$3, "-", $A$9),OBS_District_Flows!$A:$K, 6,FALSE),0) -> 0 | L20: =IFERROR(VLOOKUP(CONCATENATE($A$15,"-",$A$12, "-", $D20, "-", L$3, "-", $A$9),OBS_District_Flows!$A:$K, 6,FALSE),0) -> 0 | ... AL20: =IFERROR(VLOOKUP(CONCATENATE($A$15,"-",$A$12, "-", $D20, "-", AL$3, "-", $A$9),OBS_District_Flows!$A:$K, 6,FALSE),0) -> 0 | AM20: =SUM(E20:AL20) -> 0 | AP20: Hayward and San Leandro | AQ20: =IF($AM20>0,E20/$AM20, "") | AR20: =IF($AM20>0,F20/$AM20, "") | AS20: =IF($AM20>0,G20/$AM20, "") | AT20: =IF($AM20>0,H20/$AM20, "") | AU20: =IF($AM20>0,I20/$AM20, "") | AV20: =IF($AM20>0,J20/$AM20, "") | AW20: =IF($AM20>0,K20/$AM20, "") | AX20: =IF($AM20>0,L20/$AM20, "") | ... BY20: =IF($AM20>0,AM20/$AM20, "") | CB20: Hayward and San Leandro | CC20: =IF(E$38>0, E20/E$38, "") | CD20: =IF(F$38>0, F20/F$38, "") | CE20: =IF(G$38>0, G20/G$38, "") | CF20: =IF(H$38>0, H20/H$38, "") | CG20: =IF(I$38>0, I20/I$38, "") | CH20: =IF(J$38>0, J20/J$38, "") | CI20: =IF(K$38>0, K20/K$38, "") | CJ20: =IF(L$38>0, L20/L$38, "") | ... DK20: =IF(AM$38>0, AM20/AM$38, "")
A21: Counts | D21: Oakland and Alameda | E21: =IFERROR(VLOOKUP(CONCATENATE($A$15,"-",$A$12, "-", $D21, "-", E$3, "-", $A$9),OBS_District_Flows!$A:$K, 6,FALSE),0) -> 0 | F21: =IFERROR(VLOOKUP(CONCATENATE($A$15,"-",$A$12, "-", $D21, "-", F$3, "-", $A$9),OBS_District_Flows!$A:$K, 6,FALSE),0) -> 0 | G21: =IFERROR(VLOOKUP(CONCATENATE($A$15,"-",$A$12, "-", $D21, "-", G$3, "-", $A$9),OBS_District_Flows!$A:$K, 6,FALSE),0) -> 0 | H21: =IFERROR(VLOOKUP(CONCATENATE($A$15,"-",$A$12, "-", $D21, "-", H$3, "-", $A$9),OBS_District_Flows!$A:$K, 6,FALSE),0) -> 0 | I21: =IFERROR(VLOOKUP(CONCATENATE($A$15,"-",$A$12, "-", $D21, "-", I$3, "-", $A$9),OBS_District_Flows!$A:$K, 6,FALSE),0) -> 0 | J21: =IFERROR(VLOOKUP(CONCATENATE($A$15,"-",$A$12, "-", $D21, "-", J$3, "-", $A$9),OBS_District_Flows!$A:$K, 6,FALSE),0) -> 0 | K21: =IFERROR(VLOOKUP(CONCATENATE($A$15,"-",$A$12, "-", $D21, "-", K$3, "-", $A$9),OBS_District_Flows!$A:$K, 6,FALSE),0) -> 0 | L21: =IFERROR(VLOOKUP(CONCATENATE($A$15,"-",$A$12, "-", $D21, "-", L$3, "-", $A$9),OBS_District_Flows!$A:$K, 6,FALSE),0) -> 0 | ... AL21: =IFERROR(VLOOKUP(CONCATENATE($A$15,"-",$A$12, "-", $D21, "-", AL$3, "-", $A$9),OBS_District_Flows!$A:$K, 6,FALSE),0) -> 0 | AM21: =SUM(E21:AL21) -> 0 | AP21: Oakland and Alameda | AQ21: =IF($AM21>0,E21/$AM21, "") | AR21: =IF($AM21>0,F21/$AM21, "") | AS21: =IF($AM21>0,G21/$AM21, "") | AT21: =IF($AM21>0,H21/$AM21, "") | AU21: =IF($AM21>0,I21/$AM21, "") | AV21: =IF($AM21>0,J21/$AM21, "") | AW21: =IF($AM21>0,K21/$AM21, "") | AX21: =IF($AM21>0,L21/$AM21, "") | ... BY21: =IF($AM21>0,AM21/$AM21, "") | CB21: Oakland and Alameda | CC21: =IF(E$38>0, E21/E$38, "") | CD21: =IF(F$38>0, F21/F$38, "") | CE21: =IF(G$38>0, G21/G$38, "") | CF21: =IF(H$38>0, H21/H$38, "") | CG21: =IF(I$38>0, I21/I$38, "") | CH21: =IF(J$38>0, J21/J$38, "") | CI21: =IF(K$38>0, K21/K$38, "") | CJ21: =IF(L$38>0, L21/L$38, "") | ... DK21: =IF(AM$38>0, AM21/AM$38, "")
A22: Row Percent | D22: Berkeley and Albany | E22: =IFERROR(VLOOKUP(CONCATENATE($A$15,"-",$A$12, "-", $D22, "-", E$3, "-", $A$9),OBS_District_Flows!$A:$K, 6,FALSE),0) -> 0 | F22: =IFERROR(VLOOKUP(CONCATENATE($A$15,"-",$A$12, "-", $D22, "-", F$3, "-", $A$9),OBS_District_Flows!$A:$K, 6,FALSE),0) -> 0 | G22: =IFERROR(VLOOKUP(CONCATENATE($A$15,"-",$A$12, "-", $D22, "-", G$3, "-", $A$9),OBS_District_Flows!$A:$K, 6,FALSE),0) -> 0 | H22: =IFERROR(VLOOKUP(CONCATENATE($A$15,"-",$A$12, "-", $D22, "-", H$3, "-", $A$9),OBS_District_Flows!$A:$K, 6,FALSE),0) -> 0 | I22: =IFERROR(VLOOKUP(CONCATENATE($A$15,"-",$A$12, "-", $D22, "-", I$3, "-", $A$9),OBS_District_Flows!$A:$K, 6,FALSE),0) -> 0 | J22: =IFERROR(VLOOKUP(CONCATENATE($A$15,"-",$A$12, "-", $D22, "-", J$3, "-", $A$9),OBS_District_Flows!$A:$K, 6,FALSE),0) -> 0 | K22: =IFERROR(VLOOKUP(CONCATENATE($A$15,"-",$A$12, "-", $D22, "-", K$3, "-", $A$9),OBS_District_Flows!$A:$K, 6,FALSE),0) -> 0 | L22: =IFERROR(VLOOKUP(CONCATENATE($A$15,"-",$A$12, "-", $D22, "-", L$3, "-", $A$9),OBS_District_Flows!$A:$K, 6,FALSE),0) -> 0 | ... AL22: =IFERROR(VLOOKUP(CONCATENATE($A$15,"-",$A$12, "-", $D22, "-", AL$3, "-", $A$9),OBS_District_Flows!$A:$K, 6,FALSE),0) -> 0 | AM22: =SUM(E22:AL22) -> 0 | AP22: Berkeley and Albany | AQ22: =IF($AM22>0,E22/$AM22, "") | AR22: =IF($AM22>0,F22/$AM22, "") | AS22: =IF($AM22>0,G22/$AM22, "") | AT22: =IF($AM22>0,H22/$AM22, "") | AU22: =IF($AM22>0,I22/$AM22, "") | AV22: =IF($AM22>0,J22/$AM22, "") | AW22: =IF($AM22>0,K22/$AM22, "") | AX22: =IF($AM22>0,L22/$AM22, "") | ... BY22: =IF($AM22>0,AM22/$AM22, "") | CB22: Berkeley and Albany | CC22: =IF(E$38>0, E22/E$38, "") | CD22: =IF(F$38>0, F22/F$38, "") | CE22: =IF(G$38>0, G22/G$38, "") | CF22: =IF(H$38>0, H22/H$38, "") | CG22: =IF(I$38>0, I22/I$38, "") | CH22: =IF(J$38>0, J22/J$38, "") | CI22: =IF(K$38>0, K22/K$38, "") | CJ22: =IF(L$38>0, L22/L$38, "") | ... DK22: =IF(AM$38>0, AM22/AM$38, "")
A23: Column Percent | D23: Richmond and El Cerrito | E23: =IFERROR(VLOOKUP(CONCATENATE($A$15,"-",$A$12, "-", $D23, "-", E$3, "-", $A$9),OBS_District_Flows!$A:$K, 6,FALSE),0) -> 0 | F23: =IFERROR(VLOOKUP(CONCATENATE($A$15,"-",$A$12, "-", $D23, "-", F$3, "-", $A$9),OBS_District_Flows!$A:$K, 6,FALSE),0) -> 0 | G23: =IFERROR(VLOOKUP(CONCATENATE($A$15,"-",$A$12, "-", $D23, "-", G$3, "-", $A$9),OBS_District_Flows!$A:$K, 6,FALSE),0) -> 0 | H23: =IFERROR(VLOOKUP(CONCATENATE($A$15,"-",$A$12, "-", $D23, "-", H$3, "-", $A$9),OBS_District_Flows!$A:$K, 6,FALSE),0) -> 0 | I23: =IFERROR(VLOOKUP(CONCATENATE($A$15,"-",$A$12, "-", $D23, "-", I$3, "-", $A$9),OBS_District_Flows!$A:$K, 6,FALSE),0) -> 0 | J23: =IFERROR(VLOOKUP(CONCATENATE($A$15,"-",$A$12, "-", $D23, "-", J$3, "-", $A$9),OBS_District_Flows!$A:$K, 6,FALSE),0) -> 0 | K23: =IFERROR(VLOOKUP(CONCATENATE($A$15,"-",$A$12, "-", $D23, "-", K$3, "-", $A$9),OBS_District_Flows!$A:$K, 6,FALSE),0) -> 0 | L23: =IFERROR(VLOOKUP(CONCATENATE($A$15,"-",$A$12, "-", $D23, "-", L$3, "-", $A$9),OBS_District_Flows!$A:$K, 6,FALSE),0) -> 0 | ... AL23: =IFERROR(VLOOKUP(CONCATENATE($A$15,"-",$A$12, "-", $D23, "-", AL$3, "-", $A$9),OBS_District_Flows!$A:$K, 6,FALSE),0) -> 0 | AM23: =SUM(E23:AL23) -> 0 | AP23: Richmond and El Cerrito | AQ23: =IF($AM23>0,E23/$AM23, "") | AR23: =IF($AM23>0,F23/$AM23, "") | AS23: =IF($AM23>0,G23/$AM23, "") | AT23: =IF($AM23>0,H23/$AM23, "") | AU23: =IF($AM23>0,I23/$AM23, "") | AV23: =IF($AM23>0,J23/$AM23, "") | AW23: =IF($AM23>0,K23/$AM23, "") | AX23: =IF($AM23>0,L23/$AM23, "") | ... BY23: =IF($AM23>0,AM23/$AM23, "") | CB23: Richmond and El Cerrito | CC23: =IF(E$38>0, E23/E$38, "") | CD23: =IF(F$38>0, F23/F$38, "") | CE23: =IF(G$38>0, G23/G$38, "") | CF23: =IF(H$38>0, H23/H$38, "") | CG23: =IF(I$38>0, I23/I$38, "") | CH23: =IF(J$38>0, J23/J$38, "") | CI23: =IF(K$38>0, K23/K$38, "") | CJ23: =IF(L$38>0, L23/L$38, "") | ... DK23: =IF(AM$38>0, AM23/AM$38, "")
D24: Concord and Martinez | E24: =IFERROR(VLOOKUP(CONCATENATE($A$15,"-",$A$12, "-", $D24, "-", E$3, "-", $A$9),OBS_District_Flows!$A:$K, 6,FALSE),0) -> 0 | F24: =IFERROR(VLOOKUP(CONCATENATE($A$15,"-",$A$12, "-", $D24, "-", F$3, "-", $A$9),OBS_District_Flows!$A:$K, 6,FALSE),0) -> 0 | G24: =IFERROR(VLOOKUP(CONCATENATE($A$15,"-",$A$12, "-", $D24, "-", G$3, "-", $A$9),OBS_District_Flows!$A:$K, 6,FALSE),0) -> 0 | H24: =IFERROR(VLOOKUP(CONCATENATE($A$15,"-",$A$12, "-", $D24, "-", H$3, "-", $A$9),OBS_District_Flows!$A:$K, 6,FALSE),0) -> 0 | I24: =IFERROR(VLOOKUP(CONCATENATE($A$15,"-",$A$12, "-", $D24, "-", I$3, "-", $A$9),OBS_District_Flows!$A:$K, 6,FALSE),0) -> 0 | J24: =IFERROR(VLOOKUP(CONCATENATE($A$15,"-",$A$12, "-", $D24, "-", J$3, "-", $A$9),OBS_District_Flows!$A:$K, 6,FALSE),0) -> 0 | K24: =IFERROR(VLOOKUP(CONCATENATE($A$15,"-",$A$12, "-", $D24, "-", K$3, "-", $A$9),OBS_District_Flows!$A:$K, 6,FALSE),0) -> 0 | L24: =IFERROR(VLOOKUP(CONCATENATE($A$15,"-",$A$12, "-", $D24, "-", L$3, "-", $A$9),OBS_District_Flows!$A:$K, 6,FALSE),0) -> 0 | ... AL24: =IFERROR(VLOOKUP(CONCATENATE($A$15,"-",$A$12, "-", $D24, "-", AL$3, "-", $A$9),OBS_District_Flows!$A:$K, 6,FALSE),0) -> 0 | AM24: =SUM(E24:AL24) -> 0 | AP24: Concord and Martinez | AQ24: =IF($AM24>0,E24/$AM24, "") | AR24: =IF($AM24>0,F24/$AM24, "") | AS24: =IF($AM24>0,G24/$AM24, "") | AT24: =IF($AM24>0,H24/$AM24, "") | AU24: =IF($AM24>0,I24/$AM24, "") | AV24: =IF($AM24>0,J24/$AM24, "") | AW24: =IF($AM24>0,K24/$AM24, "") | AX24: =IF($AM24>0,L24/$AM24, "") | ... BY24: =IF($AM24>0,AM24/$AM24, "") | CB24: Concord and Martinez | CC24: =IF(E$38>0, E24/E$38, "") | CD24: =IF(F$38>0, F24/F$38, "") | CE24: =IF(G$38>0, G24/G$38, "") | CF24: =IF(H$38>0, H24/H$38, "") | CG24: =IF(I$38>0, I24/I$38, "") | CH24: =IF(J$38>0, J24/J$38, "") | CI24: =IF(K$38>0, K24/K$38, "") | CJ24: =IF(L$38>0, L24/L$38, "") | ... DK24: =IF(AM$38>0, AM24/AM$38, "")
D25: Walnut Creek | E25: =IFERROR(VLOOKUP(CONCATENATE($A$15,"-",$A$12, "-", $D25, "-", E$3, "-", $A$9),OBS_District_Flows!$A:$K, 6,FALSE),0) -> 0 | F25: =IFERROR(VLOOKUP(CONCATENATE($A$15,"-",$A$12, "-", $D25, "-", F$3, "-", $A$9),OBS_District_Flows!$A:$K, 6,FALSE),0) -> 0 | G25: =IFERROR(VLOOKUP(CONCATENATE($A$15,"-",$A$12, "-", $D25, "-", G$3, "-", $A$9),OBS_District_Flows!$A:$K, 6,FALSE),0) -> 0 | H25: =IFERROR(VLOOKUP(CONCATENATE($A$15,"-",$A$12, "-", $D25, "-", H$3, "-", $A$9),OBS_District_Flows!$A:$K, 6,FALSE),0) -> 0 | I25: =IFERROR(VLOOKUP(CONCATENATE($A$15,"-",$A$12, "-", $D25, "-", I$3, "-", $A$9),OBS_District_Flows!$A:$K, 6,FALSE),0) -> 0 | J25: =IFERROR(VLOOKUP(CONCATENATE($A$15,"-",$A$12, "-", $D25, "-", J$3, "-", $A$9),OBS_District_Flows!$A:$K, 6,FALSE),0) -> 0 | K25: =IFERROR(VLOOKUP(CONCATENATE($A$15,"-",$A$12, "-", $D25, "-", K$3, "-", $A$9),OBS_District_Flows!$A:$K, 6,FALSE),0) -> 0 | L25: =IFERROR(VLOOKUP(CONCATENATE($A$15,"-",$A$12, "-", $D25, "-", L$3, "-", $A$9),OBS_District_Flows!$A:$K, 6,FALSE),0) -> 0 | ... AL25: =IFERROR(VLOOKUP(CONCATENATE($A$15,"-",$A$12, "-", $D25, "-", AL$3, "-", $A$9),OBS_District_Flows!$A:$K, 6,FALSE),0) -> 0 | AM25: =SUM(E25:AL25) -> 0 | AP25: Walnut Creek | AQ25: =IF($AM25>0,E25/$AM25, "") | AR25: =IF($AM25>0,F25/$AM25, "") | AS25: =IF($AM25>0,G25/$AM25, "") | AT25: =IF($AM25>0,H25/$AM25, "") | AU25: =IF($AM25>0,I25/$AM25, "") | AV25: =IF($AM25>0,J25/$AM25, "") | AW25: =IF($AM25>0,K25/$AM25, "") | AX25: =IF($AM25>0,L25/$AM25, "") | ... BY25: =IF($AM25>0,AM25/$AM25, "") | CB25: Walnut Creek | CC25: =IF(E$38>0, E25/E$38, "") | CD25: =IF(F$38>0, F25/F$38, "") | CE25: =IF(G$38>0, G25/G$38, "") | CF25: =IF(H$38>0, H25/H$38, "") | CG25: =IF(I$38>0, I25/I$38, "") | CH25: =IF(J$38>0, J25/J$38, "") | CI25: =IF(K$38>0, K25/K$38, "") | CJ25: =IF(L$38>0, L25/L$38, "") | ... DK25: =IF(AM$38>0, AM25/AM$38, "")
A26: few tours with missing | D26: Danville and San Ramon | E26: =IFERROR(VLOOKUP(CONCATENATE($A$15,"-",$A$12, "-", $D26, "-", E$3, "-", $A$9),OBS_District_Flows!$A:$K, 6,FALSE),0) -> 0 | F26: =IFERROR(VLOOKUP(CONCATENATE($A$15,"-",$A$12, "-", $D26, "-", F$3, "-", $A$9),OBS_District_Flows!$A:$K, 6,FALSE),0) -> 0 | G26: =IFERROR(VLOOKUP(CONCATENATE($A$15,"-",$A$12, "-", $D26, "-", G$3, "-", $A$9),OBS_District_Flows!$A:$K, 6,FALSE),0) -> 0 | H26: =IFERROR(VLOOKUP(CONCATENATE($A$15,"-",$A$12, "-", $D26, "-", H$3, "-", $A$9),OBS_District_Flows!$A:$K, 6,FALSE),0) -> 0 | I26: =IFERROR(VLOOKUP(CONCATENATE($A$15,"-",$A$12, "-", $D26, "-", I$3, "-", $A$9),OBS_District_Flows!$A:$K, 6,FALSE),0) -> 0 | J26: =IFERROR(VLOOKUP(CONCATENATE($A$15,"-",$A$12, "-", $D26, "-", J$3, "-", $A$9),OBS_District_Flows!$A:$K, 6,FALSE),0) -> 0 | K26: =IFERROR(VLOOKUP(CONCATENATE($A$15,"-",$A$12, "-", $D26, "-", K$3, "-", $A$9),OBS_District_Flows!$A:$K, 6,FALSE),0) -> 0 | L26: =IFERROR(VLOOKUP(CONCATENATE($A$15,"-",$A$12, "-", $D26, "-", L$3, "-", $A$9),OBS_District_Flows!$A:$K, 6,FALSE),0) -> 0 | ... AL26: =IFERROR(VLOOKUP(CONCATENATE($A$15,"-",$A$12, "-", $D26, "-", AL$3, "-", $A$9),OBS_District_Flows!$A:$K, 6,FALSE),0) -> 0 | AM26: =SUM(E26:AL26) -> 0 | AP26: Danville and San Ramon | AQ26: =IF($AM26>0,E26/$AM26, "") | AR26: =IF($AM26>0,F26/$AM26, "") | AS26: =IF($AM26>0,G26/$AM26, "") | AT26: =IF($AM26>0,H26/$AM26, "") | AU26: =IF($AM26>0,I26/$AM26, "") | AV26: =IF($AM26>0,J26/$AM26, "") | AW26: =IF($AM26>0,K26/$AM26, "") | AX26: =IF($AM26>0,L26/$AM26, "") | ... BY26: =IF($AM26>0,AM26/$AM26, "") | CB26: Danville and San Ramon | CC26: =IF(E$38>0, E26/E$38, "") | CD26: =IF(F$38>0, F26/F$38, "") | CE26: =IF(G$38>0, G26/G$38, "") | CF26: =IF(H$38>0, H26/H$38, "") | CG26: =IF(I$38>0, I26/I$38, "") | CH26: =IF(J$38>0, J26/J$38, "") | CI26: =IF(K$38>0, K26/K$38, "") | CJ26: =IF(L$38>0, L26/L$38, "") | ... DK26: =IF(AM$38>0, AM26/AM$38, "")
A27: location info not | D27: Antioch and Pittsburg | E27: =IFERROR(VLOOKUP(CONCATENATE($A$15,"-",$A$12, "-", $D27, "-", E$3, "-", $A$9),OBS_District_Flows!$A:$K, 6,FALSE),0) -> 0 | F27: =IFERROR(VLOOKUP(CONCATENATE($A$15,"-",$A$12, "-", $D27, "-", F$3, "-", $A$9),OBS_District_Flows!$A:$K, 6,FALSE),0) -> 0 | G27: =IFERROR(VLOOKUP(CONCATENATE($A$15,"-",$A$12, "-", $D27, "-", G$3, "-", $A$9),OBS_District_Flows!$A:$K, 6,FALSE),0) -> 0 | H27: =IFERROR(VLOOKUP(CONCATENATE($A$15,"-",$A$12, "-", $D27, "-", H$3, "-", $A$9),OBS_District_Flows!$A:$K, 6,FALSE),0) -> 0 | I27: =IFERROR(VLOOKUP(CONCATENATE($A$15,"-",$A$12, "-", $D27, "-", I$3, "-", $A$9),OBS_District_Flows!$A:$K, 6,FALSE),0) -> 0 | J27: =IFERROR(VLOOKUP(CONCATENATE($A$15,"-",$A$12, "-", $D27, "-", J$3, "-", $A$9),OBS_District_Flows!$A:$K, 6,FALSE),0) -> 0 | K27: =IFERROR(VLOOKUP(CONCATENATE($A$15,"-",$A$12, "-", $D27, "-", K$3, "-", $A$9),OBS_District_Flows!$A:$K, 6,FALSE),0) -> 0 | L27: =IFERROR(VLOOKUP(CONCATENATE($A$15,"-",$A$12, "-", $D27, "-", L$3, "-", $A$9),OBS_District_Flows!$A:$K, 6,FALSE),0) -> 0 | ... AL27: =IFERROR(VLOOKUP(CONCATENATE($A$15,"-",$A$12, "-", $D27, "-", AL$3, "-", $A$9),OBS_District_Flows!$A:$K, 6,FALSE),0) -> 0 | AM27: =SUM(E27:AL27) -> 0 | AP27: Antioch and Pittsburg | AQ27: =IF($AM27>0,E27/$AM27, "") | AR27: =IF($AM27>0,F27/$AM27, "") | AS27: =IF($AM27>0,G27/$AM27, "") | AT27: =IF($AM27>0,H27/$AM27, "") | AU27: =IF($AM27>0,I27/$AM27, "") | AV27: =IF($AM27>0,J27/$AM27, "") | AW27: =IF($AM27>0,K27/$AM27, "") | AX27: =IF($AM27>0,L27/$AM27, "") | ... BY27: =IF($AM27>0,AM27/$AM27, "") | CB27: Antioch and Pittsburg | CC27: =IF(E$38>0, E27/E$38, "") | CD27: =IF(F$38>0, F27/F$38, "") | CE27: =IF(G$38>0, G27/G$38, "") | CF27: =IF(H$38>0, H27/H$38, "") | CG27: =IF(I$38>0, I27/I$38, "") | CH27: =IF(J$38>0, J27/J$38, "") | CI27: =IF(K$38>0, K27/K$38, "") | CJ27: =IF(L$38>0, L27/L$38, "") | ... DK27: =IF(AM$38>0, AM27/AM$38, "")
A28: included | D28: Vallejo and Benicia | E28: =IFERROR(VLOOKUP(CONCATENATE($A$15,"-",$A$12, "-", $D28, "-", E$3, "-", $A$9),OBS_District_Flows!$A:$K, 6,FALSE),0) -> 0 | F28: =IFERROR(VLOOKUP(CONCATENATE($A$15,"-",$A$12, "-", $D28, "-", F$3, "-", $A$9),OBS_District_Flows!$A:$K, 6,FALSE),0) -> 0 | G28: =IFERROR(VLOOKUP(CONCATENATE($A$15,"-",$A$12, "-", $D28, "-", G$3, "-", $A$9),OBS_District_Flows!$A:$K, 6,FALSE),0) -> 0 | H28: =IFERROR(VLOOKUP(CONCATENATE($A$15,"-",$A$12, "-", $D28, "-", H$3, "-", $A$9),OBS_District_Flows!$A:$K, 6,FALSE),0) -> 0 | I28: =IFERROR(VLOOKUP(CONCATENATE($A$15,"-",$A$12, "-", $D28, "-", I$3, "-", $A$9),OBS_District_Flows!$A:$K, 6,FALSE),0) -> 0 | J28: =IFERROR(VLOOKUP(CONCATENATE($A$15,"-",$A$12, "-", $D28, "-", J$3, "-", $A$9),OBS_District_Flows!$A:$K, 6,FALSE),0) -> 0 | K28: =IFERROR(VLOOKUP(CONCATENATE($A$15,"-",$A$12, "-", $D28, "-", K$3, "-", $A$9),OBS_District_Flows!$A:$K, 6,FALSE),0) -> 0 | L28: =IFERROR(VLOOKUP(CONCATENATE($A$15,"-",$A$12, "-", $D28, "-", L$3, "-", $A$9),OBS_District_Flows!$A:$K, 6,FALSE),0) -> 0 | ... AL28: =IFERROR(VLOOKUP(CONCATENATE($A$15,"-",$A$12, "-", $D28, "-", AL$3, "-", $A$9),OBS_District_Flows!$A:$K, 6,FALSE),0) -> 0 | AM28: =SUM(E28:AL28) -> 0 | AP28: Vallejo and Benicia | AQ28: =IF($AM28>0,E28/$AM28, "") | AR28: =IF($AM28>0,F28/$AM28, "") | AS28: =IF($AM28>0,G28/$AM28, "") | AT28: =IF($AM28>0,H28/$AM28, "") | AU28: =IF($AM28>0,I28/$AM28, "") | AV28: =IF($AM28>0,J28/$AM28, "") | AW28: =IF($AM28>0,K28/$AM28, "") | AX28: =IF($AM28>0,L28/$AM28, "") | ... BY28: =IF($AM28>0,AM28/$AM28, "") | CB28: Vallejo and Benicia | CC28: =IF(E$38>0, E28/E$38, "") | CD28: =IF(F$38>0, F28/F$38, "") | CE28: =IF(G$38>0, G28/G$38, "") | CF28: =IF(H$38>0, H28/H$38, "") | CG28: =IF(I$38>0, I28/I$38, "") | CH28: =IF(J$38>0, J28/J$38, "") | CI28: =IF(K$38>0, K28/K$38, "") | CJ28: =IF(L$38>0, L28/L$38, "") | ... DK28: =IF(AM$38>0, AM28/AM$38, "")
D29: Fairfield and Vacaville | E29: =IFERROR(VLOOKUP(CONCATENATE($A$15,"-",$A$12, "-", $D29, "-", E$3, "-", $A$9),OBS_District_Flows!$A:$K, 6,FALSE),0) -> 0 | F29: =IFERROR(VLOOKUP(CONCATENATE($A$15,"-",$A$12, "-", $D29, "-", F$3, "-", $A$9),OBS_District_Flows!$A:$K, 6,FALSE),0) -> 0 | G29: =IFERROR(VLOOKUP(CONCATENATE($A$15,"-",$A$12, "-", $D29, "-", G$3, "-", $A$9),OBS_District_Flows!$A:$K, 6,FALSE),0) -> 0 | H29: =IFERROR(VLOOKUP(CONCATENATE($A$15,"-",$A$12, "-", $D29, "-", H$3, "-", $A$9),OBS_District_Flows!$A:$K, 6,FALSE),0) -> 0 | I29: =IFERROR(VLOOKUP(CONCATENATE($A$15,"-",$A$12, "-", $D29, "-", I$3, "-", $A$9),OBS_District_Flows!$A:$K, 6,FALSE),0) -> 0 | J29: =IFERROR(VLOOKUP(CONCATENATE($A$15,"-",$A$12, "-", $D29, "-", J$3, "-", $A$9),OBS_District_Flows!$A:$K, 6,FALSE),0) -> 0 | K29: =IFERROR(VLOOKUP(CONCATENATE($A$15,"-",$A$12, "-", $D29, "-", K$3, "-", $A$9),OBS_District_Flows!$A:$K, 6,FALSE),0) -> 0 | L29: =IFERROR(VLOOKUP(CONCATENATE($A$15,"-",$A$12, "-", $D29, "-", L$3, "-", $A$9),OBS_District_Flows!$A:$K, 6,FALSE),0) -> 0 | ... AL29: =IFERROR(VLOOKUP(CONCATENATE($A$15,"-",$A$12, "-", $D29, "-", AL$3, "-", $A$9),OBS_District_Flows!$A:$K, 6,FALSE),0) -> 0 | AM29: =SUM(E29:AL29) -> 0 | AP29: Fairfield and Vacaville | AQ29: =IF($AM29>0,E29/$AM29, "") | AR29: =IF($AM29>0,F29/$AM29, "") | AS29: =IF($AM29>0,G29/$AM29, "") | AT29: =IF($AM29>0,H29/$AM29, "") | AU29: =IF($AM29>0,I29/$AM29, "") | AV29: =IF($AM29>0,J29/$AM29, "") | AW29: =IF($AM29>0,K29/$AM29, "") | AX29: =IF($AM29>0,L29/$AM29, "") | ... BY29: =IF($AM29>0,AM29/$AM29, "") | CB29: Fairfield and Vacaville | CC29: =IF(E$38>0, E29/E$38, "") | CD29: =IF(F$38>0, F29/F$38, "") | CE29: =IF(G$38>0, G29/G$38, "") | CF29: =IF(H$38>0, H29/H$38, "") | CG29: =IF(I$38>0, I29/I$38, "") | CH29: =IF(J$38>0, J29/J$38, "") | CI29: =IF(K$38>0, K29/K$38, "") | CJ29: =IF(L$38>0, L29/L$38, "") | ... DK29: =IF(AM$38>0, AM29/AM$38, "")
D30: Napa | E30: =IFERROR(VLOOKUP(CONCATENATE($A$15,"-",$A$12, "-", $D30, "-", E$3, "-", $A$9),OBS_District_Flows!$A:$K, 6,FALSE),0) -> 0 | F30: =IFERROR(VLOOKUP(CONCATENATE($A$15,"-",$A$12, "-", $D30, "-", F$3, "-", $A$9),OBS_District_Flows!$A:$K, 6,FALSE),0) -> 0 | G30: =IFERROR(VLOOKUP(CONCATENATE($A$15,"-",$A$12, "-", $D30, "-", G$3, "-", $A$9),OBS_District_Flows!$A:$K, 6,FALSE),0) -> 0 | H30: =IFERROR(VLOOKUP(CONCATENATE($A$15,"-",$A$12, "-", $D30, "-", H$3, "-", $A$9),OBS_District_Flows!$A:$K, 6,FALSE),0) -> 0 | I30: =IFERROR(VLOOKUP(CONCATENATE($A$15,"-",$A$12, "-", $D30, "-", I$3, "-", $A$9),OBS_District_Flows!$A:$K, 6,FALSE),0) -> 0 | J30: =IFERROR(VLOOKUP(CONCATENATE($A$15,"-",$A$12, "-", $D30, "-", J$3, "-", $A$9),OBS_District_Flows!$A:$K, 6,FALSE),0) -> 0 | K30: =IFERROR(VLOOKUP(CONCATENATE($A$15,"-",$A$12, "-", $D30, "-", K$3, "-", $A$9),OBS_District_Flows!$A:$K, 6,FALSE),0) -> 0 | L30: =IFERROR(VLOOKUP(CONCATENATE($A$15,"-",$A$12, "-", $D30, "-", L$3, "-", $A$9),OBS_District_Flows!$A:$K, 6,FALSE),0) -> 0 | ... AL30: =IFERROR(VLOOKUP(CONCATENATE($A$15,"-",$A$12, "-", $D30, "-", AL$3, "-", $A$9),OBS_District_Flows!$A:$K, 6,FALSE),0) -> 0 | AM30: =SUM(E30:AL30) -> 0 | AP30: Napa | AQ30: =IF($AM30>0,E30/$AM30, "") | AR30: =IF($AM30>0,F30/$AM30, "") | AS30: =IF($AM30>0,G30/$AM30, "") | AT30: =IF($AM30>0,H30/$AM30, "") | AU30: =IF($AM30>0,I30/$AM30, "") | AV30: =IF($AM30>0,J30/$AM30, "") | AW30: =IF($AM30>0,K30/$AM30, "") | AX30: =IF($AM30>0,L30/$AM30, "") | ... BY30: =IF($AM30>0,AM30/$AM30, "") | CB30: Napa | CC30: =IF(E$38>0, E30/E$38, "") | CD30: =IF(F$38>0, F30/F$38, "") | CE30: =IF(G$38>0, G30/G$38, "") | CF30: =IF(H$38>0, H30/H$38, "") | CG30: =IF(I$38>0, I30/I$38, "") | CH30: =IF(J$38>0, J30/J$38, "") | CI30: =IF(K$38>0, K30/K$38, "") | CJ30: =IF(L$38>0, L30/L$38, "") | ... DK30: =IF(AM$38>0, AM30/AM$38, "")
D31: St Helena | E31: =IFERROR(VLOOKUP(CONCATENATE($A$15,"-",$A$12, "-", $D31, "-", E$3, "-", $A$9),OBS_District_Flows!$A:$K, 6,FALSE),0) -> 0 | F31: =IFERROR(VLOOKUP(CONCATENATE($A$15,"-",$A$12, "-", $D31, "-", F$3, "-", $A$9),OBS_District_Flows!$A:$K, 6,FALSE),0) -> 0 | G31: =IFERROR(VLOOKUP(CONCATENATE($A$15,"-",$A$12, "-", $D31, "-", G$3, "-", $A$9),OBS_District_Flows!$A:$K, 6,FALSE),0) -> 0 | H31: =IFERROR(VLOOKUP(CONCATENATE($A$15,"-",$A$12, "-", $D31, "-", H$3, "-", $A$9),OBS_District_Flows!$A:$K, 6,FALSE),0) -> 0 | I31: =IFERROR(VLOOKUP(CONCATENATE($A$15,"-",$A$12, "-", $D31, "-", I$3, "-", $A$9),OBS_District_Flows!$A:$K, 6,FALSE),0) -> 0 | J31: =IFERROR(VLOOKUP(CONCATENATE($A$15,"-",$A$12, "-", $D31, "-", J$3, "-", $A$9),OBS_District_Flows!$A:$K, 6,FALSE),0) -> 0 | K31: =IFERROR(VLOOKUP(CONCATENATE($A$15,"-",$A$12, "-", $D31, "-", K$3, "-", $A$9),OBS_District_Flows!$A:$K, 6,FALSE),0) -> 0 | L31: =IFERROR(VLOOKUP(CONCATENATE($A$15,"-",$A$12, "-", $D31, "-", L$3, "-", $A$9),OBS_District_Flows!$A:$K, 6,FALSE),0) -> 0 | ... AL31: =IFERROR(VLOOKUP(CONCATENATE($A$15,"-",$A$12, "-", $D31, "-", AL$3, "-", $A$9),OBS_District_Flows!$A:$K, 6,FALSE),0) -> 0 | AM31: =SUM(E31:AL31) -> 0 | AP31: St Helena | AQ31: =IF($AM31>0,E31/$AM31, "") | AR31: =IF($AM31>0,F31/$AM31, "") | AS31: =IF($AM31>0,G31/$AM31, "") | AT31: =IF($AM31>0,H31/$AM31, "") | AU31: =IF($AM31>0,I31/$AM31, "") | AV31: =IF($AM31>0,J31/$AM31, "") | AW31: =IF($AM31>0,K31/$AM31, "") | AX31: =IF($AM31>0,L31/$AM31, "") | ... BY31: =IF($AM31>0,AM31/$AM31, "") | CB31: St Helena | CC31: =IF(E$38>0, E31/E$38, "") | CD31: =IF(F$38>0, F31/F$38, "") | CE31: =IF(G$38>0, G31/G$38, "") | CF31: =IF(H$38>0, H31/H$38, "") | CG31: =IF(I$38>0, I31/I$38, "") | CH31: =IF(J$38>0, J31/J$38, "") | CI31: =IF(K$38>0, K31/K$38, "") | CJ31: =IF(L$38>0, L31/L$38, "") | ... DK31: =IF(AM$38>0, AM31/AM$38, "")
D32: Petaluma and Rohnert Park | E32: =IFERROR(VLOOKUP(CONCATENATE($A$15,"-",$A$12, "-", $D32, "-", E$3, "-", $A$9),OBS_District_Flows!$A:$K, 6,FALSE),0) -> 0 | F32: =IFERROR(VLOOKUP(CONCATENATE($A$15,"-",$A$12, "-", $D32, "-", F$3, "-", $A$9),OBS_District_Flows!$A:$K, 6,FALSE),0) -> 0 | G32: =IFERROR(VLOOKUP(CONCATENATE($A$15,"-",$A$12, "-", $D32, "-", G$3, "-", $A$9),OBS_District_Flows!$A:$K, 6,FALSE),0) -> 0 | H32: =IFERROR(VLOOKUP(CONCATENATE($A$15,"-",$A$12, "-", $D32, "-", H$3, "-", $A$9),OBS_District_Flows!$A:$K, 6,FALSE),0) -> 0 | I32: =IFERROR(VLOOKUP(CONCATENATE($A$15,"-",$A$12, "-", $D32, "-", I$3, "-", $A$9),OBS_District_Flows!$A:$K, 6,FALSE),0) -> 0 | J32: =IFERROR(VLOOKUP(CONCATENATE($A$15,"-",$A$12, "-", $D32, "-", J$3, "-", $A$9),OBS_District_Flows!$A:$K, 6,FALSE),0) -> 0 | K32: =IFERROR(VLOOKUP(CONCATENATE($A$15,"-",$A$12, "-", $D32, "-", K$3, "-", $A$9),OBS_District_Flows!$A:$K, 6,FALSE),0) -> 0 | L32: =IFERROR(VLOOKUP(CONCATENATE($A$15,"-",$A$12, "-", $D32, "-", L$3, "-", $A$9),OBS_District_Flows!$A:$K, 6,FALSE),0) -> 0 | ... AL32: =IFERROR(VLOOKUP(CONCATENATE($A$15,"-",$A$12, "-", $D32, "-", AL$3, "-", $A$9),OBS_District_Flows!$A:$K, 6,FALSE),0) -> 0 | AM32: =SUM(E32:AL32) -> 0 | AP32: Petaluma and Rohnert Park | AQ32: =IF($AM32>0,E32/$AM32, "") | AR32: =IF($AM32>0,F32/$AM32, "") | AS32: =IF($AM32>0,G32/$AM32, "") | AT32: =IF($AM32>0,H32/$AM32, "") | AU32: =IF($AM32>0,I32/$AM32, "") | AV32: =IF($AM32>0,J32/$AM32, "") | AW32: =IF($AM32>0,K32/$AM32, "") | AX32: =IF($AM32>0,L32/$AM32, "") | ... BY32: =IF($AM32>0,AM32/$AM32, "") | CB32: Petaluma and Rohnert Park | CC32: =IF(E$38>0, E32/E$38, "") | CD32: =IF(F$38>0, F32/F$38, "") | CE32: =IF(G$38>0, G32/G$38, "") | CF32: =IF(H$38>0, H32/H$38, "") | CG32: =IF(I$38>0, I32/I$38, "") | CH32: =IF(J$38>0, J32/J$38, "") | CI32: =IF(K$38>0, K32/K$38, "") | CJ32: =IF(L$38>0, L32/L$38, "") | ... DK32: =IF(AM$38>0, AM32/AM$38, "")
D33: Santa Rosa and Sebastopol | E33: =IFERROR(VLOOKUP(CONCATENATE($A$15,"-",$A$12, "-", $D33, "-", E$3, "-", $A$9),OBS_District_Flows!$A:$K, 6,FALSE),0) -> 0 | F33: =IFERROR(VLOOKUP(CONCATENATE($A$15,"-",$A$12, "-", $D33, "-", F$3, "-", $A$9),OBS_District_Flows!$A:$K, 6,FALSE),0) -> 0 | G33: =IFERROR(VLOOKUP(CONCATENATE($A$15,"-",$A$12, "-", $D33, "-", G$3, "-", $A$9),OBS_District_Flows!$A:$K, 6,FALSE),0) -> 0 | H33: =IFERROR(VLOOKUP(CONCATENATE($A$15,"-",$A$12, "-", $D33, "-", H$3, "-", $A$9),OBS_District_Flows!$A:$K, 6,FALSE),0) -> 0 | I33: =IFERROR(VLOOKUP(CONCATENATE($A$15,"-",$A$12, "-", $D33, "-", I$3, "-", $A$9),OBS_District_Flows!$A:$K, 6,FALSE),0) -> 0 | J33: =IFERROR(VLOOKUP(CONCATENATE($A$15,"-",$A$12, "-", $D33, "-", J$3, "-", $A$9),OBS_District_Flows!$A:$K, 6,FALSE),0) -> 0 | K33: =IFERROR(VLOOKUP(CONCATENATE($A$15,"-",$A$12, "-", $D33, "-", K$3, "-", $A$9),OBS_District_Flows!$A:$K, 6,FALSE),0) -> 0 | L33: =IFERROR(VLOOKUP(CONCATENATE($A$15,"-",$A$12, "-", $D33, "-", L$3, "-", $A$9),OBS_District_Flows!$A:$K, 6,FALSE),0) -> 0 | ... AL33: =IFERROR(VLOOKUP(CONCATENATE($A$15,"-",$A$12, "-", $D33, "-", AL$3, "-", $A$9),OBS_District_Flows!$A:$K, 6,FALSE),0) -> 0 | AM33: =SUM(E33:AL33) -> 0 | AP33: Santa Rosa and Sebastopol | AQ33: =IF($AM33>0,E33/$AM33, "") | AR33: =IF($AM33>0,F33/$AM33, "") | AS33: =IF($AM33>0,G33/$AM33, "") | AT33: =IF($AM33>0,H33/$AM33, "") | AU33: =IF($AM33>0,I33/$AM33, "") | AV33: =IF($AM33>0,J33/$AM33, "") | AW33: =IF($AM33>0,K33/$AM33, "") | AX33: =IF($AM33>0,L33/$AM33, "") | ... BY33: =IF($AM33>0,AM33/$AM33, "") | CB33: Santa Rosa and Sebastopol | CC33: =IF(E$38>0, E33/E$38, "") | CD33: =IF(F$38>0, F33/F$38, "") | CE33: =IF(G$38>0, G33/G$38, "") | CF33: =IF(H$38>0, H33/H$38, "") | CG33: =IF(I$38>0, I33/I$38, "") | CH33: =IF(J$38>0, J33/J$38, "") | CI33: =IF(K$38>0, K33/K$38, "") | CJ33: =IF(L$38>0, L33/L$38, "") | ... DK33: =IF(AM$38>0, AM33/AM$38, "")
D34: Healdsburg and Cloverdale | E34: =IFERROR(VLOOKUP(CONCATENATE($A$15,"-",$A$12, "-", $D34, "-", E$3, "-", $A$9),OBS_District_Flows!$A:$K, 6,FALSE),0) -> 0 | F34: =IFERROR(VLOOKUP(CONCATENATE($A$15,"-",$A$12, "-", $D34, "-", F$3, "-", $A$9),OBS_District_Flows!$A:$K, 6,FALSE),0) -> 0 | G34: =IFERROR(VLOOKUP(CONCATENATE($A$15,"-",$A$12, "-", $D34, "-", G$3, "-", $A$9),OBS_District_Flows!$A:$K, 6,FALSE),0) -> 0 | H34: =IFERROR(VLOOKUP(CONCATENATE($A$15,"-",$A$12, "-", $D34, "-", H$3, "-", $A$9),OBS_District_Flows!$A:$K, 6,FALSE),0) -> 0 | I34: =IFERROR(VLOOKUP(CONCATENATE($A$15,"-",$A$12, "-", $D34, "-", I$3, "-", $A$9),OBS_District_Flows!$A:$K, 6,FALSE),0) -> 0 | J34: =IFERROR(VLOOKUP(CONCATENATE($A$15,"-",$A$12, "-", $D34, "-", J$3, "-", $A$9),OBS_District_Flows!$A:$K, 6,FALSE),0) -> 0 | K34: =IFERROR(VLOOKUP(CONCATENATE($A$15,"-",$A$12, "-", $D34, "-", K$3, "-", $A$9),OBS_District_Flows!$A:$K, 6,FALSE),0) -> 0 | L34: =IFERROR(VLOOKUP(CONCATENATE($A$15,"-",$A$12, "-", $D34, "-", L$3, "-", $A$9),OBS_District_Flows!$A:$K, 6,FALSE),0) -> 0 | ... AL34: =IFERROR(VLOOKUP(CONCATENATE($A$15,"-",$A$12, "-", $D34, "-", AL$3, "-", $A$9),OBS_District_Flows!$A:$K, 6,FALSE),0) -> 0 | AM34: =SUM(E34:AL34) -> 0 | AP34: Healdsburg and Cloverdale | AQ34: =IF($AM34>0,E34/$AM34, "") | AR34: =IF($AM34>0,F34/$AM34, "") | AS34: =IF($AM34>0,G34/$AM34, "") | AT34: =IF($AM34>0,H34/$AM34, "") | AU34: =IF($AM34>0,I34/$AM34, "") | AV34: =IF($AM34>0,J34/$AM34, "") | AW34: =IF($AM34>0,K34/$AM34, "") | AX34: =IF($AM34>0,L34/$AM34, "") | ... BY34: =IF($AM34>0,AM34/$AM34, "") | CB34: Healdsburg and Cloverdale | CC34: =IF(E$38>0, E34/E$38, "") | CD34: =IF(F$38>0, F34/F$38, "") | CE34: =IF(G$38>0, G34/G$38, "") | CF34: =IF(H$38>0, H34/H$38, "") | CG34: =IF(I$38>0, I34/I$38, "") | CH34: =IF(J$38>0, J34/J$38, "") | CI34: =IF(K$38>0, K34/K$38, "") | CJ34: =IF(L$38>0, L34/L$38, "") | ... DK34: =IF(AM$38>0, AM34/AM$38, "")
D35: Novato | E35: =IFERROR(VLOOKUP(CONCATENATE($A$15,"-",$A$12, "-", $D35, "-", E$3, "-", $A$9),OBS_District_Flows!$A:$K, 6,FALSE),0) -> 0 | F35: =IFERROR(VLOOKUP(CONCATENATE($A$15,"-",$A$12, "-", $D35, "-", F$3, "-", $A$9),OBS_District_Flows!$A:$K, 6,FALSE),0) -> 0 | G35: =IFERROR(VLOOKUP(CONCATENATE($A$15,"-",$A$12, "-", $D35, "-", G$3, "-", $A$9),OBS_District_Flows!$A:$K, 6,FALSE),0) -> 0 | H35: =IFERROR(VLOOKUP(CONCATENATE($A$15,"-",$A$12, "-", $D35, "-", H$3, "-", $A$9),OBS_District_Flows!$A:$K, 6,FALSE),0) -> 0 | I35: =IFERROR(VLOOKUP(CONCATENATE($A$15,"-",$A$12, "-", $D35, "-", I$3, "-", $A$9),OBS_District_Flows!$A:$K, 6,FALSE),0) -> 0 | J35: =IFERROR(VLOOKUP(CONCATENATE($A$15,"-",$A$12, "-", $D35, "-", J$3, "-", $A$9),OBS_District_Flows!$A:$K, 6,FALSE),0) -> 0 | K35: =IFERROR(VLOOKUP(CONCATENATE($A$15,"-",$A$12, "-", $D35, "-", K$3, "-", $A$9),OBS_District_Flows!$A:$K, 6,FALSE),0) -> 0 | L35: =IFERROR(VLOOKUP(CONCATENATE($A$15,"-",$A$12, "-", $D35, "-", L$3, "-", $A$9),OBS_District_Flows!$A:$K, 6,FALSE),0) -> 0 | ... AL35: =IFERROR(VLOOKUP(CONCATENATE($A$15,"-",$A$12, "-", $D35, "-", AL$3, "-", $A$9),OBS_District_Flows!$A:$K, 6,FALSE),0) -> 0 | AM35: =SUM(E35:AL35) -> 0 | AP35: Novato | AQ35: =IF($AM35>0,E35/$AM35, "") | AR35: =IF($AM35>0,F35/$AM35, "") | AS35: =IF($AM35>0,G35/$AM35, "") | AT35: =IF($AM35>0,H35/$AM35, "") | AU35: =IF($AM35>0,I35/$AM35, "") | AV35: =IF($AM35>0,J35/$AM35, "") | AW35: =IF($AM35>0,K35/$AM35, "") | AX35: =IF($AM35>0,L35/$AM35, "") | ... BY35: =IF($AM35>0,AM35/$AM35, "") | CB35: Novato | CC35: =IF(E$38>0, E35/E$38, "") | CD35: =IF(F$38>0, F35/F$38, "") | CE35: =IF(G$38>0, G35/G$38, "") | CF35: =IF(H$38>0, H35/H$38, "") | CG35: =IF(I$38>0, I35/I$38, "") | CH35: =IF(J$38>0, J35/J$38, "") | CI35: =IF(K$38>0, K35/K$38, "") | CJ35: =IF(L$38>0, L35/L$38, "") | ... DK35: =IF(AM$38>0, AM35/AM$38, "")
D36: San Rafael | E36: =IFERROR(VLOOKUP(CONCATENATE($A$15,"-",$A$12, "-", $D36, "-", E$3, "-", $A$9),OBS_District_Flows!$A:$K, 6,FALSE),0) -> 0 | F36: =IFERROR(VLOOKUP(CONCATENATE($A$15,"-",$A$12, "-", $D36, "-", F$3, "-", $A$9),OBS_District_Flows!$A:$K, 6,FALSE),0) -> 0 | G36: =IFERROR(VLOOKUP(CONCATENATE($A$15,"-",$A$12, "-", $D36, "-", G$3, "-", $A$9),OBS_District_Flows!$A:$K, 6,FALSE),0) -> 0 | H36: =IFERROR(VLOOKUP(CONCATENATE($A$15,"-",$A$12, "-", $D36, "-", H$3, "-", $A$9),OBS_District_Flows!$A:$K, 6,FALSE),0) -> 0 | I36: =IFERROR(VLOOKUP(CONCATENATE($A$15,"-",$A$12, "-", $D36, "-", I$3, "-", $A$9),OBS_District_Flows!$A:$K, 6,FALSE),0) -> 0 | J36: =IFERROR(VLOOKUP(CONCATENATE($A$15,"-",$A$12, "-", $D36, "-", J$3, "-", $A$9),OBS_District_Flows!$A:$K, 6,FALSE),0) -> 0 | K36: =IFERROR(VLOOKUP(CONCATENATE($A$15,"-",$A$12, "-", $D36, "-", K$3, "-", $A$9),OBS_District_Flows!$A:$K, 6,FALSE),0) -> 0 | L36: =IFERROR(VLOOKUP(CONCATENATE($A$15,"-",$A$12, "-", $D36, "-", L$3, "-", $A$9),OBS_District_Flows!$A:$K, 6,FALSE),0) -> 0 | ... AL36: =IFERROR(VLOOKUP(CONCATENATE($A$15,"-",$A$12, "-", $D36, "-", AL$3, "-", $A$9),OBS_District_Flows!$A:$K, 6,FALSE),0) -> 0 | AM36: =SUM(E36:AL36) -> 0 | AP36: San Rafael | AQ36: =IF($AM36>0,E36/$AM36, "") | AR36: =IF($AM36>0,F36/$AM36, "") | AS36: =IF($AM36>0,G36/$AM36, "") | AT36: =IF($AM36>0,H36/$AM36, "") | AU36: =IF($AM36>0,I36/$AM36, "") | AV36: =IF($AM36>0,J36/$AM36, "") | AW36: =IF($AM36>0,K36/$AM36, "") | AX36: =IF($AM36>0,L36/$AM36, "") | ... BY36: =IF($AM36>0,AM36/$AM36, "") | CB36: San Rafael | CC36: =IF(E$38>0, E36/E$38, "") | CD36: =IF(F$38>0, F36/F$38, "") | CE36: =IF(G$38>0, G36/G$38, "") | CF36: =IF(H$38>0, H36/H$38, "") | CG36: =IF(I$38>0, I36/I$38, "") | CH36: =IF(J$38>0, J36/J$38, "") | CI36: =IF(K$38>0, K36/K$38, "") | CJ36: =IF(L$38>0, L36/L$38, "") | ... DK36: =IF(AM$38>0, AM36/AM$38, "")
D37: Mill Valley and Sausalito | E37: =IFERROR(VLOOKUP(CONCATENATE($A$15,"-",$A$12, "-", $D37, "-", E$3, "-", $A$9),OBS_District_Flows!$A:$K, 6,FALSE),0) -> 0 | F37: =IFERROR(VLOOKUP(CONCATENATE($A$15,"-",$A$12, "-", $D37, "-", F$3, "-", $A$9),OBS_District_Flows!$A:$K, 6,FALSE),0) -> 0 | G37: =IFERROR(VLOOKUP(CONCATENATE($A$15,"-",$A$12, "-", $D37, "-", G$3, "-", $A$9),OBS_District_Flows!$A:$K, 6,FALSE),0) -> 0 | H37: =IFERROR(VLOOKUP(CONCATENATE($A$15,"-",$A$12, "-", $D37, "-", H$3, "-", $A$9),OBS_District_Flows!$A:$K, 6,FALSE),0) -> 0 | I37: =IFERROR(VLOOKUP(CONCATENATE($A$15,"-",$A$12, "-", $D37, "-", I$3, "-", $A$9),OBS_District_Flows!$A:$K, 6,FALSE),0) -> 0 | J37: =IFERROR(VLOOKUP(CONCATENATE($A$15,"-",$A$12, "-", $D37, "-", J$3, "-", $A$9),OBS_District_Flows!$A:$K, 6,FALSE),0) -> 0 | K37: =IFERROR(VLOOKUP(CONCATENATE($A$15,"-",$A$12, "-", $D37, "-", K$3, "-", $A$9),OBS_District_Flows!$A:$K, 6,FALSE),0) -> 0 | L37: =IFERROR(VLOOKUP(CONCATENATE($A$15,"-",$A$12, "-", $D37, "-", L$3, "-", $A$9),OBS_District_Flows!$A:$K, 6,FALSE),0) -> 0 | ... AL37: =IFERROR(VLOOKUP(CONCATENATE($A$15,"-",$A$12, "-", $D37, "-", AL$3, "-", $A$9),OBS_District_Flows!$A:$K, 6,FALSE),0) -> 0 | AM37: =SUM(E37:AL37) -> 0 | AP37: Mill Valley and Sausalito | AQ37: =IF($AM37>0,E37/$AM37, "") | AR37: =IF($AM37>0,F37/$AM37, "") | AS37: =IF($AM37>0,G37/$AM37, "") | AT37: =IF($AM37>0,H37/$AM37, "") | AU37: =IF($AM37>0,I37/$AM37, "") | AV37: =IF($AM37>0,J37/$AM37, "") | AW37: =IF($AM37>0,K37/$AM37, "") | AX37: =IF($AM37>0,L37/$AM37, "") | ... BY37: =IF($AM37>0,AM37/$AM37, "") | CB37: Mill Valley and Sausalito | CC37: =IF(E$38>0, E37/E$38, "") | CD37: =IF(F$38>0, F37/F$38, "") | CE37: =IF(G$38>0, G37/G$38, "") | CF37: =IF(H$38>0, H37/H$38, "") | CG37: =IF(I$38>0, I37/I$38, "") | CH37: =IF(J$38>0, J37/J$38, "") | CI37: =IF(K$38>0, K37/K$38, "") | CJ37: =IF(L$38>0, L37/L$38, "") | ... DK37: =IF(AM$38>0, AM37/AM$38, "")
D38: Total | E38: =SUM(E4:E37) -> 0 | F38: =SUM(F4:F37) -> 0 | G38: =SUM(G4:G37) -> 0 | H38: =SUM(H4:H37) -> 0 | I38: =SUM(I4:I37) -> 0 | J38: =SUM(J4:J37) -> 0 | K38: =SUM(K4:K37) -> 0 | L38: =SUM(L4:L37) -> 0 | ... AM38: =SUM(AM4:AM37) -> 0 | AP38: Total | AQ38: =IF($AM38>0,E38/$AM38, "") | AR38: =IF($AM38>0,F38/$AM38, "") | AS38: =IF($AM38>0,G38/$AM38, "") | AT38: =IF($AM38>0,H38/$AM38, "") | AU38: =IF($AM38>0,I38/$AM38, "") | AV38: =IF($AM38>0,J38/$AM38, "") | AW38: =IF($AM38>0,K38/$AM38, "") | AX38: =IF($AM38>0,L38/$AM38, "") | ... BY38: =IF($AM38>0,AM38/$AM38, "") | CB38: Total | CC38: =IF(E$38>0, E38/E$38, "") | CD38: =IF(F$38>0, F38/F$38, "") | CE38: =IF(G$38>0, G38/G$38, "") | CF38: =IF(H$38>0, H38/H$38, "") | CG38: =IF(I$38>0, I38/I$38, "") | CH38: =IF(J$38>0, J38/J$38, "") | CI38: =IF(K$38>0, K38/K$38, "") | CJ38: =IF(L$38>0, L38/L$38, "") | ... DK38: =IF(AM$38>0, AM38/AM$38, "")
D41: Model Tours
E42: Destination District
E43: Greater Downtown San Francisco | F43: San Francisco Richmond District | G43: San Francisco Mission District | H43: San Francisco Sunset District | I43: Daly City and San Bruno | J43: San Mateo and Burlingame | K43: Redwood City and Menlo Park | L43: Palo Alto and Los Altos | M43: Sunnyvale and Mountain View | N43: Cupertino and Saratoga | O43: Central San Jose | P43: Milpitas and East San Jose | Q43: South San Jose | R43: Gilroy and Morgan Hill | S43: Livermore and Pleasanton | T43: Fremont and Union City | U43: Hayward and San Leandro | V43: Oakland and Alameda | W43: Berkeley and Albany | X43: Richmond and El Cerrito | Y43: Concord and Martinez | Z43: Walnut Creek | AA43: Danville and San Ramon | AB43: Antioch and Pittsburg | AC43: Vallejo and Benicia | AD43: Fairfield and Vacaville | AE43: Napa | AF43: St Helena | AG43: Petaluma and Rohnert Park | AH43: Santa Rosa and Sebastopol | AI43: Healdsburg and Cloverdale | AJ43: Novato | AK43: San Rafael | AL43: Mill Valley and Sausalito | AM43: Total
A44: Purpose ID | C44: Origin District | D44: Greater Downtown San Francisco | E44: =IFERROR(VLOOKUP(CONCATENATE($A$51,"-",$A$48, "-", $D44, "-", E$43, "-", $A$45),model_trn_tours, 7,FALSE),0) -> 0 | F44: =IFERROR(VLOOKUP(CONCATENATE($A$51,"-",$A$48, "-", $D44, "-", F$43, "-", $A$45),model_trn_tours, 7,FALSE),0) -> 0 | G44: =IFERROR(VLOOKUP(CONCATENATE($A$51,"-",$A$48, "-", $D44, "-", G$43, "-", $A$45),model_trn_tours, 7,FALSE),0) -> 0 | H44: =IFERROR(VLOOKUP(CONCATENATE($A$51,"-",$A$48, "-", $D44, "-", H$43, "-", $A$45),model_trn_tours, 7,FALSE),0) -> 0 | I44: =IFERROR(VLOOKUP(CONCATENATE($A$51,"-",$A$48, "-", $D44, "-", I$43, "-", $A$45),model_trn_tours, 7,FALSE),0) -> 0 | J44: =IFERROR(VLOOKUP(CONCATENATE($A$51,"-",$A$48, "-", $D44, "-", J$43, "-", $A$45),model_trn_tours, 7,FALSE),0) -> 0 | K44: =IFERROR(VLOOKUP(CONCATENATE($A$51,"-",$A$48, "-", $D44, "-", K$43, "-", $A$45),model_trn_tours, 7,FALSE),0) -> 0 | L44: =IFERROR(VLOOKUP(CONCATENATE($A$51,"-",$A$48, "-", $D44, "-", L$43, "-", $A$45),model_trn_tours, 7,FALSE),0) -> 0 | ... AL44: =IFERROR(VLOOKUP(CONCATENATE($A$51,"-",$A$48, "-", $D44, "-", AL$43, "-", $A$45),model_trn_tours, 7,FALSE),0) -> 0 | AM44: =SUM(E44:AL44) -> 0
A45: =VLOOKUP(A9,simple_purposes,2,FALSE) -> Total | D45: San Francisco Richmond District | E45: =IFERROR(VLOOKUP(CONCATENATE($A$51,"-",$A$48, "-", $D45, "-", E$43, "-", $A$45),model_trn_tours, 7,FALSE),0) -> 0 | F45: =IFERROR(VLOOKUP(CONCATENATE($A$51,"-",$A$48, "-", $D45, "-", F$43, "-", $A$45),model_trn_tours, 7,FALSE),0) -> 0 | G45: =IFERROR(VLOOKUP(CONCATENATE($A$51,"-",$A$48, "-", $D45, "-", G$43, "-", $A$45),model_trn_tours, 7,FALSE),0) -> 0 | H45: =IFERROR(VLOOKUP(CONCATENATE($A$51,"-",$A$48, "-", $D45, "-", H$43, "-", $A$45),model_trn_tours, 7,FALSE),0) -> 0 | I45: =IFERROR(VLOOKUP(CONCATENATE($A$51,"-",$A$48, "-", $D45, "-", I$43, "-", $A$45),model_trn_tours, 7,FALSE),0) -> 0 | J45: =IFERROR(VLOOKUP(CONCATENATE($A$51,"-",$A$48, "-", $D45, "-", J$43, "-", $A$45),model_trn_tours, 7,FALSE),0) -> 0 | K45: =IFERROR(VLOOKUP(CONCATENATE($A$51,"-",$A$48, "-", $D45, "-", K$43, "-", $A$45),model_trn_tours, 7,FALSE),0) -> 0 | L45: =IFERROR(VLOOKUP(CONCATENATE($A$51,"-",$A$48, "-", $D45, "-", L$43, "-", $A$45),model_trn_tours, 7,FALSE),0) -> 0 | ... AL45: =IFERROR(VLOOKUP(CONCATENATE($A$51,"-",$A$48, "-", $D45, "-", AL$43, "-", $A$45),model_trn_tours, 7,FALSE),0) -> 0 | AM45: =SUM(E45:AL45) -> 0
D46: San Francisco Mission District | E46: =IFERROR(VLOOKUP(CONCATENATE($A$51,"-",$A$48, "-", $D46, "-", E$43, "-", $A$45),model_trn_tours, 7,FALSE),0) -> 0 | F46: =IFERROR(VLOOKUP(CONCATENATE($A$51,"-",$A$48, "-", $D46, "-", F$43, "-", $A$45),model_trn_tours, 7,FALSE),0) -> 0 | G46: =IFERROR(VLOOKUP(CONCATENATE($A$51,"-",$A$48, "-", $D46, "-", G$43, "-", $A$45),model_trn_tours, 7,FALSE),0) -> 0 | H46: =IFERROR(VLOOKUP(CONCATENATE($A$51,"-",$A$48, "-", $D46, "-", H$43, "-", $A$45),model_trn_tours, 7,FALSE),0) -> 0 | I46: =IFERROR(VLOOKUP(CONCATENATE($A$51,"-",$A$48, "-", $D46, "-", I$43, "-", $A$45),model_trn_tours, 7,FALSE),0) -> 0 | J46: =IFERROR(VLOOKUP(CONCATENATE($A$51,"-",$A$48, "-", $D46, "-", J$43, "-", $A$45),model_trn_tours, 7,FALSE),0) -> 0 | K46: =IFERROR(VLOOKUP(CONCATENATE($A$51,"-",$A$48, "-", $D46, "-", K$43, "-", $A$45),model_trn_tours, 7,FALSE),0) -> 0 | L46: =IFERROR(VLOOKUP(CONCATENATE($A$51,"-",$A$48, "-", $D46, "-", L$43, "-", $A$45),model_trn_tours, 7,FALSE),0) -> 0 | ... AL46: =IFERROR(VLOOKUP(CONCATENATE($A$51,"-",$A$48, "-", $D46, "-", AL$43, "-", $A$45),model_trn_tours, 7,FALSE),0) -> 0 | AM46: =SUM(E46:AL46) -> 0
A47: Primary Mode | D47: San Francisco Sunset District | E47: =IFERROR(VLOOKUP(CONCATENATE($A$51,"-",$A$48, "-", $D47, "-", E$43, "-", $A$45),model_trn_tours, 7,FALSE),0) -> 0 | F47: =IFERROR(VLOOKUP(CONCATENATE($A$51,"-",$A$48, "-", $D47, "-", F$43, "-", $A$45),model_trn_tours, 7,FALSE),0) -> 0 | G47: =IFERROR(VLOOKUP(CONCATENATE($A$51,"-",$A$48, "-", $D47, "-", G$43, "-", $A$45),model_trn_tours, 7,FALSE),0) -> 0 | H47: =IFERROR(VLOOKUP(CONCATENATE($A$51,"-",$A$48, "-", $D47, "-", H$43, "-", $A$45),model_trn_tours, 7,FALSE),0) -> 0 | I47: =IFERROR(VLOOKUP(CONCATENATE($A$51,"-",$A$48, "-", $D47, "-", I$43, "-", $A$45),model_trn_tours, 7,FALSE),0) -> 0 | J47: =IFERROR(VLOOKUP(CONCATENATE($A$51,"-",$A$48, "-", $D47, "-", J$43, "-", $A$45),model_trn_tours, 7,FALSE),0) -> 0 | K47: =IFERROR(VLOOKUP(CONCATENATE($A$51,"-",$A$48, "-", $D47, "-", K$43, "-", $A$45),model_trn_tours, 7,FALSE),0) -> 0 | L47: =IFERROR(VLOOKUP(CONCATENATE($A$51,"-",$A$48, "-", $D47, "-", L$43, "-", $A$45),model_trn_tours, 7,FALSE),0) -> 0 | ... AL47: =IFERROR(VLOOKUP(CONCATENATE($A$51,"-",$A$48, "-", $D47, "-", AL$43, "-", $A$45),model_trn_tours, 7,FALSE),0) -> 0 | AM47: =SUM(E47:AL47) -> 0
A48: =VLOOKUP(A12,trn_modes,2,FALSE) -> Total | D48: Daly City and San Bruno | E48: =IFERROR(VLOOKUP(CONCATENATE($A$51,"-",$A$48, "-", $D48, "-", E$43, "-", $A$45),model_trn_tours, 7,FALSE),0) -> 0 | F48: =IFERROR(VLOOKUP(CONCATENATE($A$51,"-",$A$48, "-", $D48, "-", F$43, "-", $A$45),model_trn_tours, 7,FALSE),0) -> 0 | G48: =IFERROR(VLOOKUP(CONCATENATE($A$51,"-",$A$48, "-", $D48, "-", G$43, "-", $A$45),model_trn_tours, 7,FALSE),0) -> 0 | H48: =IFERROR(VLOOKUP(CONCATENATE($A$51,"-",$A$48, "-", $D48, "-", H$43, "-", $A$45),model_trn_tours, 7,FALSE),0) -> 0 | I48: =IFERROR(VLOOKUP(CONCATENATE($A$51,"-",$A$48, "-", $D48, "-", I$43, "-", $A$45),model_trn_tours, 7,FALSE),0) -> 0 | J48: =IFERROR(VLOOKUP(CONCATENATE($A$51,"-",$A$48, "-", $D48, "-", J$43, "-", $A$45),model_trn_tours, 7,FALSE),0) -> 0 | K48: =IFERROR(VLOOKUP(CONCATENATE($A$51,"-",$A$48, "-", $D48, "-", K$43, "-", $A$45),model_trn_tours, 7,FALSE),0) -> 0 | L48: =IFERROR(VLOOKUP(CONCATENATE($A$51,"-",$A$48, "-", $D48, "-", L$43, "-", $A$45),model_trn_tours, 7,FALSE),0) -> 0 | ... AL48: =IFERROR(VLOOKUP(CONCATENATE($A$51,"-",$A$48, "-", $D48, "-", AL$43, "-", $A$45),model_trn_tours, 7,FALSE),0) -> 0 | AM48: =SUM(E48:AL48) -> 0
D49: San Mateo and Burlingame | E49: =IFERROR(VLOOKUP(CONCATENATE($A$51,"-",$A$48, "-", $D49, "-", E$43, "-", $A$45),model_trn_tours, 7,FALSE),0) -> 0 | F49: =IFERROR(VLOOKUP(CONCATENATE($A$51,"-",$A$48, "-", $D49, "-", F$43, "-", $A$45),model_trn_tours, 7,FALSE),0) -> 0 | G49: =IFERROR(VLOOKUP(CONCATENATE($A$51,"-",$A$48, "-", $D49, "-", G$43, "-", $A$45),model_trn_tours, 7,FALSE),0) -> 0 | H49: =IFERROR(VLOOKUP(CONCATENATE($A$51,"-",$A$48, "-", $D49, "-", H$43, "-", $A$45),model_trn_tours, 7,FALSE),0) -> 0 | I49: =IFERROR(VLOOKUP(CONCATENATE($A$51,"-",$A$48, "-", $D49, "-", I$43, "-", $A$45),model_trn_tours, 7,FALSE),0) -> 0 | J49: =IFERROR(VLOOKUP(CONCATENATE($A$51,"-",$A$48, "-", $D49, "-", J$43, "-", $A$45),model_trn_tours, 7,FALSE),0) -> 0 | K49: =IFERROR(VLOOKUP(CONCATENATE($A$51,"-",$A$48, "-", $D49, "-", K$43, "-", $A$45),model_trn_tours, 7,FALSE),0) -> 0 | L49: =IFERROR(VLOOKUP(CONCATENATE($A$51,"-",$A$48, "-", $D49, "-", L$43, "-", $A$45),model_trn_tours, 7,FALSE),0) -> 0 | ... AL49: =IFERROR(VLOOKUP(CONCATENATE($A$51,"-",$A$48, "-", $D49, "-", AL$43, "-", $A$45),model_trn_tours, 7,FALSE),0) -> 0 | AM49: =SUM(E49:AL49) -> 0
A50: Access Mode | D50: Redwood City and Menlo Park | E50: =IFERROR(VLOOKUP(CONCATENATE($A$51,"-",$A$48, "-", $D50, "-", E$43, "-", $A$45),model_trn_tours, 7,FALSE),0) -> 0 | F50: =IFERROR(VLOOKUP(CONCATENATE($A$51,"-",$A$48, "-", $D50, "-", F$43, "-", $A$45),model_trn_tours, 7,FALSE),0) -> 0 | G50: =IFERROR(VLOOKUP(CONCATENATE($A$51,"-",$A$48, "-", $D50, "-", G$43, "-", $A$45),model_trn_tours, 7,FALSE),0) -> 0 | H50: =IFERROR(VLOOKUP(CONCATENATE($A$51,"-",$A$48, "-", $D50, "-", H$43, "-", $A$45),model_trn_tours, 7,FALSE),0) -> 0 | I50: =IFERROR(VLOOKUP(CONCATENATE($A$51,"-",$A$48, "-", $D50, "-", I$43, "-", $A$45),model_trn_tours, 7,FALSE),0) -> 0 | J50: =IFERROR(VLOOKUP(CONCATENATE($A$51,"-",$A$48, "-", $D50, "-", J$43, "-", $A$45),model_trn_tours, 7,FALSE),0) -> 0 | K50: =IFERROR(VLOOKUP(CONCATENATE($A$51,"-",$A$48, "-", $D50, "-", K$43, "-", $A$45),model_trn_tours, 7,FALSE),0) -> 0 | L50: =IFERROR(VLOOKUP(CONCATENATE($A$51,"-",$A$48, "-", $D50, "-", L$43, "-", $A$45),model_trn_tours, 7,FALSE),0) -> 0 | ... AL50: =IFERROR(VLOOKUP(CONCATENATE($A$51,"-",$A$48, "-", $D50, "-", AL$43, "-", $A$45),model_trn_tours, 7,FALSE),0) -> 0 | AM50: =SUM(E50:AL50) -> 0
A51: =A15 -> Total | D51: Palo Alto and Los Altos | E51: =IFERROR(VLOOKUP(CONCATENATE($A$51,"-",$A$48, "-", $D51, "-", E$43, "-", $A$45),model_trn_tours, 7,FALSE),0) -> 0 | F51: =IFERROR(VLOOKUP(CONCATENATE($A$51,"-",$A$48, "-", $D51, "-", F$43, "-", $A$45),model_trn_tours, 7,FALSE),0) -> 0 | G51: =IFERROR(VLOOKUP(CONCATENATE($A$51,"-",$A$48, "-", $D51, "-", G$43, "-", $A$45),model_trn_tours, 7,FALSE),0) -> 0 | H51: =IFERROR(VLOOKUP(CONCATENATE($A$51,"-",$A$48, "-", $D51, "-", H$43, "-", $A$45),model_trn_tours, 7,FALSE),0) -> 0 | I51: =IFERROR(VLOOKUP(CONCATENATE($A$51,"-",$A$48, "-", $D51, "-", I$43, "-", $A$45),model_trn_tours, 7,FALSE),0) -> 0 | J51: =IFERROR(VLOOKUP(CONCATENATE($A$51,"-",$A$48, "-", $D51, "-", J$43, "-", $A$45),model_trn_tours, 7,FALSE),0) -> 0 | K51: =IFERROR(VLOOKUP(CONCATENATE($A$51,"-",$A$48, "-", $D51, "-", K$43, "-", $A$45),model_trn_tours, 7,FALSE),0) -> 0 | L51: =IFERROR(VLOOKUP(CONCATENATE($A$51,"-",$A$48, "-", $D51, "-", L$43, "-", $A$45),model_trn_tours, 7,FALSE),0) -> 0 | ... AL51: =IFERROR(VLOOKUP(CONCATENATE($A$51,"-",$A$48, "-", $D51, "-", AL$43, "-", $A$45),model_trn_tours, 7,FALSE),0) -> 0 | AM51: =SUM(E51:AL51) -> 0
D52: Sunnyvale and Mountain View | E52: =IFERROR(VLOOKUP(CONCATENATE($A$51,"-",$A$48, "-", $D52, "-", E$43, "-", $A$45),model_trn_tours, 7,FALSE),0) -> 0 | F52: =IFERROR(VLOOKUP(CONCATENATE($A$51,"-",$A$48, "-", $D52, "-", F$43, "-", $A$45),model_trn_tours, 7,FALSE),0) -> 0 | G52: =IFERROR(VLOOKUP(CONCATENATE($A$51,"-",$A$48, "-", $D52, "-", G$43, "-", $A$45),model_trn_tours, 7,FALSE),0) -> 0 | H52: =IFERROR(VLOOKUP(CONCATENATE($A$51,"-",$A$48, "-", $D52, "-", H$43, "-", $A$45),model_trn_tours, 7,FALSE),0) -> 0 | I52: =IFERROR(VLOOKUP(CONCATENATE($A$51,"-",$A$48, "-", $D52, "-", I$43, "-", $A$45),model_trn_tours, 7,FALSE),0) -> 0 | J52: =IFERROR(VLOOKUP(CONCATENATE($A$51,"-",$A$48, "-", $D52, "-", J$43, "-", $A$45),model_trn_tours, 7,FALSE),0) -> 0 | K52: =IFERROR(VLOOKUP(CONCATENATE($A$51,"-",$A$48, "-", $D52, "-", K$43, "-", $A$45),model_trn_tours, 7,FALSE),0) -> 0 | L52: =IFERROR(VLOOKUP(CONCATENATE($A$51,"-",$A$48, "-", $D52, "-", L$43, "-", $A$45),model_trn_tours, 7,FALSE),0) -> 0 | ... AL52: =IFERROR(VLOOKUP(CONCATENATE($A$51,"-",$A$48, "-", $D52, "-", AL$43, "-", $A$45),model_trn_tours, 7,FALSE),0) -> 0 | AM52: =SUM(E52:AL52) -> 0
D53: Cupertino and Saratoga | E53: =IFERROR(VLOOKUP(CONCATENATE($A$51,"-",$A$48, "-", $D53, "-", E$43, "-", $A$45),model_trn_tours, 7,FALSE),0) -> 0 | F53: =IFERROR(VLOOKUP(CONCATENATE($A$51,"-",$A$48, "-", $D53, "-", F$43, "-", $A$45),model_trn_tours, 7,FALSE),0) -> 0 | G53: =IFERROR(VLOOKUP(CONCATENATE($A$51,"-",$A$48, "-", $D53, "-", G$43, "-", $A$45),model_trn_tours, 7,FALSE),0) -> 0 | H53: =IFERROR(VLOOKUP(CONCATENATE($A$51,"-",$A$48, "-", $D53, "-", H$43, "-", $A$45),model_trn_tours, 7,FALSE),0) -> 0 | I53: =IFERROR(VLOOKUP(CONCATENATE($A$51,"-",$A$48, "-", $D53, "-", I$43, "-", $A$45),model_trn_tours, 7,FALSE),0) -> 0 | J53: =IFERROR(VLOOKUP(CONCATENATE($A$51,"-",$A$48, "-", $D53, "-", J$43, "-", $A$45),model_trn_tours, 7,FALSE),0) -> 0 | K53: =IFERROR(VLOOKUP(CONCATENATE($A$51,"-",$A$48, "-", $D53, "-", K$43, "-", $A$45),model_trn_tours, 7,FALSE),0) -> 0 | L53: =IFERROR(VLOOKUP(CONCATENATE($A$51,"-",$A$48, "-", $D53, "-", L$43, "-", $A$45),model_trn_tours, 7,FALSE),0) -> 0 | ... AL53: =IFERROR(VLOOKUP(CONCATENATE($A$51,"-",$A$48, "-", $D53, "-", AL$43, "-", $A$45),model_trn_tours, 7,FALSE),0) -> 0 | AM53: =SUM(E53:AL53) -> 0
A54: Total Tours | D54: Central San Jose | E54: =IFERROR(VLOOKUP(CONCATENATE($A$51,"-",$A$48, "-", $D54, "-", E$43, "-", $A$45),model_trn_tours, 7,FALSE),0) -> 0 | F54: =IFERROR(VLOOKUP(CONCATENATE($A$51,"-",$A$48, "-", $D54, "-", F$43, "-", $A$45),model_trn_tours, 7,FALSE),0) -> 0 | G54: =IFERROR(VLOOKUP(CONCATENATE($A$51,"-",$A$48, "-", $D54, "-", G$43, "-", $A$45),model_trn_tours, 7,FALSE),0) -> 0 | H54: =IFERROR(VLOOKUP(CONCATENATE($A$51,"-",$A$48, "-", $D54, "-", H$43, "-", $A$45),model_trn_tours, 7,FALSE),0) -> 0 | I54: =IFERROR(VLOOKUP(CONCATENATE($A$51,"-",$A$48, "-", $D54, "-", I$43, "-", $A$45),model_trn_tours, 7,FALSE),0) -> 0 | J54: =IFERROR(VLOOKUP(CONCATENATE($A$51,"-",$A$48, "-", $D54, "-", J$43, "-", $A$45),model_trn_tours, 7,FALSE),0) -> 0 | K54: =IFERROR(VLOOKUP(CONCATENATE($A$51,"-",$A$48, "-", $D54, "-", K$43, "-", $A$45),model_trn_tours, 7,FALSE),0) -> 0 | L54: =IFERROR(VLOOKUP(CONCATENATE($A$51,"-",$A$48, "-", $D54, "-", L$43, "-", $A$45),model_trn_tours, 7,FALSE),0) -> 0 | ... AL54: =IFERROR(VLOOKUP(CONCATENATE($A$51,"-",$A$48, "-", $D54, "-", AL$43, "-", $A$45),model_trn_tours, 7,FALSE),0) -> 0 | AM54: =SUM(E54:AL54) -> 0
A55: =AM78 -> 0 | D55: Milpitas and East San Jose | E55: =IFERROR(VLOOKUP(CONCATENATE($A$51,"-",$A$48, "-", $D55, "-", E$43, "-", $A$45),model_trn_tours, 7,FALSE),0) -> 0 | F55: =IFERROR(VLOOKUP(CONCATENATE($A$51,"-",$A$48, "-", $D55, "-", F$43, "-", $A$45),model_trn_tours, 7,FALSE),0) -> 0 | G55: =IFERROR(VLOOKUP(CONCATENATE($A$51,"-",$A$48, "-", $D55, "-", G$43, "-", $A$45),model_trn_tours, 7,FALSE),0) -> 0 | H55: =IFERROR(VLOOKUP(CONCATENATE($A$51,"-",$A$48, "-", $D55, "-", H$43, "-", $A$45),model_trn_tours, 7,FALSE),0) -> 0 | I55: =IFERROR(VLOOKUP(CONCATENATE($A$51,"-",$A$48, "-", $D55, "-", I$43, "-", $A$45),model_trn_tours, 7,FALSE),0) -> 0 | J55: =IFERROR(VLOOKUP(CONCATENATE($A$51,"-",$A$48, "-", $D55, "-", J$43, "-", $A$45),model_trn_tours, 7,FALSE),0) -> 0 | K55: =IFERROR(VLOOKUP(CONCATENATE($A$51,"-",$A$48, "-", $D55, "-", K$43, "-", $A$45),model_trn_tours, 7,FALSE),0) -> 0 | L55: =IFERROR(VLOOKUP(CONCATENATE($A$51,"-",$A$48, "-", $D55, "-", L$43, "-", $A$45),model_trn_tours, 7,FALSE),0) -> 0 | ... AL55: =IFERROR(VLOOKUP(CONCATENATE($A$51,"-",$A$48, "-", $D55, "-", AL$43, "-", $A$45),model_trn_tours, 7,FALSE),0) -> 0 | AM55: =SUM(E55:AL55) -> 0
D56: South San Jose | E56: =IFERROR(VLOOKUP(CONCATENATE($A$51,"-",$A$48, "-", $D56, "-", E$43, "-", $A$45),model_trn_tours, 7,FALSE),0) -> 0 | F56: =IFERROR(VLOOKUP(CONCATENATE($A$51,"-",$A$48, "-", $D56, "-", F$43, "-", $A$45),model_trn_tours, 7,FALSE),0) -> 0 | G56: =IFERROR(VLOOKUP(CONCATENATE($A$51,"-",$A$48, "-", $D56, "-", G$43, "-", $A$45),model_trn_tours, 7,FALSE),0) -> 0 | H56: =IFERROR(VLOOKUP(CONCATENATE($A$51,"-",$A$48, "-", $D56, "-", H$43, "-", $A$45),model_trn_tours, 7,FALSE),0) -> 0 | I56: =IFERROR(VLOOKUP(CONCATENATE($A$51,"-",$A$48, "-", $D56, "-", I$43, "-", $A$45),model_trn_tours, 7,FALSE),0) -> 0 | J56: =IFERROR(VLOOKUP(CONCATENATE($A$51,"-",$A$48, "-", $D56, "-", J$43, "-", $A$45),model_trn_tours, 7,FALSE),0) -> 0 | K56: =IFERROR(VLOOKUP(CONCATENATE($A$51,"-",$A$48, "-", $D56, "-", K$43, "-", $A$45),model_trn_tours, 7,FALSE),0) -> 0 | L56: =IFERROR(VLOOKUP(CONCATENATE($A$51,"-",$A$48, "-", $D56, "-", L$43, "-", $A$45),model_trn_tours, 7,FALSE),0) -> 0 | ... AL56: =IFERROR(VLOOKUP(CONCATENATE($A$51,"-",$A$48, "-", $D56, "-", AL$43, "-", $A$45),model_trn_tours, 7,FALSE),0) -> 0 | AM56: =SUM(E56:AL56) -> 0
D57: Gilroy and Morgan Hill | E57: =IFERROR(VLOOKUP(CONCATENATE($A$51,"-",$A$48, "-", $D57, "-", E$43, "-", $A$45),model_trn_tours, 7,FALSE),0) -> 0 | F57: =IFERROR(VLOOKUP(CONCATENATE($A$51,"-",$A$48, "-", $D57, "-", F$43, "-", $A$45),model_trn_tours, 7,FALSE),0) -> 0 | G57: =IFERROR(VLOOKUP(CONCATENATE($A$51,"-",$A$48, "-", $D57, "-", G$43, "-", $A$45),model_trn_tours, 7,FALSE),0) -> 0 | H57: =IFERROR(VLOOKUP(CONCATENATE($A$51,"-",$A$48, "-", $D57, "-", H$43, "-", $A$45),model_trn_tours, 7,FALSE),0) -> 0 | I57: =IFERROR(VLOOKUP(CONCATENATE($A$51,"-",$A$48, "-", $D57, "-", I$43, "-", $A$45),model_trn_tours, 7,FALSE),0) -> 0 | J57: =IFERROR(VLOOKUP(CONCATENATE($A$51,"-",$A$48, "-", $D57, "-", J$43, "-", $A$45),model_trn_tours, 7,FALSE),0) -> 0 | K57: =IFERROR(VLOOKUP(CONCATENATE($A$51,"-",$A$48, "-", $D57, "-", K$43, "-", $A$45),model_trn_tours, 7,FALSE),0) -> 0 | L57: =IFERROR(VLOOKUP(CONCATENATE($A$51,"-",$A$48, "-", $D57, "-", L$43, "-", $A$45),model_trn_tours, 7,FALSE),0) -> 0 | ... AL57: =IFERROR(VLOOKUP(CONCATENATE($A$51,"-",$A$48, "-", $D57, "-", AL$43, "-", $A$45),model_trn_tours, 7,FALSE),0) -> 0 | AM57: =SUM(E57:AL57) -> 0
D58: Livermore and Pleasanton | E58: =IFERROR(VLOOKUP(CONCATENATE($A$51,"-",$A$48, "-", $D58, "-", E$43, "-", $A$45),model_trn_tours, 7,FALSE),0) -> 0 | F58: =IFERROR(VLOOKUP(CONCATENATE($A$51,"-",$A$48, "-", $D58, "-", F$43, "-", $A$45),model_trn_tours, 7,FALSE),0) -> 0 | G58: =IFERROR(VLOOKUP(CONCATENATE($A$51,"-",$A$48, "-", $D58, "-", G$43, "-", $A$45),model_trn_tours, 7,FALSE),0) -> 0 | H58: =IFERROR(VLOOKUP(CONCATENATE($A$51,"-",$A$48, "-", $D58, "-", H$43, "-", $A$45),model_trn_tours, 7,FALSE),0) -> 0 | I58: =IFERROR(VLOOKUP(CONCATENATE($A$51,"-",$A$48, "-", $D58, "-", I$43, "-", $A$45),model_trn_tours, 7,FALSE),0) -> 0 | J58: =IFERROR(VLOOKUP(CONCATENATE($A$51,"-",$A$48, "-", $D58, "-", J$43, "-", $A$45),model_trn_tours, 7,FALSE),0) -> 0 | K58: =IFERROR(VLOOKUP(CONCATENATE($A$51,"-",$A$48, "-", $D58, "-", K$43, "-", $A$45),model_trn_tours, 7,FALSE),0) -> 0 | L58: =IFERROR(VLOOKUP(CONCATENATE($A$51,"-",$A$48, "-", $D58, "-", L$43, "-", $A$45),model_trn_tours, 7,FALSE),0) -> 0 | ... AL58: =IFERROR(VLOOKUP(CONCATENATE($A$51,"-",$A$48, "-", $D58, "-", AL$43, "-", $A$45),model_trn_tours, 7,FALSE),0) -> 0 | AM58: =SUM(E58:AL58) -> 0
D59: Fremont and Union City | E59: =IFERROR(VLOOKUP(CONCATENATE($A$51,"-",$A$48, "-", $D59, "-", E$43, "-", $A$45),model_trn_tours, 7,FALSE),0) -> 0 | F59: =IFERROR(VLOOKUP(CONCATENATE($A$51,"-",$A$48, "-", $D59, "-", F$43, "-", $A$45),model_trn_tours, 7,FALSE),0) -> 0 | G59: =IFERROR(VLOOKUP(CONCATENATE($A$51,"-",$A$48, "-", $D59, "-", G$43, "-", $A$45),model_trn_tours, 7,FALSE),0) -> 0 | H59: =IFERROR(VLOOKUP(CONCATENATE($A$51,"-",$A$48, "-", $D59, "-", H$43, "-", $A$45),model_trn_tours, 7,FALSE),0) -> 0 | I59: =IFERROR(VLOOKUP(CONCATENATE($A$51,"-",$A$48, "-", $D59, "-", I$43, "-", $A$45),model_trn_tours, 7,FALSE),0) -> 0 | J59: =IFERROR(VLOOKUP(CONCATENATE($A$51,"-",$A$48, "-", $D59, "-", J$43, "-", $A$45),model_trn_tours, 7,FALSE),0) -> 0 | K59: =IFERROR(VLOOKUP(CONCATENATE($A$51,"-",$A$48, "-", $D59, "-", K$43, "-", $A$45),model_trn_tours, 7,FALSE),0) -> 0 | L59: =IFERROR(VLOOKUP(CONCATENATE($A$51,"-",$A$48, "-", $D59, "-", L$43, "-", $A$45),model_trn_tours, 7,FALSE),0) -> 0 | ... AL59: =IFERROR(VLOOKUP(CONCATENATE($A$51,"-",$A$48, "-", $D59, "-", AL$43, "-", $A$45),model_trn_tours, 7,FALSE),0) -> 0 | AM59: =SUM(E59:AL59) -> 0
D60: Hayward and San Leandro | E60: =IFERROR(VLOOKUP(CONCATENATE($A$51,"-",$A$48, "-", $D60, "-", E$43, "-", $A$45),model_trn_tours, 7,FALSE),0) -> 0 | F60: =IFERROR(VLOOKUP(CONCATENATE($A$51,"-",$A$48, "-", $D60, "-", F$43, "-", $A$45),model_trn_tours, 7,FALSE),0) -> 0 | G60: =IFERROR(VLOOKUP(CONCATENATE($A$51,"-",$A$48, "-", $D60, "-", G$43, "-", $A$45),model_trn_tours, 7,FALSE),0) -> 0 | H60: =IFERROR(VLOOKUP(CONCATENATE($A$51,"-",$A$48, "-", $D60, "-", H$43, "-", $A$45),model_trn_tours, 7,FALSE),0) -> 0 | I60: =IFERROR(VLOOKUP(CONCATENATE($A$51,"-",$A$48, "-", $D60, "-", I$43, "-", $A$45),model_trn_tours, 7,FALSE),0) -> 0 | J60: =IFERROR(VLOOKUP(CONCATENATE($A$51,"-",$A$48, "-", $D60, "-", J$43, "-", $A$45),model_trn_tours, 7,FALSE),0) -> 0 | K60: =IFERROR(VLOOKUP(CONCATENATE($A$51,"-",$A$48, "-", $D60, "-", K$43, "-", $A$45),model_trn_tours, 7,FALSE),0) -> 0 | L60: =IFERROR(VLOOKUP(CONCATENATE($A$51,"-",$A$48, "-", $D60, "-", L$43, "-", $A$45),model_trn_tours, 7,FALSE),0) -> 0 | ... AL60: =IFERROR(VLOOKUP(CONCATENATE($A$51,"-",$A$48, "-", $D60, "-", AL$43, "-", $A$45),model_trn_tours, 7,FALSE),0) -> 0 | AM60: =SUM(E60:AL60) -> 0
D61: Oakland and Alameda | E61: =IFERROR(VLOOKUP(CONCATENATE($A$51,"-",$A$48, "-", $D61, "-", E$43, "-", $A$45),model_trn_tours, 7,FALSE),0) -> 0 | F61: =IFERROR(VLOOKUP(CONCATENATE($A$51,"-",$A$48, "-", $D61, "-", F$43, "-", $A$45),model_trn_tours, 7,FALSE),0) -> 0 | G61: =IFERROR(VLOOKUP(CONCATENATE($A$51,"-",$A$48, "-", $D61, "-", G$43, "-", $A$45),model_trn_tours, 7,FALSE),0) -> 0 | H61: =IFERROR(VLOOKUP(CONCATENATE($A$51,"-",$A$48, "-", $D61, "-", H$43, "-", $A$45),model_trn_tours, 7,FALSE),0) -> 0 | I61: =IFERROR(VLOOKUP(CONCATENATE($A$51,"-",$A$48, "-", $D61, "-", I$43, "-", $A$45),model_trn_tours, 7,FALSE),0) -> 0 | J61: =IFERROR(VLOOKUP(CONCATENATE($A$51,"-",$A$48, "-", $D61, "-", J$43, "-", $A$45),model_trn_tours, 7,FALSE),0) -> 0 | K61: =IFERROR(VLOOKUP(CONCATENATE($A$51,"-",$A$48, "-", $D61, "-", K$43, "-", $A$45),model_trn_tours, 7,FALSE),0) -> 0 | L61: =IFERROR(VLOOKUP(CONCATENATE($A$51,"-",$A$48, "-", $D61, "-", L$43, "-", $A$45),model_trn_tours, 7,FALSE),0) -> 0 | ... AL61: =IFERROR(VLOOKUP(CONCATENATE($A$51,"-",$A$48, "-", $D61, "-", AL$43, "-", $A$45),model_trn_tours, 7,FALSE),0) -> 0 | AM61: =SUM(E61:AL61) -> 0
D62: Berkeley and Albany | E62: =IFERROR(VLOOKUP(CONCATENATE($A$51,"-",$A$48, "-", $D62, "-", E$43, "-", $A$45),model_trn_tours, 7,FALSE),0) -> 0 | F62: =IFERROR(VLOOKUP(CONCATENATE($A$51,"-",$A$48, "-", $D62, "-", F$43, "-", $A$45),model_trn_tours, 7,FALSE),0) -> 0 | G62: =IFERROR(VLOOKUP(CONCATENATE($A$51,"-",$A$48, "-", $D62, "-", G$43, "-", $A$45),model_trn_tours, 7,FALSE),0) -> 0 | H62: =IFERROR(VLOOKUP(CONCATENATE($A$51,"-",$A$48, "-", $D62, "-", H$43, "-", $A$45),model_trn_tours, 7,FALSE),0) -> 0 | I62: =IFERROR(VLOOKUP(CONCATENATE($A$51,"-",$A$48, "-", $D62, "-", I$43, "-", $A$45),model_trn_tours, 7,FALSE),0) -> 0 | J62: =IFERROR(VLOOKUP(CONCATENATE($A$51,"-",$A$48, "-", $D62, "-", J$43, "-", $A$45),model_trn_tours, 7,FALSE),0) -> 0 | K62: =IFERROR(VLOOKUP(CONCATENATE($A$51,"-",$A$48, "-", $D62, "-", K$43, "-", $A$45),model_trn_tours, 7,FALSE),0) -> 0 | L62: =IFERROR(VLOOKUP(CONCATENATE($A$51,"-",$A$48, "-", $D62, "-", L$43, "-", $A$45),model_trn_tours, 7,FALSE),0) -> 0 | ... AL62: =IFERROR(VLOOKUP(CONCATENATE($A$51,"-",$A$48, "-", $D62, "-", AL$43, "-", $A$45),model_trn_tours, 7,FALSE),0) -> 0 | AM62: =SUM(E62:AL62) -> 0
D63: Richmond and El Cerrito | E63: =IFERROR(VLOOKUP(CONCATENATE($A$51,"-",$A$48, "-", $D63, "-", E$43, "-", $A$45),model_trn_tours, 7,FALSE),0) -> 0 | F63: =IFERROR(VLOOKUP(CONCATENATE($A$51,"-",$A$48, "-", $D63, "-", F$43, "-", $A$45),model_trn_tours, 7,FALSE),0) -> 0 | G63: =IFERROR(VLOOKUP(CONCATENATE($A$51,"-",$A$48, "-", $D63, "-", G$43, "-", $A$45),model_trn_tours, 7,FALSE),0) -> 0 | H63: =IFERROR(VLOOKUP(CONCATENATE($A$51,"-",$A$48, "-", $D63, "-", H$43, "-", $A$45),model_trn_tours, 7,FALSE),0) -> 0 | I63: =IFERROR(VLOOKUP(CONCATENATE($A$51,"-",$A$48, "-", $D63, "-", I$43, "-", $A$45),model_trn_tours, 7,FALSE),0) -> 0 | J63: =IFERROR(VLOOKUP(CONCATENATE($A$51,"-",$A$48, "-", $D63, "-", J$43, "-", $A$45),model_trn_tours, 7,FALSE),0) -> 0 | K63: =IFERROR(VLOOKUP(CONCATENATE($A$51,"-",$A$48, "-", $D63, "-", K$43, "-", $A$45),model_trn_tours, 7,FALSE),0) -> 0 | L63: =IFERROR(VLOOKUP(CONCATENATE($A$51,"-",$A$48, "-", $D63, "-", L$43, "-", $A$45),model_trn_tours, 7,FALSE),0) -> 0 | ... AL63: =IFERROR(VLOOKUP(CONCATENATE($A$51,"-",$A$48, "-", $D63, "-", AL$43, "-", $A$45),model_trn_tours, 7,FALSE),0) -> 0 | AM63: =SUM(E63:AL63) -> 0
D64: Concord and Martinez | E64: =IFERROR(VLOOKUP(CONCATENATE($A$51,"-",$A$48, "-", $D64, "-", E$43, "-", $A$45),model_trn_tours, 7,FALSE),0) -> 0 | F64: =IFERROR(VLOOKUP(CONCATENATE($A$51,"-",$A$48, "-", $D64, "-", F$43, "-", $A$45),model_trn_tours, 7,FALSE),0) -> 0 | G64: =IFERROR(VLOOKUP(CONCATENATE($A$51,"-",$A$48, "-", $D64, "-", G$43, "-", $A$45),model_trn_tours, 7,FALSE),0) -> 0 | H64: =IFERROR(VLOOKUP(CONCATENATE($A$51,"-",$A$48, "-", $D64, "-", H$43, "-", $A$45),model_trn_tours, 7,FALSE),0) -> 0 | I64: =IFERROR(VLOOKUP(CONCATENATE($A$51,"-",$A$48, "-", $D64, "-", I$43, "-", $A$45),model_trn_tours, 7,FALSE),0) -> 0 | J64: =IFERROR(VLOOKUP(CONCATENATE($A$51,"-",$A$48, "-", $D64, "-", J$43, "-", $A$45),model_trn_tours, 7,FALSE),0) -> 0 | K64: =IFERROR(VLOOKUP(CONCATENATE($A$51,"-",$A$48, "-", $D64, "-", K$43, "-", $A$45),model_trn_tours, 7,FALSE),0) -> 0 | L64: =IFERROR(VLOOKUP(CONCATENATE($A$51,"-",$A$48, "-", $D64, "-", L$43, "-", $A$45),model_trn_tours, 7,FALSE),0) -> 0 | ... AL64: =IFERROR(VLOOKUP(CONCATENATE($A$51,"-",$A$48, "-", $D64, "-", AL$43, "-", $A$45),model_trn_tours, 7,FALSE),0) -> 0 | AM64: =SUM(E64:AL64) -> 0
D65: Walnut Creek | E65: =IFERROR(VLOOKUP(CONCATENATE($A$51,"-",$A$48, "-", $D65, "-", E$43, "-", $A$45),model_trn_tours, 7,FALSE),0) -> 0 | F65: =IFERROR(VLOOKUP(CONCATENATE($A$51,"-",$A$48, "-", $D65, "-", F$43, "-", $A$45),model_trn_tours, 7,FALSE),0) -> 0 | G65: =IFERROR(VLOOKUP(CONCATENATE($A$51,"-",$A$48, "-", $D65, "-", G$43, "-", $A$45),model_trn_tours, 7,FALSE),0) -> 0 | H65: =IFERROR(VLOOKUP(CONCATENATE($A$51,"-",$A$48, "-", $D65, "-", H$43, "-", $A$45),model_trn_tours, 7,FALSE),0) -> 0 | I65: =IFERROR(VLOOKUP(CONCATENATE($A$51,"-",$A$48, "-", $D65, "-", I$43, "-", $A$45),model_trn_tours, 7,FALSE),0) -> 0 | J65: =IFERROR(VLOOKUP(CONCATENATE($A$51,"-",$A$48, "-", $D65, "-", J$43, "-", $A$45),model_trn_tours, 7,FALSE),0) -> 0 | K65: =IFERROR(VLOOKUP(CONCATENATE($A$51,"-",$A$48, "-", $D65, "-", K$43, "-", $A$45),model_trn_tours, 7,FALSE),0) -> 0 | L65: =IFERROR(VLOOKUP(CONCATENATE($A$51,"-",$A$48, "-", $D65, "-", L$43, "-", $A$45),model_trn_tours, 7,FALSE),0) -> 0 | ... AL65: =IFERROR(VLOOKUP(CONCATENATE($A$51,"-",$A$48, "-", $D65, "-", AL$43, "-", $A$45),model_trn_tours, 7,FALSE),0) -> 0 | AM65: =SUM(E65:AL65) -> 0
D66: Danville and San Ramon | E66: =IFERROR(VLOOKUP(CONCATENATE($A$51,"-",$A$48, "-", $D66, "-", E$43, "-", $A$45),model_trn_tours, 7,FALSE),0) -> 0 | F66: =IFERROR(VLOOKUP(CONCATENATE($A$51,"-",$A$48, "-", $D66, "-", F$43, "-", $A$45),model_trn_tours, 7,FALSE),0) -> 0 | G66: =IFERROR(VLOOKUP(CONCATENATE($A$51,"-",$A$48, "-", $D66, "-", G$43, "-", $A$45),model_trn_tours, 7,FALSE),0) -> 0 | H66: =IFERROR(VLOOKUP(CONCATENATE($A$51,"-",$A$48, "-", $D66, "-", H$43, "-", $A$45),model_trn_tours, 7,FALSE),0) -> 0 | I66: =IFERROR(VLOOKUP(CONCATENATE($A$51,"-",$A$48, "-", $D66, "-", I$43, "-", $A$45),model_trn_tours, 7,FALSE),0) -> 0 | J66: =IFERROR(VLOOKUP(CONCATENATE($A$51,"-",$A$48, "-", $D66, "-", J$43, "-", $A$45),model_trn_tours, 7,FALSE),0) -> 0 | K66: =IFERROR(VLOOKUP(CONCATENATE($A$51,"-",$A$48, "-", $D66, "-", K$43, "-", $A$45),model_trn_tours, 7,FALSE),0) -> 0 | L66: =IFERROR(VLOOKUP(CONCATENATE($A$51,"-",$A$48, "-", $D66, "-", L$43, "-", $A$45),model_trn_tours, 7,FALSE),0) -> 0 | ... AL66: =IFERROR(VLOOKUP(CONCATENATE($A$51,"-",$A$48, "-", $D66, "-", AL$43, "-", $A$45),model_trn_tours, 7,FALSE),0) -> 0 | AM66: =SUM(E66:AL66) -> 0
D67: Antioch and Pittsburg | E67: =IFERROR(VLOOKUP(CONCATENATE($A$51,"-",$A$48, "-", $D67, "-", E$43, "-", $A$45),model_trn_tours, 7,FALSE),0) -> 0 | F67: =IFERROR(VLOOKUP(CONCATENATE($A$51,"-",$A$48, "-", $D67, "-", F$43, "-", $A$45),model_trn_tours, 7,FALSE),0) -> 0 | G67: =IFERROR(VLOOKUP(CONCATENATE($A$51,"-",$A$48, "-", $D67, "-", G$43, "-", $A$45),model_trn_tours, 7,FALSE),0) -> 0 | H67: =IFERROR(VLOOKUP(CONCATENATE($A$51,"-",$A$48, "-", $D67, "-", H$43, "-", $A$45),model_trn_tours, 7,FALSE),0) -> 0 | I67: =IFERROR(VLOOKUP(CONCATENATE($A$51,"-",$A$48, "-", $D67, "-", I$43, "-", $A$45),model_trn_tours, 7,FALSE),0) -> 0 | J67: =IFERROR(VLOOKUP(CONCATENATE($A$51,"-",$A$48, "-", $D67, "-", J$43, "-", $A$45),model_trn_tours, 7,FALSE),0) -> 0 | K67: =IFERROR(VLOOKUP(CONCATENATE($A$51,"-",$A$48, "-", $D67, "-", K$43, "-", $A$45),model_trn_tours, 7,FALSE),0) -> 0 | L67: =IFERROR(VLOOKUP(CONCATENATE($A$51,"-",$A$48, "-", $D67, "-", L$43, "-", $A$45),model_trn_tours, 7,FALSE),0) -> 0 | ... AL67: =IFERROR(VLOOKUP(CONCATENATE($A$51,"-",$A$48, "-", $D67, "-", AL$43, "-", $A$45),model_trn_tours, 7,FALSE),0) -> 0 | AM67: =SUM(E67:AL67) -> 0
... D77: Mill Valley and Sausalito | E77: =IFERROR(VLOOKUP(CONCATENATE($A$51,"-",$A$48, "-", $D77, "-", E$43, "-", $A$45),model_trn_tours, 7,FALSE),0) -> 0 | F77: =IFERROR(VLOOKUP(CONCATENATE($A$51,"-",$A$48, "-", $D77, "-", F$43, "-", $A$45),model_trn_tours, 7,FALSE),0) -> 0 | G77: =IFERROR(VLOOKUP(CONCATENATE($A$51,"-",$A$48, "-", $D77, "-", G$43, "-", $A$45),model_trn_tours, 7,FALSE),0) -> 0 | H77: =IFERROR(VLOOKUP(CONCATENATE($A$51,"-",$A$48, "-", $D77, "-", H$43, "-", $A$45),model_trn_tours, 7,FALSE),0) -> 0 | I77: =IFERROR(VLOOKUP(CONCATENATE($A$51,"-",$A$48, "-", $D77, "-", I$43, "-", $A$45),model_trn_tours, 7,FALSE),0) -> 0 | J77: =IFERROR(VLOOKUP(CONCATENATE($A$51,"-",$A$48, "-", $D77, "-", J$43, "-", $A$45),model_trn_tours, 7,FALSE),0) -> 0 | K77: =IFERROR(VLOOKUP(CONCATENATE($A$51,"-",$A$48, "-", $D77, "-", K$43, "-", $A$45),model_trn_tours, 7,FALSE),0) -> 0 | L77: =IFERROR(VLOOKUP(CONCATENATE($A$51,"-",$A$48, "-", $D77, "-", L$43, "-", $A$45),model_trn_tours, 7,FALSE),0) -> 0 | ... AL77: =IFERROR(VLOOKUP(CONCATENATE($A$51,"-",$A$48, "-", $D77, "-", AL$43, "-", $A$45),model_trn_tours, 7,FALSE),0) -> 0 | AM77: =SUM(E77:AL77) -> 0
D78: Total | E78: =SUM(E44:E77) -> 0 | F78: =SUM(F44:F77) -> 0 | G78: =SUM(G44:G77) -> 0 | H78: =SUM(H44:H77) -> 0 | I78: =SUM(I44:I77) -> 0 | J78: =SUM(J44:J77) -> 0 | K78: =SUM(K44:K77) -> 0 | L78: =SUM(L44:L77) -> 0 | ... AM78: =SUM(AM44:AM77) -> 0
D81: Model Tours minus Onboard Survey Counts
E82: Destination District
E83: Greater Downtown San Francisco | F83: San Francisco Richmond District | G83: San Francisco Mission District | H83: San Francisco Sunset District | I83: Daly City and San Bruno | J83: San Mateo and Burlingame | K83: Redwood City and Menlo Park | L83: Palo Alto and Los Altos | M83: Sunnyvale and Mountain View | N83: Cupertino and Saratoga | O83: Central San Jose | P83: Milpitas and East San Jose | Q83: South San Jose | R83: Gilroy and Morgan Hill | S83: Livermore and Pleasanton | T83: Fremont and Union City | U83: Hayward and San Leandro | V83: Oakland and Alameda | W83: Berkeley and Albany | X83: Richmond and El Cerrito | Y83: Concord and Martinez | Z83: Walnut Creek | AA83: Danville and San Ramon | AB83: Antioch and Pittsburg | AC83: Vallejo and Benicia | AD83: Fairfield and Vacaville | AE83: Napa | AF83: St Helena | AG83: Petaluma and Rohnert Park | AH83: Santa Rosa and Sebastopol | AI83: Healdsburg and Cloverdale | AJ83: Novato | AK83: San Rafael | AL83: Mill Valley and Sausalito | AM83: Total
C84: Origin District | D84: Greater Downtown San Francisco | E84: =E44-E4 -> 0 | F84: =F44-F4 -> 0 | G84: =G44-G4 -> 0 | H84: =H44-H4 -> 0 | I84: =I44-I4 -> 0 | J84: =J44-J4 -> 0 | K84: =K44-K4 -> 0 | L84: =L44-L4 -> 0 | ... AM84: =AM44-AM4 -> 0
D85: San Francisco Richmond District | E85: =E45-E5 -> 0 | F85: =F45-F5 -> 0 | G85: =G45-G5 -> 0 | H85: =H45-H5 -> 0 | I85: =I45-I5 -> 0 | J85: =J45-J5 -> 0 | K85: =K45-K5 -> 0 | L85: =L45-L5 -> 0 | ... AM85: =AM45-AM5 -> 0
D86: San Francisco Mission District | E86: =E46-E6 -> 0 | F86: =F46-F6 -> 0 | G86: =G46-G6 -> 0 | H86: =H46-H6 -> 0 | I86: =I46-I6 -> 0 | J86: =J46-J6 -> 0 | K86: =K46-K6 -> 0 | L86: =L46-L6 -> 0 | ... AM86: =AM46-AM6 -> 0
D87: San Francisco Sunset District | E87: =E47-E7 -> 0 | F87: =F47-F7 -> 0 | G87: =G47-G7 -> 0 | H87: =H47-H7 -> 0 | I87: =I47-I7 -> 0 | J87: =J47-J7 -> 0 | K87: =K47-K7 -> 0 | L87: =L47-L7 -> 0 | ... AM87: =AM47-AM7 -> 0
D88: Daly City and San Bruno | E88: =E48-E8 -> 0 | F88: =F48-F8 -> 0 | G88: =G48-G8 -> 0 | H88: =H48-H8 -> 0 | I88: =I48-I8 -> 0 | J88: =J48-J8 -> 0 | K88: =K48-K8 -> 0 | L88: =L48-L8 -> 0 | ... AM88: =AM48-AM8 -> 0
D89: San Mateo and Burlingame | E89: =E49-E9 -> 0 | F89: =F49-F9 -> 0 | G89: =G49-G9 -> 0 | H89: =H49-H9 -> 0 | I89: =I49-I9 -> 0 | J89: =J49-J9 -> 0 | K89: =K49-K9 -> 0 | L89: =L49-L9 -> 0 | ... AM89: =AM49-AM9 -> 0
D90: Redwood City and Menlo Park | E90: =E50-E10 -> 0 | F90: =F50-F10 -> 0 | G90: =G50-G10 -> 0 | H90: =H50-H10 -> 0 | I90: =I50-I10 -> 0 | J90: =J50-J10 -> 0 | K90: =K50-K10 -> 0 | L90: =L50-L10 -> 0 | ... AM90: =AM50-AM10 -> 0
D91: Palo Alto and Los Altos | E91: =E51-E11 -> 0 | F91: =F51-F11 -> 0 | G91: =G51-G11 -> 0 | H91: =H51-H11 -> 0 | I91: =I51-I11 -> 0 | J91: =J51-J11 -> 0 | K91: =K51-K11 -> 0 | L91: =L51-L11 -> 0 | ... AM91: =AM51-AM11 -> 0
D92: Sunnyvale and Mountain View | E92: =E52-E12 -> 0 | F92: =F52-F12 -> 0 | G92: =G52-G12 -> 0 | H92: =H52-H12 -> 0 | I92: =I52-I12 -> 0 | J92: =J52-J12 -> 0 | K92: =K52-K12 -> 0 | L92: =L52-L12 -> 0 | ... AM92: =AM52-AM12 -> 0
D93: Cupertino and Saratoga | E93: =E53-E13 -> 0 | F93: =F53-F13 -> 0 | G93: =G53-G13 -> 0 | H93: =H53-H13 -> 0 | I93: =I53-I13 -> 0 | J93: =J53-J13 -> 0 | K93: =K53-K13 -> 0 | L93: =L53-L13 -> 0 | ... AM93: =AM53-AM13 -> 0
D94: Central San Jose | E94: =E54-E14 -> 0 | F94: =F54-F14 -> 0 | G94: =G54-G14 -> 0 | H94: =H54-H14 -> 0 | I94: =I54-I14 -> 0 | J94: =J54-J14 -> 0 | K94: =K54-K14 -> 0 | L94: =L54-L14 -> 0 | ... AM94: =AM54-AM14 -> 0
D95: Milpitas and East San Jose | E95: =E55-E15 -> 0 | F95: =F55-F15 -> 0 | G95: =G55-G15 -> 0 | H95: =H55-H15 -> 0 | I95: =I55-I15 -> 0 | J95: =J55-J15 -> 0 | K95: =K55-K15 -> 0 | L95: =L55-L15 -> 0 | ... AM95: =AM55-AM15 -> 0
D96: South San Jose | E96: =E56-E16 -> 0 | F96: =F56-F16 -> 0 | G96: =G56-G16 -> 0 | H96: =H56-H16 -> 0 | I96: =I56-I16 -> 0 | J96: =J56-J16 -> 0 | K96: =K56-K16 -> 0 | L96: =L56-L16 -> 0 | ... AM96: =AM56-AM16 -> 0
... D118: Total | E118: =E78-E38 -> 0 | F118: =F78-F38 -> 0 | G118: =G78-G38 -> 0 | H118: =H78-H38 -> 0 | I118: =I78-I38 -> 0 | J118: =J78-J38 -> 0 | K118: =K78-K38 -> 0 | L118: =L78-L38 -> 0 | ... AM118: =AM78-AM38 -> 0
D121: Model minus Onboard Survey Counts (percentage)
E122: Destination District
E123: Greater Downtown San Francisco | F123: San Francisco Richmond District | G123: San Francisco Mission District | H123: San Francisco Sunset District | I123: Daly City and San Bruno | J123: San Mateo and Burlingame | K123: Redwood City and Menlo Park | L123: Palo Alto and Los Altos | M123: Sunnyvale and Mountain View | N123: Cupertino and Saratoga | O123: Central San Jose | P123: Milpitas and East San Jose | Q123: South San Jose | R123: Gilroy and Morgan Hill | S123: Livermore and Pleasanton | T123: Fremont and Union City | U123: Hayward and San Leandro | V123: Oakland and Alameda | W123: Berkeley and Albany | X123: Richmond and El Cerrito | Y123: Concord and Martinez | Z123: Walnut Creek | AA123: Danville and San Ramon | AB123: Antioch and Pittsburg | AC123: Vallejo and Benicia | AD123: Fairfield and Vacaville | AE123: Napa | AF123: St Helena | AG123: Petaluma and Rohnert Park | AH123: Santa Rosa and Sebastopol | AI123: Healdsburg and Cloverdale | AJ123: Novato | AK123: San Rafael | AL123: Mill Valley and Sausalito | AM123: Total
C124: Origin District | D124: Greater Downtown San Francisco | E124: =IF(ABS(E4)>100,E84/E4,0) -> 0 | F124: =IF(ABS(F4)>100,F84/F4,0) -> 0 | G124: =IF(ABS(G4)>100,G84/G4,0) -> 0 | H124: =IF(ABS(H4)>100,H84/H4,0) -> 0 | I124: =IF(ABS(I4)>100,I84/I4,0) -> 0 | J124: =IF(ABS(J4)>100,J84/J4,0) -> 0 | K124: =IF(ABS(K4)>100,K84/K4,0) -> 0 | L124: =IF(ABS(L4)>100,L84/L4,0) -> 0 | ... AM124: =IF(ABS(AM4)>100,AM84/AM4,0) -> 0
D125: San Francisco Richmond District | E125: =IF(ABS(E5)>100,E85/E5,0) -> 0 | F125: =IF(ABS(F5)>100,F85/F5,0) -> 0 | G125: =IF(ABS(G5)>100,G85/G5,0) -> 0 | H125: =IF(ABS(H5)>100,H85/H5,0) -> 0 | I125: =IF(ABS(I5)>100,I85/I5,0) -> 0 | J125: =IF(ABS(J5)>100,J85/J5,0) -> 0 | K125: =IF(ABS(K5)>100,K85/K5,0) -> 0 | L125: =IF(ABS(L5)>100,L85/L5,0) -> 0 | ... AM125: =IF(ABS(AM5)>100,AM85/AM5,0) -> 0
D126: San Francisco Mission District | E126: =IF(ABS(E6)>100,E86/E6,0) -> 0 | F126: =IF(ABS(F6)>100,F86/F6,0) -> 0 | G126: =IF(ABS(G6)>100,G86/G6,0) -> 0 | H126: =IF(ABS(H6)>100,H86/H6,0) -> 0 | I126: =IF(ABS(I6)>100,I86/I6,0) -> 0 | J126: =IF(ABS(J6)>100,J86/J6,0) -> 0 | K126: =IF(ABS(K6)>100,K86/K6,0) -> 0 | L126: =IF(ABS(L6)>100,L86/L6,0) -> 0 | ... AM126: =IF(ABS(AM6)>100,AM86/AM6,0) -> 0
D127: San Francisco Sunset District | E127: =IF(ABS(E7)>100,E87/E7,0) -> 0 | F127: =IF(ABS(F7)>100,F87/F7,0) -> 0 | G127: =IF(ABS(G7)>100,G87/G7,0) -> 0 | H127: =IF(ABS(H7)>100,H87/H7,0) -> 0 | I127: =IF(ABS(I7)>100,I87/I7,0) -> 0 | J127: =IF(ABS(J7)>100,J87/J7,0) -> 0 | K127: =IF(ABS(K7)>100,K87/K7,0) -> 0 | L127: =IF(ABS(L7)>100,L87/L7,0) -> 0 | ... AM127: =IF(ABS(AM7)>100,AM87/AM7,0) -> 0
D128: Daly City and San Bruno | E128: =IF(ABS(E8)>100,E88/E8,0) -> 0 | F128: =IF(ABS(F8)>100,F88/F8,0) -> 0 | G128: =IF(ABS(G8)>100,G88/G8,0) -> 0 | H128: =IF(ABS(H8)>100,H88/H8,0) -> 0 | I128: =IF(ABS(I8)>100,I88/I8,0) -> 0 | J128: =IF(ABS(J8)>100,J88/J8,0) -> 0 | K128: =IF(ABS(K8)>100,K88/K8,0) -> 0 | L128: =IF(ABS(L8)>100,L88/L8,0) -> 0 | ... AM128: =IF(ABS(AM8)>100,AM88/AM8,0) -> 0
D129: San Mateo and Burlingame | E129: =IF(ABS(E9)>100,E89/E9,0) -> 0 | F129: =IF(ABS(F9)>100,F89/F9,0) -> 0 | G129: =IF(ABS(G9)>100,G89/G9,0) -> 0 | H129: =IF(ABS(H9)>100,H89/H9,0) -> 0 | I129: =IF(ABS(I9)>100,I89/I9,0) -> 0 | J129: =IF(ABS(J9)>100,J89/J9,0) -> 0 | K129: =IF(ABS(K9)>100,K89/K9,0) -> 0 | L129: =IF(ABS(L9)>100,L89/L9,0) -> 0 | ... AM129: =IF(ABS(AM9)>100,AM89/AM9,0) -> 0
D130: Redwood City and Menlo Park | E130: =IF(ABS(E10)>100,E90/E10,0) -> 0 | F130: =IF(ABS(F10)>100,F90/F10,0) -> 0 | G130: =IF(ABS(G10)>100,G90/G10,0) -> 0 | H130: =IF(ABS(H10)>100,H90/H10,0) -> 0 | I130: =IF(ABS(I10)>100,I90/I10,0) -> 0 | J130: =IF(ABS(J10)>100,J90/J10,0) -> 0 | K130: =IF(ABS(K10)>100,K90/K10,0) -> 0 | L130: =IF(ABS(L10)>100,L90/L10,0) -> 0 | ... AM130: =IF(ABS(AM10)>100,AM90/AM10,0) -> 0
D131: Palo Alto and Los Altos | E131: =IF(ABS(E11)>100,E91/E11,0) -> 0 | F131: =IF(ABS(F11)>100,F91/F11,0) -> 0 | G131: =IF(ABS(G11)>100,G91/G11,0) -> 0 | H131: =IF(ABS(H11)>100,H91/H11,0) -> 0 | I131: =IF(ABS(I11)>100,I91/I11,0) -> 0 | J131: =IF(ABS(J11)>100,J91/J11,0) -> 0 | K131: =IF(ABS(K11)>100,K91/K11,0) -> 0 | L131: =IF(ABS(L11)>100,L91/L11,0) -> 0 | ... AM131: =IF(ABS(AM11)>100,AM91/AM11,0) -> 0
D132: Sunnyvale and Mountain View | E132: =IF(ABS(E12)>100,E92/E12,0) -> 0 | F132: =IF(ABS(F12)>100,F92/F12,0) -> 0 | G132: =IF(ABS(G12)>100,G92/G12,0) -> 0 | H132: =IF(ABS(H12)>100,H92/H12,0) -> 0 | I132: =IF(ABS(I12)>100,I92/I12,0) -> 0 | J132: =IF(ABS(J12)>100,J92/J12,0) -> 0 | K132: =IF(ABS(K12)>100,K92/K12,0) -> 0 | L132: =IF(ABS(L12)>100,L92/L12,0) -> 0 | ... AM132: =IF(ABS(AM12)>100,AM92/AM12,0) -> 0
D133: Cupertino and Saratoga | E133: =IF(ABS(E13)>100,E93/E13,0) -> 0 | F133: =IF(ABS(F13)>100,F93/F13,0) -> 0 | G133: =IF(ABS(G13)>100,G93/G13,0) -> 0 | H133: =IF(ABS(H13)>100,H93/H13,0) -> 0 | I133: =IF(ABS(I13)>100,I93/I13,0) -> 0 | J133: =IF(ABS(J13)>100,J93/J13,0) -> 0 | K133: =IF(ABS(K13)>100,K93/K13,0) -> 0 | L133: =IF(ABS(L13)>100,L93/L13,0) -> 0 | ... AM133: =IF(ABS(AM13)>100,AM93/AM13,0) -> 0
D134: Central San Jose | E134: =IF(ABS(E14)>100,E94/E14,0) -> 0 | F134: =IF(ABS(F14)>100,F94/F14,0) -> 0 | G134: =IF(ABS(G14)>100,G94/G14,0) -> 0 | H134: =IF(ABS(H14)>100,H94/H14,0) -> 0 | I134: =IF(ABS(I14)>100,I94/I14,0) -> 0 | J134: =IF(ABS(J14)>100,J94/J14,0) -> 0 | K134: =IF(ABS(K14)>100,K94/K14,0) -> 0 | L134: =IF(ABS(L14)>100,L94/L14,0) -> 0 | ... AM134: =IF(ABS(AM14)>100,AM94/AM14,0) -> 0
D135: Milpitas and East San Jose | E135: =IF(ABS(E15)>100,E95/E15,0) -> 0 | F135: =IF(ABS(F15)>100,F95/F15,0) -> 0 | G135: =IF(ABS(G15)>100,G95/G15,0) -> 0 | H135: =IF(ABS(H15)>100,H95/H15,0) -> 0 | I135: =IF(ABS(I15)>100,I95/I15,0) -> 0 | J135: =IF(ABS(J15)>100,J95/J15,0) -> 0 | K135: =IF(ABS(K15)>100,K95/K15,0) -> 0 | L135: =IF(ABS(L15)>100,L95/L15,0) -> 0 | ... AM135: =IF(ABS(AM15)>100,AM95/AM15,0) -> 0
D136: South San Jose | E136: =IF(ABS(E16)>100,E96/E16,0) -> 0 | F136: =IF(ABS(F16)>100,F96/F16,0) -> 0 | G136: =IF(ABS(G16)>100,G96/G16,0) -> 0 | H136: =IF(ABS(H16)>100,H96/H16,0) -> 0 | I136: =IF(ABS(I16)>100,I96/I16,0) -> 0 | J136: =IF(ABS(J16)>100,J96/J16,0) -> 0 | K136: =IF(ABS(K16)>100,K96/K16,0) -> 0 | L136: =IF(ABS(L16)>100,L96/L16,0) -> 0 | ... AM136: =IF(ABS(AM16)>100,AM96/AM16,0) -> 0
...

Sheet CBD_SF
C1: ModeChoice.xls | E1: TM1.6 | G1: TM1.7 | L1: Transit Tours to/within/from CBD / SF | S1: Transit Tours to/within/from CBD / SF (Grouping Access Mode/Purpose to match Snapshot survey)
E2: Constant | F2: IVT equivalent | G2: Existing Constant | H2: IVT equivalent | I2: New Constant | J2: IVT equivalent | L2: 1.5.2 Observed | M2: Observed | N2: Scaled Observed | O2: Modeled | P2: Diff - Absolute | Q2: Diff - Pct | U2: 1.5.2 Observed | V2: Observed | W2: Modeled | X2: Diff - Absolute | Y2: Diff - Pct
A3: 1 | B3: work | C3: Work | D3: Walk to Transit - to CBD dummy | E3: 0.268 | F3: =-1*E3/[0]!work_c_ivt -> 20 | G3: 0 | H3: =-1*G3/[0]!work_c_ivt -> 0 | I3: =J3*[0]!work_c_ivt*-1 -> 0 | J3: =H3 -> 0 | L3: 121507.95 | M3: {=SUM(IF((OBS_District_Flows!$E:$E="Greater Downtown San Francisco")*(OBS_District_Flows!$G:$G=$A3),OBS_District_Flows!$K:$K,0))} -> 77218.694 | N3: =M3*OBS_Adjustments!$AB$12 -> 33055.271 | O3: {=SUM(IF((modeldata!$T:$T="walk")*(modeldata!$U:$U="Total")*(modeldata!$W:$W="Greater Downtown San Francisco")*(modeldata!$X:$X=$B3),modeldata!$Y:$Y,0))} -> 0 | P3: =O3-M3 -> -77218.694 | Q3: =P3/M3 -> -1 | S3: Work | T3: Transit - to CBD Dummy | U3: =SUM(L3:L4) -> 188896.58 | V3: =SUM(N3:N4) -> 33055.271 | W3: =SUM(O3:O4) -> 0 | X3: =W3-V3 -> -33055.271 | Y3: =X3/V3 -> -1 | AA3: Note: the Observed/Modeled totals for "CBD" are not really for the CBD as defined by the model; they're based on the Downtown San Francisco district.
A4: 1 | B4: work | D4: Drive to Transit - to CBD dummy | E4: 0.603 | F4: =-1*E4/[0]!work_c_ivt -> 45 | G4: 0 | H4: =-1*G4/[0]!work_c_ivt -> 0 | I4: =J4*[0]!work_c_ivt*-1 -> 0 | J4: =H4 -> 0 | L4: 67388.633 | N4: =M4*OBS_Adjustments!$AB$12 -> 0 | O4: {=SUM(IF((modeldata!$T:$T="drive")*(modeldata!$U:$U="Total")*(modeldata!$W:$W="Greater Downtown San Francisco")*(modeldata!$X:$X=$B4),modeldata!$Y:$Y,0))} -> 0 | P4: =O4-M4 -> 0 | Q4: =P4/M4 -> #DIV/0!
A5: 1 | B5: work | D5: Walk to Transit - to San Francisco dummy | E5: 1.206 | F5: =-1*E5/[0]!work_c_ivt -> 90 | G5: 0 | H5: =-1*G5/[0]!work_c_ivt -> 0 | I5: =J5*[0]!work_c_ivt*-1 -> 0 | J5: =H5 -> 0 | L5: 199807.86 | M5: {=SUM(IF((IFERROR(FIND("San Francisco",OBS_District_Flows!$E:$E),-1)>=0)*(OBS_District_Flows!$G:$G=$A3),OBS_District_Flows!$K:$K,0))} -> 213819.91 | N5: =M5*OBS_Adjustments!$AB$12 -> 91530.622 | O5: {=SUM(IF((modeldata!$T:$T="walk")*(modeldata!$U:$U="Total")*(IFERROR(FIND("San Francisco",modeldata!$W:$W),-1)>=0)*(modeldata!$X:$X=$B5),modeldata!$Y:$Y,0))} -> 0 | P5: =O5-M5 -> -213819.91 | Q5: =P5/M5 -> -1 | T5: Transit - to SF Dummy | U5: =SUM(L5:L6) -> 282067.56 | V5: =SUM(N5:N6) -> 91530.622 | W5: =SUM(O5:O6) -> 0 | X5: =W5-V5 -> -91530.622 | Y5: =X5/V5 -> -1
A6: 1 | B6: work | D6: Drive to Transit - to San Francisco dummy | E6: 1.206 | F6: =-1*E6/[0]!work_c_ivt -> 90 | G6: 0 | H6: =-1*G6/[0]!work_c_ivt -> 0 | I6: =J6*[0]!work_c_ivt*-1 -> 0 | J6: =H6 -> 0 | L6: 82259.699 | N6: =M6*OBS_Adjustments!$AB$12 -> 0 | O6: {=SUM(IF((modeldata!$T:$T="drive")*(modeldata!$U:$U="Total")*(IFERROR(FIND("San Francisco",modeldata!$W:$W),-1)>=0)*(modeldata!$X:$X=$B6),modeldata!$Y:$Y,0))} -> 0 | P6: =O6-M6 -> 0 | Q6: =P6/M6 -> #DIV/0!
A7: 1 | B7: work | D7: Walk to Transit - Within SF dummy | E7: 1.005 | F7: =-1*E7/[0]!work_c_ivt -> 75 | G7: 0 | H7: =-1*G7/[0]!work_c_ivt -> 0 | I7: =J7*[0]!work_c_ivt*-1 -> 0 | J7: =H7 -> 0 | L7: 158573.31 | M7: {=SUM(IF((IFERROR(FIND("San Francisco",OBS_District_Flows!$E:$E),-1)>=0)*(IFERROR(FIND("San Francisco",OBS_District_Flows!$C:$C),-1)>=0)*(OBS_District_Flows!$G:$G=$A7),OBS_District_Flows!$K:$K,0))} -> 168369.73 | N7: =M7*OBS_Adjustments!$AB$12 -> 72074.609 | O7: {=SUM(IF((modeldata!$T:$T="walk")*(modeldata!$U:$U="Total")*(IFERROR(FIND("San Francisco",modeldata!$W:$W),-1)>=0)*(IFERROR(FIND("San Francisco",modeldata!$V:$V),-1)>=0)*(modeldata!$X:$X=$B7),modeldata!$Y:$Y,0))} -> 0 | P7: =O7-M7 -> -168369.73 | Q7: =P7/M7 -> -1 | T7: Transit - Within SF Dummy | U7: =SUM(L7:L8) -> 166703.19 | V7: =SUM(N7:N8) -> 72074.609 | W7: =SUM(O7:O8) -> 0 | X7: =W7-V7 -> -72074.609 | Y7: =X7/V7 -> -1
A8: 1 | B8: work | D8: Drive to Transit - Within SF dummy | E8: 1.206 | F8: =-1*E8/[0]!work_c_ivt -> 90 | G8: 0 | H8: =-1*G8/[0]!work_c_ivt -> 0 | I8: =J8*[0]!work_c_ivt*-1 -> 0 | J8: =H8 -> 0 | L8: 8129.8823 | N8: =M8*OBS_Adjustments!$AB$12 -> 0 | O8: {=SUM(IF((modeldata!$T:$T="drive")*(modeldata!$U:$U="Total")*(IFERROR(FIND("San Francisco",modeldata!$W:$W),-1)>=0)*(IFERROR(FIND("San Francisco",modeldata!$V:$V),-1)>=0)*(modeldata!$X:$X=$B8),modeldata!$Y:$Y,0))} -> 0 | P8: =O8-M8 -> 0 | Q8: =P8/M8 -> #DIV/0!
A9: 1 | B9: work | D9: Walk to Transit - from San Francisco dummy | E9: 0.201 | F9: =-1*E9/[0]!work_c_ivt -> 15 | G9: 0 | H9: =-1*G9/[0]!work_c_ivt -> 0 | I9: =J9*[0]!work_c_ivt*-1 -> 0 | J9: =H9 -> 0 | L9: 171555.79 | M9: {=SUM(IF((IFERROR(FIND("San Francisco",OBS_District_Flows!$C:$C),-1)>=0)*(OBS_District_Flows!$G:$G=$A9),OBS_District_Flows!$K:$K,0))} -> 201752.68 | N9: =M9*OBS_Adjustments!$AB$12 -> 86364.962 | O9: {=SUM(IF((modeldata!$T:$T="walk")*(modeldata!$U:$U="Total")*(IFERROR(FIND("San Francisco",modeldata!$V:$V),-1)>=0)*(modeldata!$X:$X=$B9),modeldata!$Y:$Y,0))} -> 0 | P9: =O9-M9 -> -201752.68 | Q9: =P9/M9 -> -1 | T9: Transit - from SF Dummy | U9: =SUM(L9:L10) -> 186841.4 | V9: =SUM(N9:N10) -> 86364.962 | W9: =SUM(O9:O10) -> 0 | X9: =W9-V9 -> -86364.962 | Y9: =X9/V9 -> -1
A10: 1 | B10: work | D10: Drive to Transit - from San Francisco dummy | E10: 0.804 | F10: =-1*E10/[0]!work_c_ivt -> 60 | G10: 0 | H10: =-1*G10/[0]!work_c_ivt -> 0 | I10: =J10*[0]!work_c_ivt*-1 -> 0 | J10: =H10 -> 0 | L10: 15285.61 | N10: =M10*OBS_Adjustments!$AB$12 -> 0 | O10: {=SUM(IF((modeldata!$T:$T="drive")*(modeldata!$U:$U="Total")*(IFERROR(FIND("San Francisco",modeldata!$V:$V),-1)>=0)*(modeldata!$X:$X=$B10),modeldata!$Y:$Y,0))} -> 0 | P10: =O10-M10 -> 0 | Q10: =P10/M10 -> #DIV/0!
A11: 2 | B11: university | C11: University | D11: Walk to Transit - to CBD dummy | E11: 1.568 | F11: =-1*E11/[0]!university_c_ivt -> 70 | G11: 0 | H11: =-1*G11/[0]!university_c_ivt -> 0 | I11: =J11*[0]!university_c_ivt*-1 -> 0 | J11: =H11 -> 0 | L11: 7335.8466 | M11: {=SUM(IF((OBS_District_Flows!$E:$E="Greater Downtown San Francisco")*(OBS_District_Flows!$G:$G=$A11),OBS_District_Flows!$K:$K,0))} -> 0 | O11: {=SUM(IF((modeldata!$T:$T="walk")*(modeldata!$U:$U="Total")*(modeldata!$W:$W="Greater Downtown San Francisco")*(modeldata!$X:$X=$B11),modeldata!$Y:$Y,0))} -> 0 | P11: =O11-M11 -> 0 | Q11: =P11/M11 -> #DIV/0! | S11: School (University & Grade School) | T11: Transit - to CBD Dummy | U11: =SUM(L11:L12)+SUM(L19:L20) -> 11749.03 | V11: =SUM(N11:N12)+SUM(N19:N20) -> 5794.2591 | W11: =SUM(O11:O12)+SUM(O19:O20) -> 0 | X11: =W11-V11 -> -5794.2591 | Y11: =X11/V11 -> -1
A12: 2 | B12: university | D12: Drive to Transit - to CBD dummy | E12: 1.568 | F12: =-1*E12/[0]!university_c_ivt -> 70 | G12: 0 | H12: =-1*G12/[0]!university_c_ivt -> 0 | I12: =J12*[0]!university_c_ivt*-1 -> 0 | J12: =H12 -> 0 | L12: 3018.3413 | O12: {=SUM(IF((modeldata!$T:$T="drive")*(modeldata!$U:$U="Total")*(modeldata!$W:$W="Greater Downtown San Francisco")*(modeldata!$X:$X=$B12),modeldata!$Y:$Y,0))} -> 0 | P12: =O12-M12 -> 0 | Q12: =P12/M12 -> #DIV/0!
A13: 2 | B13: university | D13: Walk to Transit - to San Francisco dummy | E13: 2.24 | F13: =-1*E13/[0]!university_c_ivt -> 100 | G13: 0 | H13: =-1*G13/[0]!university_c_ivt -> 0 | I13: =J13*[0]!university_c_ivt*-1 -> 0 | J13: =H13 -> 0 | L13: 25531.184 | M13: {=SUM(IF((IFERROR(FIND("San Francisco",OBS_District_Flows!$E:$E),-1)>=0)*(OBS_District_Flows!$G:$G=$A11),OBS_District_Flows!$K:$K,0))} -> 0 | O13: {=SUM(IF((modeldata!$T:$T="walk")*(modeldata!$U:$U="Total")*(IFERROR(FIND("San Francisco",modeldata!$W:$W),-1)>=0)*(modeldata!$X:$X=$B13),modeldata!$Y:$Y,0))} -> 0 | P13: =O13-M13 -> 0 | Q13: =P13/M13 -> #DIV/0! | T13: Transit - to SF Dummy | U13: =SUM(L13:L14)+SUM(L21:L22) -> 37767.764 | V13: =SUM(N13:N14)+SUM(N21:N22) -> 26271.857 | W13: =SUM(O13:O14)+SUM(O21:O22) -> 0 | X13: =W13-V13 -> -26271.857 | Y13: =X13/V13 -> -1
A14: 2 | B14: university | D14: Drive to Transit - to San Francisco dummy | E14: 2.24 | F14: =-1*E14/[0]!university_c_ivt -> 100 | G14: 0 | H14: =-1*G14/[0]!university_c_ivt -> 0 | I14: =J14*[0]!university_c_ivt*-1 -> 0 | J14: =H14 -> 0 | L14: 5255.2654 | O14: {=SUM(IF((modeldata!$T:$T="drive")*(modeldata!$U:$U="Total")*(IFERROR(FIND("San Francisco",modeldata!$W:$W),-1)>=0)*(modeldata!$X:$X=$B14),modeldata!$Y:$Y,0))} -> 0 | P14: =O14-M14 -> 0 | Q14: =P14/M14 -> #DIV/0!
A15: 2 | B15: university | D15: Walk to Transit - Within SF dummy | E15: 0.56 | F15: =-1*E15/[0]!university_c_ivt -> 25 | G15: 0 | H15: =-1*G15/[0]!university_c_ivt -> 0 | I15: =J15*[0]!university_c_ivt*-1 -> 0 | J15: =H15 -> 0 | L15: 20771.556 | M15: {=SUM(IF((IFERROR(FIND("San Francisco",OBS_District_Flows!$E:$E),-1)>=0)*(IFERROR(FIND("San Francisco",OBS_District_Flows!$C:$C),-1)>=0)*(OBS_District_Flows!$G:$G=$A15),OBS_District_Flows!$K:$K,0))} -> 0 | O15: {=SUM(IF((modeldata!$T:$T="walk")*(modeldata!$U:$U="Total")*(IFERROR(FIND("San Francisco",modeldata!$W:$W),-1)>=0)*(IFERROR(FIND("San Francisco",modeldata!$V:$V),-1)>=0)*(modeldata!$X:$X=$B15),modeldata!$Y:$Y,0))} -> 0 | P15: =O15-M15 -> 0 | Q15: =P15/M15 -> #DIV/0! | T15: Transit - Within SF Dummy | U15: =SUM(L15:L16)+SUM(L23:L24) -> 27739.81 | V15: =SUM(N15:N16)+SUM(N23:N24) -> 22684.993 | W15: =SUM(O15:O16)+SUM(O23:O24) -> 0 | X15: =W15-V15 -> -22684.993 | Y15: =X15/V15 -> -1
A16: 2 | B16: university | D16: Drive to Transit - Within SF dummy | E16: 0.672 | F16: =-1*E16/[0]!university_c_ivt -> 30 | G16: 0 | H16: =-1*G16/[0]!university_c_ivt -> 0 | I16: =J16*[0]!university_c_ivt*-1 -> 0 | J16: =H16 -> 0 | L16: 841.01454 | O16: {=SUM(IF((modeldata!$T:$T="drive")*(modeldata!$U:$U="Total")*(IFERROR(FIND("San Francisco",modeldata!$W:$W),-1)>=0)*(IFERROR(FIND("San Francisco",modeldata!$V:$V),-1)>=0)*(modeldata!$X:$X=$B16),modeldata!$Y:$Y,0))} -> 0 | P16: =O16-M16 -> 0 | Q16: =P16/M16 -> #DIV/0!
A17: 2 | B17: university | D17: Walk to Transit - from San Francisco dummy | E17: 0.224 | F17: =-1*E17/[0]!university_c_ivt -> 10 | G17: 0 | H17: =-1*G17/[0]!university_c_ivt -> 0 | I17: =J17*[0]!university_c_ivt*-1 -> 0 | J17: =H17 -> 0 | L17: 22166.99 | M17: {=SUM(IF((IFERROR(FIND("San Francisco",OBS_District_Flows!$C:$C),-1)>=0)*(OBS_District_Flows!$G:$G=$A17),OBS_District_Flows!$K:$K,0))} -> 0 | O17: {=SUM(IF((modeldata!$T:$T="walk")*(modeldata!$U:$U="Total")*(IFERROR(FIND("San Francisco",modeldata!$V:$V),-1)>=0)*(modeldata!$X:$X=$B17),modeldata!$Y:$Y,0))} -> 0 | P17: =O17-M17 -> 0 | Q17: =P17/M17 -> #DIV/0! | T17: Transit - from SF Dummy | U17: =SUM(L17:L18)+SUM(L25:L26) -> 29872.204 | V17: =SUM(N17:N18)+SUM(N25:N26) -> 25020.813 | W17: =SUM(O17:O18)+SUM(O25:O26) -> 0 | X17: =W17-V17 -> -25020.813 | Y17: =X17/V17 -> -1
A18: 2 | B18: university | D18: Drive to Transit - from San Francisco dummy | E18: 1.344 | F18: =-1*E18/[0]!university_c_ivt -> 60 | G18: 0 | H18: =-1*G18/[0]!university_c_ivt -> 0 | I18: =J18*[0]!university_c_ivt*-1 -> 0 | J18: =H18 -> 0 | L18: 1376.7038 | O18: {=SUM(IF((modeldata!$T:$T="drive")*(modeldata!$U:$U="Total")*(IFERROR(FIND("San Francisco",modeldata!$V:$V),-1)>=0)*(modeldata!$X:$X=$B18),modeldata!$Y:$Y,0))} -> 0 | P18: =O18-M18 -> 0 | Q18: =P18/M18 -> #DIV/0!
A19: 3 | B19: school | C19: School | D19: Walk to Transit - to CBD dummy | E19: 0 | F19: =-1*E19/[0]!school_c_ivt -> 0 | G19: 0 | H19: =-1*G19/[0]!school_c_ivt -> 0 | I19: =J19*[0]!school_c_ivt*-1 -> 0 | J19: =H19 -> 0 | L19: 1175.151 | M19: {=SUM(IF((OBS_District_Flows!$E:$E="Greater Downtown San Francisco")*(OBS_District_Flows!$G:$G=$A19),OBS_District_Flows!$K:$K,0))} -> 12094.268 | N19: =M19*OBS_Adjustments!$AB$67 -> 5794.2591 | O19: {=SUM(IF((modeldata!$T:$T="walk")*(modeldata!$U:$U="Total")*(modeldata!$W:$W="Greater Downtown San Francisco")*(modeldata!$X:$X=$B19),modeldata!$Y:$Y,0))} -> 0 | P19: =O19-M19 -> -12094.268 | Q19: =P19/M19 -> -1
A20: 3 | B20: school | D20: Drive to Transit - to CBD dummy | E20: 0 | F20: =-1*E20/[0]!school_c_ivt -> 0 | G20: 0 | H20: =-1*G20/[0]!school_c_ivt -> 0 | I20: =J20*[0]!school_c_ivt*-1 -> 0 | J20: =H20 -> 0 | L20: 219.69141 | O20: {=SUM(IF((modeldata!$T:$T="drive")*(modeldata!$U:$U="Total")*(modeldata!$W:$W="Greater Downtown San Francisco")*(modeldata!$X:$X=$B20),modeldata!$Y:$Y,0))} -> 0 | P20: =O20-M20 -> 0 | Q20: =P20/M20 -> #DIV/0!
A21: 3 | B21: school | D21: Walk to Transit - to San Francisco dummy | E21: 0.672 | F21: =-1*E21/[0]!school_c_ivt -> 30 | G21: 0 | H21: =-1*G21/[0]!school_c_ivt -> 0 | I21: =J21*[0]!school_c_ivt*-1 -> 0 | J21: =H21 -> 0 | L21: 6377.8687 | M21: {=SUM(IF((IFERROR(FIND("San Francisco",OBS_District_Flows!$E:$E),-1)>=0)*(OBS_District_Flows!$G:$G=$A19),OBS_District_Flows!$K:$K,0))} -> 54836.844 | N21: =M21*OBS_Adjustments!$AB$67 -> 26271.857 | O21: {=SUM(IF((modeldata!$T:$T="walk")*(modeldata!$U:$U="Total")*(IFERROR(FIND("San Francisco",modeldata!$W:$W),-1)>=0)*(modeldata!$X:$X=$B21),modeldata!$Y:$Y,0))} -> 0 | P21: =O21-M21 -> -54836.844 | Q21: =P21/M21 -> -1
A22: 3 | B22: school | D22: Drive to Transit - to San Francisco dummy | E22: 0.336 | F22: =-1*E22/[0]!school_c_ivt -> 15 | G22: 0 | H22: =-1*G22/[0]!school_c_ivt -> 0 | I22: =J22*[0]!school_c_ivt*-1 -> 0 | J22: =H22 -> 0 | L22: 603.446 | O22: {=SUM(IF((modeldata!$T:$T="drive")*(modeldata!$U:$U="Total")*(IFERROR(FIND("San Francisco",modeldata!$W:$W),-1)>=0)*(modeldata!$X:$X=$B22),modeldata!$Y:$Y,0))} -> 0 | P22: =O22-M22 -> 0 | Q22: =P22/M22 -> #DIV/0!
A23: 3 | B23: school | D23: Walk to Transit - Within SF dummy | E23: 0 | F23: =-1*E23/[0]!school_c_ivt -> 0 | G23: 0 | H23: =-1*G23/[0]!school_c_ivt -> 0 | I23: =J23*[0]!school_c_ivt*-1 -> 0 | J23: =H23 -> 0 | L23: 5973.0973 | M23: {=SUM(IF((IFERROR(FIND("San Francisco",OBS_District_Flows!$E:$E),-1)>=0)*(IFERROR(FIND("San Francisco",OBS_District_Flows!$C:$C),-1)>=0)*(OBS_District_Flows!$G:$G=$A23),OBS_District_Flows!$K:$K,0))} -> 47350.037 | N23: =M23*OBS_Adjustments!$AB$67 -> 22684.993 | O23: {=SUM(IF((modeldata!$T:$T="walk")*(modeldata!$U:$U="Total")*(IFERROR(FIND("San Francisco",modeldata!$W:$W),-1)>=0)*(IFERROR(FIND("San Francisco",modeldata!$V:$V),-1)>=0)*(modeldata!$X:$X=$B23),modeldata!$Y:$Y,0))} -> 0 | P23: =O23-M23 -> -47350.037 | Q23: =P23/M23 -> -1
A24: 3 | B24: school | D24: Drive to Transit - Within SF dummy | E24: 0 | F24: =-1*E24/[0]!school_c_ivt -> 0 | G24: 0 | H24: =-1*G24/[0]!school_c_ivt -> 0 | I24: =J24*[0]!school_c_ivt*-1 -> 0 | J24: =H24 -> 0 | L24: 154.14234 | O24: {=SUM(IF((modeldata!$T:$T="drive")*(modeldata!$U:$U="Total")*(IFERROR(FIND("San Francisco",modeldata!$W:$W),-1)>=0)*(IFERROR(FIND("San Francisco",modeldata!$V:$V),-1)>=0)*(modeldata!$X:$X=$B24),modeldata!$Y:$Y,0))} -> 0 | P24: =O24-M24 -> 0 | Q24: =P24/M24 -> #DIV/0!
A25: 3 | B25: school | D25: Walk to Transit - from San Francisco dummy | E25: 0 | F25: =-1*E25/[0]!school_c_ivt -> 0 | G25: 0 | H25: =-1*G25/[0]!school_c_ivt -> 0 | I25: =J25*[0]!school_c_ivt*-1 -> 0 | J25: =H25 -> 0 | L25: 6121.481 | M25: {=SUM(IF((IFERROR(FIND("San Francisco",OBS_District_Flows!$C:$C),-1)>=0)*(OBS_District_Flows!$G:$G=$A25),OBS_District_Flows!$K:$K,0))} -> 52225.557 | N25: =M25*OBS_Adjustments!$AB$67 -> 25020.813 | O25: {=SUM(IF((modeldata!$T:$T="walk")*(modeldata!$U:$U="Total")*(IFERROR(FIND("San Francisco",modeldata!$V:$V),-1)>=0)*(modeldata!$X:$X=$B25),modeldata!$Y:$Y,0))} -> 0 | P25: =O25-M25 -> -52225.557 | Q25: =P25/M25 -> -1
A26: 3 | B26: school | D26: Drive to Transit - from San Francisco dummy | E26: 0 | F26: =-1*E26/[0]!school_c_ivt -> 0 | G26: 0 | H26: =-1*G26/[0]!school_c_ivt -> 0 | I26: =J26*[0]!school_c_ivt*-1 -> 0 | J26: =H26 -> 0 | L26: 207.02952 | O26: {=SUM(IF((modeldata!$T:$T="drive")*(modeldata!$U:$U="Total")*(IFERROR(FIND("San Francisco",modeldata!$V:$V),-1)>=0)*(modeldata!$X:$X=$B26),modeldata!$Y:$Y,0))} -> 0 | P26: =O26-M26 -> 0 | Q26: =P26/M26 -> #DIV/0!
A27: 4 | B27: ind_maint | C27: Escort | D27: Walk to Transit - to CBD dummy | E27: 0 | F27: =-1*E27/[0]!escort_c_ivt -> 0 | G27: 0 | H27: =-1*G27/[0]!escort_c_ivt -> 0 | I27: =J27*[0]!escort_c_ivt*-1 -> 0 | J27: =H27 -> 0 | L27: 28940.341 | M27: {=SUM(IF((OBS_District_Flows!$E:$E="Greater Downtown San Francisco")*(OBS_District_Flows!$G:$G=$A27),OBS_District_Flows!$K:$K,0))} -> 43937.791 | N27: =M27*OBS_Adjustments!$AB$94 -> 20244.92 | O27: {=SUM(IF((modeldata!$T:$T="walk")*(modeldata!$U:$U="Total")*(modeldata!$W:$W="Greater Downtown San Francisco")*(modeldata!$X:$X=$B27),modeldata!$Y:$Y,0))} -> 0 | P27: =O27-M27 -> -43937.791 | Q27: =P27/M27 -> -1 | S27: Escort | T27: Transit - to CBD Dummy | U27: =SUM(L27:L28) -> 32851.415 | V27: =SUM(N27:N28) -> 20244.92 | W27: =SUM(O27:O28) -> 0 | X27: =W27-V27 -> -20244.92 | Y27: =X27/V27 -> -1
A28: 4 | B28: ind_maint | C28: Shopping | D28: Drive to Transit - to CBD dummy | E28: 0 | F28: =-1*E28/[0]!escort_c_ivt -> 0 | G28: 0 | H28: =-1*G28/[0]!escort_c_ivt -> 0 | I28: =J28*[0]!escort_c_ivt*-1 -> 0 | J28: =H28 -> 0 | L28: 3911.0748 | O28: {=SUM(IF((modeldata!$T:$T="drive")*(modeldata!$U:$U="Total")*(modeldata!$W:$W="Greater Downtown San Francisco")*(modeldata!$X:$X=$B28),modeldata!$Y:$Y,0))} -> 0 | P28: =O28-M28 -> 0 | Q28: =P28/M28 -> #DIV/0! | S28: Shopping
A29: 4 | B29: ind_maint | C29: OthMaint | D29: Walk to Transit - to San Francisco dummy | E29: 1.225 | F29: =-1*E29/[0]!escort_c_ivt -> 70 | G29: 0 | H29: =-1*G29/[0]!escort_c_ivt -> 0 | I29: =J29*[0]!escort_c_ivt*-1 -> 0 | J29: =H29 -> 0 | L29: 66977.799 | M29: {=SUM(IF((IFERROR(FIND("San Francisco",OBS_District_Flows!$E:$E),-1)>=0)*(OBS_District_Flows!$G:$G=$A27),OBS_District_Flows!$K:$K,0))} -> 119108.79 | N29: =M29*OBS_Adjustments!$AB$94 -> 54880.956 | O29: {=SUM(IF((modeldata!$T:$T="walk")*(modeldata!$U:$U="Total")*(IFERROR(FIND("San Francisco",modeldata!$W:$W),-1)>=0)*(modeldata!$X:$X=$B29),modeldata!$Y:$Y,0))} -> 0 | P29: =O29-M29 -> -119108.79 | Q29: =P29/M29 -> -1 | S29: OthMaint | T29: Transit - to SF Dummy | U29: =SUM(L29:L30) -> 73006.615 | V29: =SUM(N29:N30) -> 54880.956 | W29: =SUM(O29:O30) -> 0 | X29: =W29-V29 -> -54880.956 | Y29: =X29/V29 -> -1
A30: 4 | B30: ind_maint | D30: Drive to Transit - to San Francisco dummy | E30: 1.05 | F30: =-1*E30/[0]!escort_c_ivt -> 60 | G30: 0 | H30: =-1*G30/[0]!escort_c_ivt -> 0 | I30: =J30*[0]!escort_c_ivt*-1 -> 0 | J30: =H30 -> 0 | L30: 6028.8157 | O30: {=SUM(IF((modeldata!$T:$T="drive")*(modeldata!$U:$U="Total")*(IFERROR(FIND("San Francisco",modeldata!$W:$W),-1)>=0)*(modeldata!$X:$X=$B30),modeldata!$Y:$Y,0))} -> 0 | P30: =O30-M30 -> 0 | Q30: =P30/M30 -> #DIV/0!
A31: 4 | B31: ind_maint | D31: Walk to Transit - Within SF dummy | E31: 0.35 | F31: =-1*E31/[0]!escort_c_ivt -> 20 | G31: 0 | H31: =-1*G31/[0]!escort_c_ivt -> 0 | I31: =J31*[0]!escort_c_ivt*-1 -> 0 | J31: =H31 -> 0 | L31: 61685.464 | M31: {=SUM(IF((IFERROR(FIND("San Francisco",OBS_District_Flows!$E:$E),-1)>=0)*(IFERROR(FIND("San Francisco",OBS_District_Flows!$C:$C),-1)>=0)*(OBS_District_Flows!$G:$G=$A31),OBS_District_Flows!$K:$K,0))} -> 108323.99 | N31: =M31*OBS_Adjustments!$AB$94 -> 49911.714 | O31: {=SUM(IF((modeldata!$T:$T="walk")*(modeldata!$U:$U="Total")*(IFERROR(FIND("San Francisco",modeldata!$W:$W),-1)>=0)*(IFERROR(FIND("San Francisco",modeldata!$V:$V),-1)>=0)*(modeldata!$X:$X=$B31),modeldata!$Y:$Y,0))} -> 0 | P31: =O31-M31 -> -108323.99 | Q31: =P31/M31 -> -1 | T31: Transit - Within SF Dummy | U31: =SUM(L31:L32) -> 63118.404 | V31: =SUM(N31:N32) -> 49911.714 | W31: =SUM(O31:O32) -> 0 | X31: =W31-V31 -> -49911.714 | Y31: =X31/V31 -> -1
A32: 4 | B32: ind_maint | D32: Drive to Transit - Within SF dummy | E32: 0.35 | F32: =-1*E32/[0]!escort_c_ivt -> 20 | G32: 0 | H32: =-1*G32/[0]!escort_c_ivt -> 0 | I32: =J32*[0]!escort_c_ivt*-1 -> 0 | J32: =H32 -> 0 | L32: 1432.9403 | O32: {=SUM(IF((modeldata!$T:$T="drive")*(modeldata!$U:$U="Total")*(IFERROR(FIND("San Francisco",modeldata!$W:$W),-1)>=0)*(IFERROR(FIND("San Francisco",modeldata!$V:$V),-1)>=0)*(modeldata!$X:$X=$B32),modeldata!$Y:$Y,0))} -> 0 | P32: =O32-M32 -> 0 | Q32: =P32/M32 -> #DIV/0!
A33: 4 | B33: ind_maint | D33: Walk to Transit - from San Francisco dummy | E33: 0.0875 | F33: =-1*E33/[0]!escort_c_ivt -> 5 | G33: 0 | H33: =-1*G33/[0]!escort_c_ivt -> 0 | I33: =J33*[0]!escort_c_ivt*-1 -> 0 | J33: =H33 -> 0 | L33: 64660.705 | M33: {=SUM(IF((IFERROR(FIND("San Francisco",OBS_District_Flows!$C:$C),-1)>=0)*(OBS_District_Flows!$G:$G=$A33),OBS_District_Flows!$K:$K,0))} -> 115866.19 | N33: =M33*OBS_Adjustments!$AB$94 -> 53386.885 | O33: {=SUM(IF((modeldata!$T:$T="walk")*(modeldata!$U:$U="Total")*(IFERROR(FIND("San Francisco",modeldata!$V:$V),-1)>=0)*(modeldata!$X:$X=$B33),modeldata!$Y:$Y,0))} -> 0 | P33: =O33-M33 -> -115866.19 | Q33: =P33/M33 -> -1 | T33: Transit - from SF Dummy | U33: =SUM(L33:L34) -> 67214.523 | V33: =SUM(N33:N34) -> 53386.885 | W33: =SUM(O33:O34) -> 0 | X33: =W33-V33 -> -53386.885 | Y33: =X33/V33 -> -1
A34: 4 | B34: ind_maint | D34: Drive to Transit - from San Francisco dummy | E34: 1.225 | F34: =-1*E34/[0]!escort_c_ivt -> 70 | G34: 0 | H34: =-1*G34/[0]!escort_c_ivt -> 0 | I34: =J34*[0]!escort_c_ivt*-1 -> 0 | J34: =H34 -> 0 | L34: 2553.8181 | O34: {=SUM(IF((modeldata!$T:$T="drive")*(modeldata!$U:$U="Total")*(IFERROR(FIND("San Francisco",modeldata!$V:$V),-1)>=0)*(modeldata!$X:$X=$B34),modeldata!$Y:$Y,0))} -> 0 | P34: =O34-M34 -> 0 | Q34: =P34/M34 -> #DIV/0!
A35: 5 | B35: ind_disc | C35: EatOut | D35: Walk to Transit - to CBD dummy | E35: 0 | F35: =-1*E35/[0]!eatout_c_ivt -> 0 | G35: 0 | H35: =-1*G35/[0]!eatout_c_ivt -> 0 | I35: =J35*[0]!eatout_c_ivt*-1 -> 0 | J35: =H35 -> 0 | L35: 34714.54 | M35: {=SUM(IF((OBS_District_Flows!$E:$E="Greater Downtown San Francisco")*(OBS_District_Flows!$G:$G=$A35),OBS_District_Flows!$K:$K,0))} -> 71118.706 | N35: =M35*OBS_Adjustments!$AB$121 -> 22751.046 | O35: {=SUM(IF((modeldata!$T:$T="walk")*(modeldata!$U:$U="Total")*(modeldata!$W:$W="Greater Downtown San Francisco")*(modeldata!$X:$X=$B35),modeldata!$Y:$Y,0))} -> 0 | P35: =O35-M35 -> -71118.706 | Q35: =P35/M35 -> -1 | S35: EatOut | T35: Transit - to CBD Dummy | U35: =SUM(L35:L36) -> 40628.124 | V35: =SUM(N35:N36) -> 22751.046 | W35: =SUM(O35:O36) -> 0 | X35: =W35-V35 -> -22751.046 | Y35: =X35/V35 -> -1
A36: 5 | B36: ind_disc | C36: Social | D36: Drive to Transit - to CBD dummy | E36: 0 | F36: =-1*E36/[0]!eatout_c_ivt -> 0 | G36: 0 | H36: =-1*G36/[0]!eatout_c_ivt -> 0 | I36: =J36*[0]!eatout_c_ivt*-1 -> 0 | J36: =H36 -> 0 | L36: 5913.5835 | N36: =M36*OBS_Adjustments!$AB$121 -> 0 | O36: {=SUM(IF((modeldata!$T:$T="drive")*(modeldata!$U:$U="Total")*(modeldata!$W:$W="Greater Downtown San Francisco")*(modeldata!$X:$X=$B36),modeldata!$Y:$Y,0))} -> 0 | P36: =O36-M36 -> 0 | Q36: =P36/M36 -> #DIV/0! | S36: Social
A37: 5 | B37: ind_disc | C37: OthDiscr | D37: Walk to Transit - to San Francisco dummy | E37: 1.05 | F37: =-1*E37/[0]!eatout_c_ivt -> 60 | G37: 0 | H37: =-1*G37/[0]!eatout_c_ivt -> 0 | I37: =J37*[0]!eatout_c_ivt*-1 -> 0 | J37: =H37 -> 0 | L37: 64570.154 | M37: {=SUM(IF((IFERROR(FIND("San Francisco",OBS_District_Flows!$E:$E),-1)>=0)*(OBS_District_Flows!$G:$G=$A35),OBS_District_Flows!$K:$K,0))} -> 179531.8 | N37: =M37*OBS_Adjustments!$AB$121 -> 57432.657 | O37: {=SUM(IF((modeldata!$T:$T="walk")*(modeldata!$U:$U="Total")*(IFERROR(FIND("San Francisco",modeldata!$W:$W),-1)>=0)*(modeldata!$X:$X=$B37),modeldata!$Y:$Y,0))} -> 0 | P37: =O37-M37 -> -179531.8 | Q37: =P37/M37 -> -1 | S37: OthDiscr | T37: Transit - to SF Dummy | U37: =SUM(L37:L38) -> 73066.809 | V37: =SUM(N37:N38) -> 57432.657 | W37: =SUM(O37:O38) -> 0 | X37: =W37-V37 -> -57432.657 | Y37: =X37/V37 -> -1
A38: 5 | B38: ind_disc | D38: Drive to Transit - to San Francisco dummy | E38: 0.35 | F38: =-1*E38/[0]!eatout_c_ivt -> 20 | G38: 0 | H38: =-1*G38/[0]!eatout_c_ivt -> 0 | I38: =J38*[0]!eatout_c_ivt*-1 -> 0 | J38: =H38 -> 0 | L38: 8496.6552 | N38: =M38*OBS_Adjustments!$AB$121 -> 0 | O38: {=SUM(IF((modeldata!$T:$T="drive")*(modeldata!$U:$U="Total")*(IFERROR(FIND("San Francisco",modeldata!$W:$W),-1)>=0)*(modeldata!$X:$X=$B38),modeldata!$Y:$Y,0))} -> 0 | P38: =O38-M38 -> 0 | Q38: =P38/M38 -> #DIV/0!
A39: 5 | B39: ind_disc | D39: Walk to Transit - Within SF dummy | E39: 0.525 | F39: =-1*E39/[0]!eatout_c_ivt -> 30 | G39: 0 | H39: =-1*G39/[0]!eatout_c_ivt -> 0 | I39: =J39*[0]!eatout_c_ivt*-1 -> 0 | J39: =H39 -> 0 | L39: 57240.63 | M39: {=SUM(IF((IFERROR(FIND("San Francisco",OBS_District_Flows!$E:$E),-1)>=0)*(IFERROR(FIND("San Francisco",OBS_District_Flows!$C:$C),-1)>=0)*(OBS_District_Flows!$G:$G=$A39),OBS_District_Flows!$K:$K,0))} -> 143380.45 | N39: =M39*OBS_Adjustments!$AB$121 -> 45867.753 | O39: {=SUM(IF((modeldata!$T:$T="walk")*(modeldata!$U:$U="Total")*(IFERROR(FIND("San Francisco",modeldata!$W:$W),-1)>=0)*(IFERROR(FIND("San Francisco",modeldata!$V:$V),-1)>=0)*(modeldata!$X:$X=$B39),modeldata!$Y:$Y,0))} -> 0 | P39: =O39-M39 -> -143380.45 | Q39: =P39/M39 -> -1 | T39: Transit - Within SF Dummy | U39: =SUM(L39:L40) -> 58704.126 | V39: =SUM(N39:N40) -> 45867.753 | W39: =SUM(O39:O40) -> 0 | X39: =W39-V39 -> -45867.753 | Y39: =X39/V39 -> -1
A40: 5 | B40: ind_disc | D40: Drive to Transit - Within SF dummy | E40: 0.875 | F40: =-1*E40/[0]!eatout_c_ivt -> 50 | G40: 0 | H40: =-1*G40/[0]!eatout_c_ivt -> 0 | I40: =J40*[0]!eatout_c_ivt*-1 -> 0 | J40: =H40 -> 0 | L40: 1463.4957 | N40: =M40*OBS_Adjustments!$AB$121 -> 0 | O40: {=SUM(IF((modeldata!$T:$T="drive")*(modeldata!$U:$U="Total")*(IFERROR(FIND("San Francisco",modeldata!$W:$W),-1)>=0)*(IFERROR(FIND("San Francisco",modeldata!$V:$V),-1)>=0)*(modeldata!$X:$X=$B40),modeldata!$Y:$Y,0))} -> 0 | P40: =O40-M40 -> 0 | Q40: =P40/M40 -> #DIV/0!
A41: 5 | B41: ind_disc | D41: Walk to Transit - from San Francisco dummy | E41: 0.35 | F41: =-1*E41/[0]!eatout_c_ivt -> 20 | G41: 0 | H41: =-1*G41/[0]!eatout_c_ivt -> 0 | I41: =J41*[0]!eatout_c_ivt*-1 -> 0 | J41: =H41 -> 0 | L41: 62569.33 | M41: {=SUM(IF((IFERROR(FIND("San Francisco",OBS_District_Flows!$C:$C),-1)>=0)*(OBS_District_Flows!$G:$G=$A41),OBS_District_Flows!$K:$K,0))} -> 155915.16 | N41: =M41*OBS_Adjustments!$AB$121 -> 49877.638 | O41: {=SUM(IF((modeldata!$T:$T="walk")*(modeldata!$U:$U="Total")*(IFERROR(FIND("San Francisco",modeldata!$V:$V),-1)>=0)*(modeldata!$X:$X=$B41),modeldata!$Y:$Y,0))} -> 0 | P41: =O41-M41 -> -155915.16 | Q41: =P41/M41 -> -1 | T41: Transit - from SF Dummy | U41: =SUM(L41:L42) -> 66665.541 | V41: =SUM(N41:N42) -> 49877.638 | W41: =SUM(O41:O42) -> 0 | X41: =W41-V41 -> -49877.638 | Y41: =X41/V41 -> -1
A42: 5 | B42: ind_disc | D42: Drive to Transit - from San Francisco dummy | E42: 1.3125 | F42: =-1*E42/[0]!eatout_c_ivt -> 75 | G42: 0 | H42: =-1*G42/[0]!eatout_c_ivt -> 0 | I42: =J42*[0]!eatout_c_ivt*-1 -> 0 | J42: =H42 -> 0 | L42: 4096.2104 | N42: =M42*OBS_Adjustments!$AB$121 -> 0 | O42: {=SUM(IF((modeldata!$T:$T="drive")*(modeldata!$U:$U="Total")*(IFERROR(FIND("San Francisco",modeldata!$V:$V),-1)>=0)*(modeldata!$X:$X=$B42),modeldata!$Y:$Y,0))} -> 0 | P42: =O42-M42 -> 0 | Q42: =P42/M42 -> #DIV/0!
A43: 6 | B43: atwork | C43: WorkBased | D43: Walk to Transit - to CBD dummy | E43: 0.282 | F43: =-1*E43/[0]!workbased_c_ivt -> 15 | G43: 0 | H43: =-1*G43/[0]!workbased_c_ivt -> 0 | I43: =J43*[0]!workbased_c_ivt*-1 -> 0 | J43: =H43 -> 0 | L43: 4371.3845 | M43: {=SUM(IF((OBS_District_Flows!$E:$E="Greater Downtown San Francisco")*(OBS_District_Flows!$G:$G=$A43),OBS_District_Flows!$K:$K,0))} -> 0 | O43: {=SUM(IF((modeldata!$T:$T="walk")*(modeldata!$U:$U="Total")*(modeldata!$W:$W="Greater Downtown San Francisco")*(modeldata!$X:$X=$B43),modeldata!$Y:$Y,0))} -> 0 | P43: =O43-M43 -> 0 | Q43: =P43/M43 -> #DIV/0! | S43: WorkBased | T43: Transit - to CBD Dummy
A44: 6 | B44: atwork | D44: Drive to Transit - to CBD dummy | E44: 0 | F44: =-1*E44/[0]!workbased_c_ivt -> 0 | G44: 0 | H44: =-1*G44/[0]!workbased_c_ivt -> 0 | I44: =J44*[0]!workbased_c_ivt*-1 -> 0 | J44: =H44 -> 0 | L44: 0 | O44: {=SUM(IF((modeldata!$T:$T="drive")*(modeldata!$U:$U="Total")*(modeldata!$W:$W="Greater Downtown San Francisco")*(modeldata!$X:$X=$B44),modeldata!$Y:$Y,0))} -> 0 | P44: =O44-M44 -> 0 | Q44: =P44/M44 -> #DIV/0!
A45: 6 | B45: atwork | D45: Walk to Transit - to San Francisco dummy | E45: 1.41 | F45: =-1*E45/[0]!workbased_c_ivt -> 75 | G45: 0 | H45: =-1*G45/[0]!workbased_c_ivt -> 0 | I45: =J45*[0]!workbased_c_ivt*-1 -> 0 | J45: =H45 -> 0 | L45: 6813.2562 | M45: {=SUM(IF((IFERROR(FIND("San Francisco",OBS_District_Flows!$E:$E),-1)>=0)*(OBS_District_Flows!$G:$G=$A43),OBS_District_Flows!$K:$K,0))} -> 0 | O45: {=SUM(IF((modeldata!$T:$T="walk")*(modeldata!$U:$U="Total")*(IFERROR(FIND("San Francisco",modeldata!$W:$W),-1)>=0)*(modeldata!$X:$X=$B45),modeldata!$Y:$Y,0))} -> 0 | P45: =O45-M45 -> 0 | Q45: =P45/M45 -> #DIV/0! | T45: Transit - to SF Dummy
A46: 6 | B46: atwork | D46: Drive to Transit - to San Francisco dummy | E46: 0 | F46: =-1*E46/[0]!workbased_c_ivt -> 0 | G46: 0 | H46: =-1*G46/[0]!workbased_c_ivt -> 0 | I46: =J46*[0]!workbased_c_ivt*-1 -> 0 | J46: =H46 -> 0 | L46: 0 | O46: {=SUM(IF((modeldata!$T:$T="drive")*(modeldata!$U:$U="Total")*(IFERROR(FIND("San Francisco",modeldata!$W:$W),-1)>=0)*(modeldata!$X:$X=$B46),modeldata!$Y:$Y,0))} -> 0 | P46: =O46-M46 -> 0 | Q46: =P46/M46 -> #DIV/0!
A47: 6 | B47: atwork | D47: Walk to Transit - Within SF dummy | E47: 0 | F47: =-1*E47/[0]!workbased_c_ivt -> 0 | G47: 0 | H47: =-1*G47/[0]!workbased_c_ivt -> 0 | I47: =J47*[0]!workbased_c_ivt*-1 -> 0 | J47: =H47 -> 0 | L47: 6229.8342 | M47: {=SUM(IF((IFERROR(FIND("San Francisco",OBS_District_Flows!$E:$E),-1)>=0)*(IFERROR(FIND("San Francisco",OBS_District_Flows!$C:$C),-1)>=0)*(OBS_District_Flows!$G:$G=$A47),OBS_District_Flows!$K:$K,0))} -> 0 | O47: {=SUM(IF((modeldata!$T:$T="walk")*(modeldata!$U:$U="Total")*(IFERROR(FIND("San Francisco",modeldata!$W:$W),-1)>=0)*(IFERROR(FIND("San Francisco",modeldata!$V:$V),-1)>=0)*(modeldata!$X:$X=$B47),modeldata!$Y:$Y,0))} -> 0 | P47: =O47-M47 -> 0 | Q47: =P47/M47 -> #DIV/0! | T47: Transit - Within SF Dummy
A48: 6 | B48: atwork | D48: Drive to Transit - Within SF dummy | E48: 0 | F48: =-1*E48/[0]!workbased_c_ivt -> 0 | G48: 0 | H48: =-1*G48/[0]!workbased_c_ivt -> 0 | I48: =J48*[0]!workbased_c_ivt*-1 -> 0 | J48: =H48 -> 0 | L48: 0 | O48: {=SUM(IF((modeldata!$T:$T="drive")*(modeldata!$U:$U="Total")*(IFERROR(FIND("San Francisco",modeldata!$W:$W),-1)>=0)*(IFERROR(FIND("San Francisco",modeldata!$V:$V),-1)>=0)*(modeldata!$X:$X=$B48),modeldata!$Y:$Y,0))} -> 0 | P48: =O48-M48 -> 0 | Q48: =P48/M48 -> #DIV/0!
A49: 6 | B49: atwork | D49: Walk to Transit - from San Francisco dummy | E49: 0.188 | F49: 0 | G49: 0 | H49: =-1*G49/[0]!workbased_c_ivt -> 0 | I49: =J49*[0]!workbased_c_ivt*-1 -> 0 | J49: =H49 -> 0 | L49: 6751.134 | M49: {=SUM(IF((IFERROR(FIND("San Francisco",OBS_District_Flows!$C:$C),-1)>=0)*(OBS_District_Flows!$G:$G=$A49),OBS_District_Flows!$K:$K,0))} -> 0 | O49: {=SUM(IF((modeldata!$T:$T="walk")*(modeldata!$U:$U="Total")*(IFERROR(FIND("San Francisco",modeldata!$V:$V),-1)>=0)*(modeldata!$X:$X=$B49),modeldata!$Y:$Y,0))} -> 0 | P49: =O49-M49 -> 0 | Q49: =P49/M49 -> #DIV/0! | T49: Transit - from SF Dummy
A50: 6 | B50: atwork | D50: Drive to Transit - from San Francisco dummy | E50: 0 | F50: 0 | G50: 0 | H50: =-1*G50/[0]!workbased_c_ivt -> 0 | I50: =J50*[0]!workbased_c_ivt*-1 -> 0 | J50: =H50 -> 0 | L50: 0 | O50: {=SUM(IF((modeldata!$T:$T="drive")*(modeldata!$U:$U="Total")*(IFERROR(FIND("San Francisco",modeldata!$V:$V),-1)>=0)*(modeldata!$X:$X=$B50),modeldata!$Y:$Y,0))} -> 0 | P50: =O50-M50 -> 0 | Q50: =P50/M50 -> #DIV/0!
C51: All purposes | D51: Walk to Transit - to CBD dummy
D52: Drive to Transit - to CBD dummy | L52: =SUM(L3,L11,L19,L27,L35,L43) -> 198045.21 | M52: =SUM(M3,M11,M19,M27,M35,M43) -> 204369.46 | N52: =SUM(N3,N11,N19,N27,N35,N43) -> 81845.496 | O52: =SUM(O3,O11,O19,O27,O35,O43) -> 0 | P52: =O52-M52 -> -204369.46 | Q52: =P52/M52 -> -1 | S52: All Purpose | T52: Transit - to CBD Dummy | U52: =SUM(L52:L53) -> 278496.54 | V52: =SUM(N52:N53) -> 81845.496 | W52: =SUM(O52:O53) -> 0 | X52: =W52-V52 -> -81845.496 | Y52: =X52/V52 -> -1
D53: Walk to Transit - to San Francisco dummy | L53: =SUM(L4,L12,L20,L28,L36,L44) -> 80451.324 | M53: =SUM(M4,M12,M20,M28,M36,M44) -> 0 | N53: =SUM(N4,N12,N20,N28,N36,N44) -> 0 | O53: =SUM(O4,O12,O20,O28,O36,O44) -> 0 | P53: =O53-M53 -> 0 | Q53: =P53/M53 -> #DIV/0!
D54: Drive to Transit - to San Francisco dummy | L54: =SUM(L5,L13,L21,L29,L37,L45) -> 370078.12 | M54: =SUM(M5,M13,M21,M29,M37,M45) -> 567297.35 | N54: =SUM(N5,N13,N21,N29,N37,N45) -> 230116.09 | O54: =SUM(O5,O13,O21,O29,O37,O45) -> 0 | P54: =O54-M54 -> -567297.35 | Q54: =P54/M54 -> -1 | T54: Transit - to SF Dummy | U54: =SUM(L54:L55) -> 472722 | V54: =SUM(N54:N55) -> 230116.09 | W54: =SUM(O54:O55) -> 0 | X54: =W54-V54 -> -230116.09 | Y54: =X54/V54 -> -1
D55: Walk to Transit - Within SF dummy | L55: =SUM(L6,L14,L22,L30,L38,L46) -> 102643.88 | M55: =SUM(M6,M14,M22,M30,M38,M46) -> 0 | N55: =SUM(N6,N14,N22,N30,N38,N46) -> 0 | O55: =SUM(O6,O14,O22,O30,O38,O46) -> 0 | P55: =O55-M55 -> 0 | Q55: =P55/M55 -> #DIV/0!
D56: Drive to Transit - Within SF dummy | L56: =SUM(L7,L15,L23,L31,L39,L47) -> 310473.89 | M56: =SUM(M7,M15,M23,M31,M39,M47) -> 467424.21 | N56: =SUM(N7,N15,N23,N31,N39,N47) -> 190539.07 | O56: =SUM(O7,O15,O23,O31,O39,O47) -> 0 | P56: =O56-M56 -> -467424.21 | Q56: =P56/M56 -> -1 | T56: Transit - Within SF Dummy | U56: =SUM(L56:L57) -> 322495.36 | V56: =SUM(N56:N57) -> 190539.07 | W56: =SUM(O56:O57) -> 0 | X56: =W56-V56 -> -190539.07 | Y56: =X56/V56 -> -1
D57: Walk to Transit - from San Francisco dummy | L57: =SUM(L8,L16,L24,L32,L40,L48) -> 12021.475 | M57: =SUM(M8,M16,M24,M32,M40,M48) -> 0 | N57: =SUM(N8,N16,N24,N32,N40,N48) -> 0 | O57: =SUM(O8,O16,O24,O32,O40,O48) -> 0 | P57: =O57-M57 -> 0 | Q57: =P57/M57 -> #DIV/0!
D58: Drive to Transit - from San Francisco dummy | L58: =SUM(L9,L17,L25,L33,L41,L49) -> 333825.43 | M58: =SUM(M9,M17,M25,M33,M41,M49) -> 525759.6 | N58: =SUM(N9,N17,N25,N33,N41,N49) -> 214650.3 | O58: =SUM(O9,O17,O25,O33,O41,O49) -> 0 | P58: =O58-M58 -> -525759.6 | Q58: =P58/M58 -> -1 | T58: Transit - from SF Dummy | U58: =SUM(L58:L59) -> 357344.8 | V58: =SUM(N58:N59) -> 214650.3 | W58: =SUM(O58:O59) -> 0 | X58: =W58-V58 -> -214650.3 | Y58: =X58/V58 -> -1
L59: =SUM(L10,L18,L26,L34,L42,L50) -> 23519.372 | M59: =SUM(M10,M18,M26,M34,M42,M50) -> 0 | N59: =SUM(N10,N18,N26,N34,N42,N50) -> 0 | O59: =SUM(O10,O18,O26,O34,O42,O50) -> 0 | P59: =O59-M59 -> 0 | Q59: =P59/M59 -> #DIV/0!
L60: =SUM(L52:L59) -> 1431058.7 | M60: =SUM(M52:M59) -> 1764850.6 | N60: =SUM(N52:N59) -> 717150.96

Sheet calibration_simplemodes
A1: Tour Mode Choice Targets | H1: Tour Mode Choice Targets, Scaled to match Modeled Segment | N1: Tour Mode Choice Model Results | T1: Tour Mode Choice Targets, Percent | Z1: Tour Mode Choice Model Results, Percent | AF1: Tour Mode Choice Deviation: Model - Scaled Target, Absolute | AL1: Tour Mode Choice Deviation: Model - Target, Percent | AR1: Existing Constant | AW1: Change in Constant | BB1: New Constant | BG1: Shares for Graphing
A2: Work | H2: Work | N2: Work | T2: Work | Z2: Work | AF2: Work | AL2: Work | AR2: Work | AW2: Work | BB2: Work | BG2: Work | BH2: Target | BI2: Model | BJ2: Target | BK2: Model | BL2: Target | BM2: Model | BN2: Target | BO2: Model
B3: Autos = 0 | C3: Autos < Workers | D3: Autos >= Workers | E3: Total | I3: Autos = 0 | J3: Autos < Workers | K3: Autos >= Workers | L3: Total | O3: Autos = 0 | P3: Autos < Workers | Q3: Autos >= Workers | R3: Total | U3: Autos = 0 | V3: Autos < Workers | W3: Autos >= Workers | X3: Total | AA3: Autos = 0 | AB3: Autos < Workers | AC3: Autos >= Workers | AD3: Total | AG3: Autos = 0 | AH3: Autos < Workers | AI3: Autos >= Workers | AJ3: Total | AM3: Autos = 0 | AN3: Autos < Workers | AO3: Autos >= Workers | AP3: Total | AS3: Autos = 0 | AT3: Autos < Workers | AU3: Autos >= Workers | AW3: 0 | AX3: Autos = 0 | AY3: Autos < Workers | AZ3: Autos >= Workers | BC3: Autos==0 | BD3: 0 < Autos < Workers | BE3: Autos >= Workers | BH3: 0 Autos | BI3: 0 Autos | BJ3: Autos<Wrks | BK3: Autos<Wrks | BL3: Autos>=Wrks | BM3: Autos<=Wrks | BN3: All | BO3: All
A4: Walk | B4: =targets!O9 -> 27952.068 | C4: =targets!P9 -> 5601.3281 | D4: =targets!Q9 -> 53429.223 | E4: =SUM(B4:D4) -> 86982.619 | H4: Walk | I4: =B4*(($O$14)/($B$14)) -> 0 | J4: =C4*($P$14/$C$14) -> 0 | K4: =D4*($Q$14/$D$14) -> 0 | L4: =SUM(I4:K4) -> 0 | N4: Walk | O4: {=SUM(IF((modeldata!$I:$I=$N$2)*(modeldata!$H:$H=calibration_simplemodes!$N4),modeldata!D:D,0))} -> 0 | P4: {=SUM(IF((modeldata!$I:$I=$N$2)*(modeldata!$H:$H=calibration_simplemodes!$N4),modeldata!E:E,0))} -> 0 | Q4: {=SUM(IF((modeldata!$I:$I=$N$2)*(modeldata!$H:$H=calibration_simplemodes!$N4),modeldata!F:F,0))} -> 0 | R4: =SUM(O4:Q4) -> 0 | T4: Walk | U4: =I4/I14 -> #DIV/0! | V4: =J4/J14 -> #DIV/0! | W4: =K4/K14 -> #DIV/0! | X4: =L4/L14 -> #DIV/0! | Z4: Walk | AA4: =O4/O14 -> #DIV/0! | AB4: =P4/P14 -> #DIV/0! | AC4: =Q4/Q14 -> #DIV/0! | AD4: =R4/R14 -> #DIV/0! | AF4: Walk | AG4: =O4-I4 -> 0 | AH4: =P4-J4 -> 0 | AI4: =Q4-K4 -> 0 | AJ4: =R4-L4 -> 0 | AL4: Walk | AM4: =AA4-U4 -> #DIV/0! | AN4: =AB4-V4 -> #DIV/0! | AO4: =AC4-W4 -> #DIV/0! | AP4: =AD4-X4 -> #DIV/0! | AR4: Walk | AS4: =OFFSET(work_existing,0,0) -> 6.1668211 | AT4: =OFFSET(work_existing,1,0) -> 3.1036384 | AU4: =OFFSET(work_existing,2,0) -> -0.23375441 | AW4: Walk | AX4: =IF(AND(U4>0, AA4>0),work_damp*LN(U4/AA4),0) -> #DIV/0! | AY4: =IF(AND(V4>0, AB4>0),work_damp*LN(V4/AB4),0) -> #DIV/0! | AZ4: =IF(AND(W4>0, AC4>0),work_damp*LN(W4/AC4),0) -> #DIV/0! | BB4: Walk | BC4: =AS4+AX4-AX6 -> #DIV/0! | BD4: =AT4+AY4-AY6 -> #DIV/0! | BE4: =AU4+AZ4-AZ6 -> #DIV/0! | BG4: Walk | BH4: =U4 -> #DIV/0! | BI4: =AA4 -> #DIV/0! | BJ4: =V4 -> #DIV/0! | BK4: =AB4 -> #DIV/0! | BL4: =W4 -> #DIV/0! | BM4: =AC4 -> #DIV/0! | BN4: =X4 -> #DIV/0! | BO4: =AD4 -> #DIV/0!
A5: Bike | B5: =targets!O10 -> 12039.233 | C5: =targets!P10 -> 14287.118 | D5: =targets!Q10 -> 29180.86 | E5: =SUM(B5:D5) -> 55507.211 | H5: Bike | I5: =B5*(($O$14)/($B$14)) -> 0 | J5: =C5*($P$14/$C$14) -> 0 | K5: =D5*($Q$14/$D$14) -> 0 | L5: =SUM(I5:K5) -> 0 | N5: Bike | O5: {=SUM(IF((modeldata!$I:$I=$N$2)*(modeldata!$H:$H=calibration_simplemodes!$N5),modeldata!D:D,0))} -> 0 | P5: {=SUM(IF((modeldata!$I:$I=$N$2)*(modeldata!$H:$H=calibration_simplemodes!$N5),modeldata!E:E,0))} -> 0 | Q5: {=SUM(IF((modeldata!$I:$I=$N$2)*(modeldata!$H:$H=calibration_simplemodes!$N5),modeldata!F:F,0))} -> 0 | R5: =SUM(O5:Q5) -> 0 | T5: Bike | U5: =I5/I14 -> #DIV/0! | V5: =J5/J14 -> #DIV/0! | W5: =K5/K14 -> #DIV/0! | X5: =L5/L14 -> #DIV/0! | Z5: Bike | AA5: =O5/O14 -> #DIV/0! | AB5: =P5/P14 -> #DIV/0! | AC5: =Q5/Q14 -> #DIV/0! | AD5: =R5/R14 -> #DIV/0! | AF5: Bike | AG5: =O5-I5 -> 0 | AH5: =P5-J5 -> 0 | AI5: =Q5-K5 -> 0 | AJ5: =R5-L5 -> 0 | AL5: Bike | AM5: =AA5-U5 -> #DIV/0! | AN5: =AB5-V5 -> #DIV/0! | AO5: =AC5-W5 -> #DIV/0! | AP5: =AD5-X5 -> #DIV/0! | AR5: Bike | AS5: =OFFSET(work_existing,3,0) -> 5.0031301 | AT5: =OFFSET(work_existing,4,0) -> 1.4103832 | AU5: =OFFSET(work_existing,5,0) -> -0.92826848 | AW5: Bike | AX5: =IF(AND(U5>0, AA5>0),work_damp*LN(U5/AA5),0) -> #DIV/0! | AY5: =IF(AND(V5>0, AB5>0),work_damp*LN(V5/AB5),0) -> #DIV/0! | AZ5: =IF(AND(W5>0, AC5>0),work_damp*LN(W5/AC5),0) -> #DIV/0! | BB5: Bike | BC5: =AS5+AX5-AX6 -> #DIV/0! | BD5: =AT5+AY5-AY6 -> #DIV/0! | BE5: =AU5+AZ5-AZ6 -> #DIV/0! | BG5: Bike | BH5: =U5 -> #DIV/0! | BI5: =AA5 -> #DIV/0! | BJ5: =V5 -> #DIV/0! | BK5: =AB5 -> #DIV/0! | BL5: =W5 -> #DIV/0! | BM5: =AC5 -> #DIV/0! | BN5: =X5 -> #DIV/0! | BO5: =AD5 -> #DIV/0!
A6: Drive Alone | B6: =targets!O6 -> 0 | C6: =targets!P6 -> 72457.186 | D6: =targets!Q6 -> 1049945.8 | E6: =SUM(B6:D6) -> 1122403 | H6: Drive Alone | I6: =B6*(($O$14)/($B$14)) -> 0 | J6: =C6*($P$14/$C$14) -> 0 | K6: =D6*($Q$14/$D$14) -> 0 | L6: =SUM(I6:K6) -> 0 | N6: Drive Alone | O6: {=SUM(IF((modeldata!$I:$I=$N$2)*(modeldata!$H:$H=calibration_simplemodes!$N6),modeldata!D:D,0))} -> 0 | P6: {=SUM(IF((modeldata!$I:$I=$N$2)*(modeldata!$H:$H=calibration_simplemodes!$N6),modeldata!E:E,0))} -> 0 | Q6: {=SUM(IF((modeldata!$I:$I=$N$2)*(modeldata!$H:$H=calibration_simplemodes!$N6),modeldata!F:F,0))} -> 0 | R6: =SUM(O6:Q6) -> 0 | T6: Drive Alone | U6: =I6/I14 -> #DIV/0! | V6: =J6/J14 -> #DIV/0! | W6: =K6/K14 -> #DIV/0! | X6: =L6/L14 -> #DIV/0! | Z6: Drive Alone | AA6: =O6/O14 -> #DIV/0! | AB6: =P6/P14 -> #DIV/0! | AC6: =Q6/Q14 -> #DIV/0! | AD6: =R6/R14 -> #DIV/0! | AF6: Drive Alone | AG6: =O6-I6 -> 0 | AH6: =P6-J6 -> 0 | AI6: =Q6-K6 -> 0 | AJ6: =R6-L6 -> 0 | AL6: Drive Alone | AM6: =AA6-U6 -> #DIV/0! | AN6: =AB6-V6 -> #DIV/0! | AO6: =AC6-W6 -> #DIV/0! | AP6: =AD6-X6 -> #DIV/0! | AR6: Drive Alone | AS6: 0 | AT6: 0 | AU6: 0 | AW6: Drive Alone | AX6: =IF(AND(U6>0, AA6>0),work_damp*LN(U6/AA6),0) -> #DIV/0! | AY6: =IF(AND(V6>0, AB6>0),work_damp*LN(V6/AB6),0) -> #DIV/0! | AZ6: =IF(AND(W6>0, AC6>0),work_damp*LN(W6/AC6),0) -> #DIV/0! | BB6: Drive Alone | BC6: =AS6+AX6-AX6 -> #DIV/0! | BD6: =AT6+AY6-AY6 -> #DIV/0! | BE6: =AU6+AZ6-AZ6 -> #DIV/0! | BG6: Drive Alone | BH6: =U6 -> #DIV/0! | BI6: =AA6 -> #DIV/0! | BJ6: =V6 -> #DIV/0! | BK6: =AB6 -> #DIV/0! | BL6: =W6 -> #DIV/0! | BM6: =AC6 -> #DIV/0! | BN6: =X6 -> #DIV/0! | BO6: =AD6 -> #DIV/0!
A7: SR2 | B7: =targets!O7 -> 5259.0991 | C7: =targets!P7 -> 55985.316 | D7: =targets!Q7 -> 251536.52 | E7: =SUM(B7:D7) -> 312780.94 | H7: SR2 | I7: =B7*(($O$14)/($B$14)) -> 0 | J7: =C7*($P$14/$C$14) -> 0 | K7: =D7*($Q$14/$D$14) -> 0 | L7: =SUM(I7:K7) -> 0 | N7: SR2 | O7: {=SUM(IF((modeldata!$I:$I=$N$2)*(modeldata!$H:$H=calibration_simplemodes!$N7),modeldata!D:D,0))} -> 0 | P7: {=SUM(IF((modeldata!$I:$I=$N$2)*(modeldata!$H:$H=calibration_simplemodes!$N7),modeldata!E:E,0))} -> 0 | Q7: {=SUM(IF((modeldata!$I:$I=$N$2)*(modeldata!$H:$H=calibration_simplemodes!$N7),modeldata!F:F,0))} -> 0 | R7: =SUM(O7:Q7) -> 0 | T7: SR2 | U7: =I7/I14 -> #DIV/0! | V7: =J7/J14 -> #DIV/0! | W7: =K7/K14 -> #DIV/0! | X7: =L7/L14 -> #DIV/0! | Z7: SR2 | AA7: =O7/O14 -> #DIV/0! | AB7: =P7/P14 -> #DIV/0! | AC7: =Q7/Q14 -> #DIV/0! | AD7: =R7/R14 -> #DIV/0! | AF7: SR2 | AG7: =O7-I7 -> 0 | AH7: =P7-J7 -> 0 | AI7: =Q7-K7 -> 0 | AJ7: =R7-L7 -> 0 | AL7: SR2 | AM7: =AA7-U7 -> #DIV/0! | AN7: =AB7-V7 -> #DIV/0! | AO7: =AC7-W7 -> #DIV/0! | AP7: =AD7-X7 -> #DIV/0! | AR7: SR2 | AS7: =OFFSET(work_existing,6,0) -> -2.1775822 | AT7: =OFFSET(work_existing,7,0) -> -0.3681556 | AU7: =OFFSET(work_existing,8,0) -> -1.0856352 | AW7: SR2 | AX7: =IF(AND(U7>0, AA7>0),work_damp*LN(U7/AA7),0) -> #DIV/0! | AY7: =IF(AND(V7>0, AB7>0),work_damp*LN(V7/AB7),0) -> #DIV/0! | AZ7: =IF(AND(W7>0, AC7>0),work_damp*LN(W7/AC7),0) -> #DIV/0! | BB7: Shared Ride 2 | BC7: =AS7+AX7-AX6 -> #DIV/0! | BD7: =AT7+AY7-AY6 -> #DIV/0! | BE7: =AU7+AZ7-AZ6 -> #DIV/0! | BG7: Shared Ride 2 | BH7: =U7 -> #DIV/0! | BI7: =AA7 -> #DIV/0! | BJ7: =V7 -> #DIV/0! | BK7: =AB7 -> #DIV/0! | BL7: =W7 -> #DIV/0! | BM7: =AC7 -> #DIV/0! | BN7: =X7 -> #DIV/0! | BO7: =AD7 -> #DIV/0!
A8: SR3+ | B8: =targets!O8 -> 4444.2867 | C8: =targets!P8 -> 21933.311 | D8: =targets!Q8 -> 132407.19 | E8: =SUM(B8:D8) -> 158784.79 | H8: SR3+ | I8: =B8*(($O$14)/($B$14)) -> 0 | J8: =C8*($P$14/$C$14) -> 0 | K8: =D8*($Q$14/$D$14) -> 0 | L8: =SUM(I8:K8) -> 0 | N8: SR3+ | O8: {=SUM(IF((modeldata!$I:$I=$N$2)*(modeldata!$H:$H=calibration_simplemodes!$N8),modeldata!D:D,0))} -> 0 | P8: {=SUM(IF((modeldata!$I:$I=$N$2)*(modeldata!$H:$H=calibration_simplemodes!$N8),modeldata!E:E,0))} -> 0 | Q8: {=SUM(IF((modeldata!$I:$I=$N$2)*(modeldata!$H:$H=calibration_simplemodes!$N8),modeldata!F:F,0))} -> 0 | R8: =SUM(O8:Q8) -> 0 | T8: SR3+ | U8: =I8/I14 -> #DIV/0! | V8: =J8/J14 -> #DIV/0! | W8: =K8/K14 -> #DIV/0! | X8: =L8/L14 -> #DIV/0! | Z8: SR3+ | AA8: =O8/O14 -> #DIV/0! | AB8: =P8/P14 -> #DIV/0! | AC8: =Q8/Q14 -> #DIV/0! | AD8: =R8/R14 -> #DIV/0! | AF8: SR3+ | AG8: =O8-I8 -> 0 | AH8: =P8-J8 -> 0 | AI8: =Q8-K8 -> 0 | AJ8: =R8-L8 -> 0 | AL8: SR3+ | AM8: =AA8-U8 -> #DIV/0! | AN8: =AB8-V8 -> #DIV/0! | AO8: =AC8-W8 -> #DIV/0! | AP8: =AD8-X8 -> #DIV/0! | AR8: SR3+ | AS8: =OFFSET(work_existing,9,0) -> -6.0143448 | AT8: =OFFSET(work_existing,10,0) -> -1.1894916 | AU8: =OFFSET(work_existing,11,0) -> -1.5610328 | AW8: SR3+ | AX8: =IF(AND(U8>0, AA8>0),work_damp*LN(U8/AA8),0) -> #DIV/0! | AY8: =IF(AND(V8>0, AB8>0),work_damp*LN(V8/AB8),0) -> #DIV/0! | AZ8: =IF(AND(W8>0, AC8>0),work_damp*LN(W8/AC8),0) -> #DIV/0! | BB8: Shared Ride 3+ | BC8: =AS8+AX8-AX6 -> #DIV/0! | BD8: =AT8+AY8-AY6 -> #DIV/0! | BE8: =AU8+AZ8-AZ6 -> #DIV/0! | BG8: Shared Ride 3+ | BH8: =U8 -> #DIV/0! | BI8: =AA8 -> #DIV/0! | BJ8: =V8 -> #DIV/0! | BK8: =AB8 -> #DIV/0! | BL8: =W8 -> #DIV/0! | BM8: =AC8 -> #DIV/0! | BN8: =X8 -> #DIV/0! | BO8: =AD8 -> #DIV/0!
A9: Walk-Transit | B9: =SUM(targets!O11:O16) -> 82846.217 | C9: =SUM(targets!P11:P16) -> 53233.431 | D9: =SUM(targets!Q11:Q16) -> 95723.419 | E9: =SUM(B9:D9) -> 231803.07 | H9: Walk-Transit | I9: =B9*(($O$14)/($B$14)) -> 0 | J9: =C9*($P$14/$C$14) -> 0 | K9: =D9*($Q$14/$D$14) -> 0 | L9: =SUM(I9:K9) -> 0 | N9: Walk-Transit | O9: {=SUM(IF((modeldata!$I:$I=$N$2)*(modeldata!$H:$H=calibration_simplemodes!$N9),modeldata!D:D,0))} -> 0 | P9: {=SUM(IF((modeldata!$I:$I=$N$2)*(modeldata!$H:$H=calibration_simplemodes!$N9),modeldata!E:E,0))} -> 0 | Q9: {=SUM(IF((modeldata!$I:$I=$N$2)*(modeldata!$H:$H=calibration_simplemodes!$N9),modeldata!F:F,0))} -> 0 | R9: =SUM(O9:Q9) -> 0 | T9: Walk-Transit | U9: =I9/I14 -> #DIV/0! | V9: =J9/J14 -> #DIV/0! | W9: =K9/K14 -> #DIV/0! | X9: =L9/L14 -> #DIV/0! | Z9: Walk-Transit | AA9: =O9/O14 -> #DIV/0! | AB9: =P9/P14 -> #DIV/0! | AC9: =Q9/Q14 -> #DIV/0! | AD9: =R9/R14 -> #DIV/0! | AF9: Walk-Transit | AG9: =O9-I9 -> 0 | AH9: =P9-J9 -> 0 | AI9: =Q9-K9 -> 0 | AJ9: =R9-L9 -> 0 | AL9: Walk-Transit | AM9: =AA9-U9 -> #DIV/0! | AN9: =AB9-V9 -> #DIV/0! | AO9: =AC9-W9 -> #DIV/0! | AP9: =AD9-X9 -> #DIV/0! | AR9: Walk-Transit | AS9: =OFFSET(work_existing,12,0) -> 7.1105802 | AT9: =OFFSET(work_existing,13,0) -> 1.3661161 | AU9: =OFFSET(work_existing,14,0) -> -2.1584516 | AW9: Walk-Transit | AX9: =IF(AND(U9>0, AA9>0),work_damp*LN(U9/AA9),0) -> #DIV/0! | AY9: =IF(AND(V9>0, AB9>0),work_damp*LN(V9/AB9),0) -> #DIV/0! | AZ9: =IF(AND(W9>0, AC9>0),work_damp*LN(W9/AC9),0) -> #DIV/0! | BB9: Walk-Transit | BC9: =AS9+AX9-AX6 -> #DIV/0! | BD9: =AT9+AY9-AY6 -> #DIV/0! | BE9: =AU9+AZ9-AZ6 -> #DIV/0! | BG9: Walk-Transit | BH9: =U9 -> #DIV/0! | BI9: =AA9 -> #DIV/0! | BJ9: =V9 -> #DIV/0! | BK9: =AB9 -> #DIV/0! | BL9: =W9 -> #DIV/0! | BM9: =AC9 -> #DIV/0! | BN9: =X9 -> #DIV/0! | BO9: =AD9 -> #DIV/0!
A10: Drive-Transit | B10: =SUM(targets!O17:O22) -> 0 | C10: =SUM(targets!P17:P22) -> 17527.139 | D10: =SUM(targets!Q17:Q22) -> 52461.588 | E10: =SUM(B10:D10) -> 69988.727 | H10: Drive-Transit | I10: =B10*(($O$14)/($B$14)) -> 0 | J10: =C10*($P$14/$C$14) -> 0 | K10: =D10*($Q$14/$D$14) -> 0 | L10: =SUM(I10:K10) -> 0 | N10: Drive-Transit | O10: {=SUM(IF((modeldata!$I:$I=$N$2)*(modeldata!$H:$H=calibration_simplemodes!$N10),modeldata!D:D,0))} -> 0 | P10: {=SUM(IF((modeldata!$I:$I=$N$2)*(modeldata!$H:$H=calibration_simplemodes!$N10),modeldata!E:E,0))} -> 0 | Q10: {=SUM(IF((modeldata!$I:$I=$N$2)*(modeldata!$H:$H=calibration_simplemodes!$N10),modeldata!F:F,0))} -> 0 | R10: =SUM(O10:Q10) -> 0 | T10: Drive-Transit | U10: =I10/I14 -> #DIV/0! | V10: =J10/J14 -> #DIV/0! | W10: =K10/K14 -> #DIV/0! | X10: =L10/L14 -> #DIV/0! | Z10: Drive-Transit | AA10: =O10/O14 -> #DIV/0! | AB10: =P10/P14 -> #DIV/0! | AC10: =Q10/Q14 -> #DIV/0! | AD10: =R10/R14 -> #DIV/0! | AF10: Drive-Transit | AG10: =O10-I10 -> 0 | AH10: =P10-J10 -> 0 | AI10: =Q10-K10 -> 0 | AJ10: =R10-L10 -> 0 | AL10: Drive-Transit | AM10: =AA10-U10 -> #DIV/0! | AN10: =AB10-V10 -> #DIV/0! | AO10: =AC10-W10 -> #DIV/0! | AP10: =AD10-X10 -> #DIV/0! | AR10: Drive-Transit | AS10: =OFFSET(work_existing,15,0) -> 0 | AT10: =OFFSET(work_existing,16,0) -> 0.65577868 | AU10: =OFFSET(work_existing,17,0) -> -2.4114705 | AW10: Drive-Transit | AX10: =IF(AND(U10>0, AA10>0),work_damp*LN(U10/AA10),0) -> #DIV/0! | AY10: =IF(AND(V10>0, AB10>0),work_damp*LN(V10/AB10),0) -> #DIV/0! | AZ10: =IF(AND(W10>0, AC10>0),work_damp*LN(W10/AC10),0) -> #DIV/0! | BB10: Drive-Transit | BC10: =AS10+AX10-AX6 -> #DIV/0! | BD10: =AT10+AY10-AY6 -> #DIV/0! | BE10: =AU10+AZ10-AZ6 -> #DIV/0! | BG10: Drive-Transit | BH10: =U10 -> #DIV/0! | BI10: =AA10 -> #DIV/0! | BJ10: =V10 -> #DIV/0! | BK10: =AB10 -> #DIV/0! | BL10: =W10 -> #DIV/0! | BM10: =AC10 -> #DIV/0! | BN10: =X10 -> #DIV/0! | BO10: =AD10 -> #DIV/0!
A11: Taxi | B11: =targets!O23 -> 95.34501 | C11: =targets!P23 -> 64.330407 | D11: =targets!Q23 -> 838.53739 | E11: =SUM(B11:D11) -> 998.21281 | H11: Taxi | I11: =B11*(($O$14)/($B$14)) -> 0 | J11: =C11*($P$14/$C$14) -> 0 | K11: =D11*($Q$14/$D$14) -> 0 | L11: =SUM(I11:K11) -> 0 | N11: Taxi | O11: {=SUM(IF((modeldata!$I:$I=$N$2)*(modeldata!$H:$H=calibration_simplemodes!$N11),modeldata!D:D,0))} -> 0 | P11: {=SUM(IF((modeldata!$I:$I=$N$2)*(modeldata!$H:$H=calibration_simplemodes!$N11),modeldata!E:E,0))} -> 0 | Q11: {=SUM(IF((modeldata!$I:$I=$N$2)*(modeldata!$H:$H=calibration_simplemodes!$N11),modeldata!F:F,0))} -> 0 | R11: =SUM(O11:Q11) -> 0 | T11: Taxi | U11: =I11/I14 -> #DIV/0! | V11: =J11/J14 -> #DIV/0! | W11: =K11/K14 -> #DIV/0! | X11: =L11/L14 -> #DIV/0! | Z11: Taxi | AA11: =MAX(O11/O14,0.0001) -> #DIV/0! | AB11: =P11/P14 -> #DIV/0! | AC11: =Q11/Q14 -> #DIV/0! | AD11: =R11/R14 -> #DIV/0! | AF11: Taxi | AG11: =O11-I11 -> 0 | AH11: =P11-J11 -> 0 | AI11: =Q11-K11 -> 0 | AJ11: =R11-L11 -> 0 | AL11: Taxi | AM11: =AA11-U11 -> #DIV/0! | AN11: =AB11-V11 -> #DIV/0! | AO11: =AC11-W11 -> #DIV/0! | AP11: =AD11-X11 -> #DIV/0! | AR11: Taxi | AS11: =OFFSET(work_existing,18,0) -> 6.5933203 | AT11: =OFFSET(work_existing,19,0) -> 2.1487276 | AU11: =OFFSET(work_existing,20,0) -> -3.4263257 | AW11: Taxi | AX11: =IF(AND(U11>0, AA11>0),work_damp*LN(U11/AA11),0) -> #DIV/0! | AY11: =IF(AND(V11>0, AB11>0),work_damp*LN(V11/AB11),0) -> #DIV/0! | AZ11: =IF(AND(W11>0, AC11>0),work_damp*LN(W11/AC11),0) -> #DIV/0! | BB11: Taxi | BC11: =IF(AND(AS11=0,AX11=0),0,AS11+AX11-AX6) -> #DIV/0! | BD11: =IF(AND(AT11=0,AY11=0),0,AT11+AY11-AY6) -> #DIV/0! | BE11: =IF(AND(AU11=0,AZ11=0),0,AU11+AZ11-AZ6) -> #DIV/0! | BG11: Taxi | BH11: =U11 -> #DIV/0! | BI11: =AA11 -> #DIV/0! | BJ11: =V11 -> #DIV/0! | BK11: =AB11 -> #DIV/0! | BL11: =W11 -> #DIV/0! | BM11: =AC11 -> #DIV/0! | BN11: =X11 -> #DIV/0! | BO11: =AD11 -> #DIV/0!
A12: TNC-Single | B12: =targets!O24 -> 4429.5332 | C12: =targets!P24 -> 1518.6086 | D12: =targets!Q24 -> 8199.0449 | E12: =SUM(B12:D12) -> 14147.187 | H12: TNC-Single | I12: =B12*(($O$14)/($B$14)) -> 0 | J12: =C12*($P$14/$C$14) -> 0 | K12: =D12*($Q$14/$D$14) -> 0 | L12: =SUM(I12:K12) -> 0 | N12: TNC-Single | O12: {=SUM(IF((modeldata!$I:$I=$N$2)*(modeldata!$H:$H=calibration_simplemodes!$N12),modeldata!D:D,0))} -> 0 | P12: {=SUM(IF((modeldata!$I:$I=$N$2)*(modeldata!$H:$H=calibration_simplemodes!$N12),modeldata!E:E,0))} -> 0 | Q12: {=SUM(IF((modeldata!$I:$I=$N$2)*(modeldata!$H:$H=calibration_simplemodes!$N12),modeldata!F:F,0))} -> 0 | R12: =SUM(O12:Q12) -> 0 | T12: TNC-Single | U12: =I12/I14 -> #DIV/0! | V12: =J12/J14 -> #DIV/0! | W12: =K12/K14 -> #DIV/0! | X12: =L12/L14 -> #DIV/0! | Z12: TNC-Single | AA12: =O12/O14 -> #DIV/0! | AB12: =P12/P14 -> #DIV/0! | AC12: =Q12/Q14 -> #DIV/0! | AD12: =R12/R14 -> #DIV/0! | AF12: TNC-Single | AG12: =O12-I12 -> 0 | AH12: =P12-J12 -> 0 | AI12: =Q12-K12 -> 0 | AJ12: =R12-L12 -> 0 | AL12: TNC-Single | AM12: =AA12-U12 -> #DIV/0! | AN12: =AB12-V12 -> #DIV/0! | AO12: =AC12-W12 -> #DIV/0! | AP12: =AD12-X12 -> #DIV/0! | AR12: TNC-Single | AS12: =OFFSET(work_existing,21,0) -> 6.2258428 | AT12: =OFFSET(work_existing,22,0) -> 0.24808697 | AU12: =OFFSET(work_existing,23,0) -> -3.1443867 | AW12: TNC-Single | AX12: =IF(AND(U12>0, AA12>0),work_damp*LN(U12/AA12),0) -> #DIV/0! | AY12: =IF(AND(V12>0, AB12>0),work_damp*LN(V12/AB12),0) -> #DIV/0! | AZ12: =IF(AND(W12>0, AC12>0),work_damp*LN(W12/AC12),0) -> #DIV/0! | BB12: TNC-Single | BC12: =IF(AND(AS12=0,AX12=0),0,AS12+AX12-AX7) -> #DIV/0! | BD12: =IF(AND(AT12=0,AY12=0),0,AT12+AY12-AY7) -> #DIV/0! | BE12: =IF(AND(AU12=0,AZ12=0),0,AU12+AZ12-AZ7) -> #DIV/0! | BG12: TNC-Single | BH12: =U12 -> #DIV/0! | BI12: =AA12 -> #DIV/0! | BJ12: =V12 -> #DIV/0! | BK12: =AB12 -> #DIV/0! | BL12: =W12 -> #DIV/0! | BM12: =AC12 -> #DIV/0! | BN12: =X12 -> #DIV/0! | BO12: =AD12 -> #DIV/0!
A13: TNC-Shared | B13: =targets!O25 -> 955.70299 | C13: =targets!P25 -> 201.44462 | D13: =targets!Q25 -> 400.96007 | E13: =SUM(B13:D13) -> 1558.1077 | H13: TNC-Shared | I13: =B13*(($O$14)/($B$14)) -> 0 | J13: =C13*($P$14/$C$14) -> 0 | K13: =D13*($Q$14/$D$14) -> 0 | L13: =SUM(I13:K13) -> 0 | N13: TNC-Shared | O13: {=SUM(IF((modeldata!$I:$I=$N$2)*(modeldata!$H:$H=calibration_simplemodes!$N13),modeldata!D:D,0))} -> 0 | P13: {=SUM(IF((modeldata!$I:$I=$N$2)*(modeldata!$H:$H=calibration_simplemodes!$N13),modeldata!E:E,0))} -> 0 | Q13: {=SUM(IF((modeldata!$I:$I=$N$2)*(modeldata!$H:$H=calibration_simplemodes!$N13),modeldata!F:F,0))} -> 0 | R13: =SUM(O13:Q13) -> 0 | T13: TNC-Shared | U13: =I13/I14 -> #DIV/0! | V13: =J13/J14 -> #DIV/0! | W13: =K13/K14 -> #DIV/0! | X13: =L13/L14 -> #DIV/0! | Z13: TNC-Shared | AA13: =O13/O14 -> #DIV/0! | AB13: =P13/P14 -> #DIV/0! | AC13: =Q13/Q14 -> #DIV/0! | AD13: =R13/R14 -> #DIV/0! | AF13: TNC-Shared | AG13: =O13-I13 -> 0 | AH13: =P13-J13 -> 0 | AI13: =Q13-K13 -> 0 | AJ13: =R13-L13 -> 0 | AL13: TNC-Shared | AM13: =AA13-U13 -> #DIV/0! | AN13: =AB13-V13 -> #DIV/0! | AO13: =AC13-W13 -> #DIV/0! | AP13: =AD13-X13 -> #DIV/0! | AR13: TNC-Shared | AS13: =OFFSET(work_existing,24,0) -> 3.9968599 | AT13: =OFFSET(work_existing,25,0) -> -0.2553267 | AU13: =OFFSET(work_existing,26,0) -> -4.1112134 | AW13: TNC-Shared | AX13: =IF(AND(U13>0, AA13>0),work_damp*LN(U13/AA13),0) -> #DIV/0! | AY13: =IF(AND(V13>0, AB13>0),work_damp*LN(V13/AB13),0) -> #DIV/0! | AZ13: =IF(AND(W13>0, AC13>0),work_damp*LN(W13/AC13),0) -> #DIV/0! | BB13: TNC-Shared | BC13: =IF(AND(AS13=0,AX13=0),0,AS13+AX13-AX8) -> #DIV/0! | BD13: =IF(AND(AT13=0,AY13=0),0,AT13+AY13-AY8) -> #DIV/0! | BE13: =IF(AND(AU13=0,AZ13=0),0,AU13+AZ13-AZ8) -> #DIV/0! | BG13: TNC-Shared | BH13: =U13 -> #DIV/0! | BI13: =AA13 -> #DIV/0! | BJ13: =V13 -> #DIV/0! | BK13: =AB13 -> #DIV/0! | BL13: =W13 -> #DIV/0! | BM13: =AC13 -> #DIV/0! | BN13: =X13 -> #DIV/0! | BO13: =AD13 -> #DIV/0!
A14: Total | B14: =SUM(B4:B13) -> 138021.48 | C14: =SUM(C4:C13) -> 242809.21 | D14: =SUM(D4:D13) -> 1674123.2 | E14: =SUM(B14:D14) -> 2054953.9 | H14: Total | I14: =SUM(I4:I13) -> 0 | J14: =SUM(J4:J13) -> 0 | K14: =SUM(K4:K13) -> 0 | L14: =SUM(I14:K14) -> 0 | N14: Total | O14: {=SUM(IF(modeldata!$I:$I=$N$2,modeldata!D:D,0))} -> 0 | P14: {=SUM(IF(modeldata!$I:$I=$N$2,modeldata!E:E,0))} -> 0 | Q14: {=SUM(IF(modeldata!$I:$I=$N$2,modeldata!F:F,0))} -> 0 | R14: =SUM(O14:Q14) -> 0 | T14: Total | U14: =SUM(U4:U13) -> #DIV/0! | V14: =SUM(V4:V13) -> #DIV/0! | W14: =SUM(W4:W13) -> #DIV/0! | X14: =SUM(X4:X13) -> #DIV/0! | Z14: Total | AA14: =SUM(AA4:AA13) -> #DIV/0! | AB14: =SUM(AB4:AB13) -> #DIV/0! | AC14: =SUM(AC4:AC13) -> #DIV/0! | AD14: =SUM(AD4:AD11) -> #DIV/0! | AF14: Total | AG14: =O14-I14 -> 0 | AH14: =P14-J14 -> 0 | AI14: =Q14-K14 -> 0 | AJ14: =R14-L14 -> 0 | AL14: Total | AM14: =AA14-U14 -> #DIV/0! | AN14: =AB14-V14 -> #DIV/0! | AO14: =AC14-W14 -> #DIV/0! | AP14: =AD14-X14 -> #DIV/0! | BG14: Total | BH14: =SUM(BH4:BH13) -> #DIV/0! | BI14: =SUM(BI4:BI13) -> #DIV/0! | BJ14: =SUM(BJ4:BJ13) -> #DIV/0! | BK14: =SUM(BK4:BK13) -> #DIV/0! | BL14: =SUM(BL4:BL13) -> #DIV/0! | BM14: =SUM(BM4:BM13) -> #DIV/0! | BN14: =SUM(BN4:BN13) -> #DIV/0! | BO14: =SUM(BO4:BO13) -> #DIV/0!
A17: University | H17: University | N17: University | T17: University | Z17: University | AF17: University | AL17: University | AR17: University | AW17: University | BB17: University | BG17: University | BH17: Target | BI17: Model | BJ17: Target | BK17: Model | BL17: Target | BM17: Model | BN17: Target | BO17: Model
B18: Autos = 0 | C18: Autos < Workers | D18: Autos >= Workers | E18: Total | I18: Autos = 0 | J18: Autos < Workers | K18: Autos >= Workers | L18: Total | O18: Autos = 0 | P18: Autos < Workers | Q18: Autos >= Workers | R18: Total | U18: Autos = 0 | V18: Autos < Workers | W18: Autos >= Workers | X18: Total | AA18: Autos = 0 | AB18: Autos < Workers | AC18: Autos >= Workers | AD18: Total | AG18: Autos = 0 | AH18: Autos < Workers | AI18: Autos >= Workers | AJ18: Total | AM18: Autos = 0 | AN18: Autos < Workers | AO18: Autos >= Workers | AP18: Total | AS18: Autos = 0 | AT18: Autos < Workers | AU18: Autos >= Workers | AW18: 0 | AX18: Autos = 0 | AY18: Autos < Workers | AZ18: Autos >= Workers | BC18: Autos==0 | BD18: 0 < Autos < Workers | BE18: Autos >= Workers | BH18: 0 Autos | BI18: 0 Autos | BJ18: Autos<Wrks | BK18: Autos<Wrks | BL18: Autos>=Wrks | BM18: Autos<=Wrks | BN18: All | BO18: All
A19: Walk | B19: =targets!C33 -> 19 | C19: =targets!P33 -> 25.786701 | D19: =targets!Q33 -> 9993.6472 | E19: =SUM(B19:D19) -> 10038.434 | H19: Walk | I19: =B19*((O$29/(B$29))) -> 0 | J19: =C19*((P$29/(C$29))) -> 0 | K19: =D19*((Q$29/(D$29))) -> 0 | L19: =SUM(I19:K19) -> 0 | N19: Walk | O19: {=SUM(IF((modeldata!$I:$I=$N$17)*(modeldata!$H:$H=calibration_simplemodes!$N19),modeldata!D:D,0))} -> 0 | P19: {=SUM(IF((modeldata!$I:$I=$N$17)*(modeldata!$H:$H=calibration_simplemodes!$N19),modeldata!E:E,0))} -> 0 | Q19: {=SUM(IF((modeldata!$I:$I=$N$17)*(modeldata!$H:$H=calibration_simplemodes!$N19),modeldata!F:F,0))} -> 0 | R19: =SUM(O19:Q19) -> 0 | T19: Walk | U19: =I19/I29 -> #DIV/0! | V19: =J19/J29 -> #DIV/0! | W19: =K19/K29 -> #DIV/0! | X19: =L19/L29 -> #DIV/0! | Z19: Walk | AA19: =O19/O29 -> #DIV/0! | AB19: =P19/P29 -> #DIV/0! | AC19: =Q19/Q29 -> #DIV/0! | AD19: =R19/R29 -> #DIV/0! | AF19: Walk | AG19: =O19-I19 -> 0 | AH19: =P19-J19 -> 0 | AI19: =Q19-K19 -> 0 | AJ19: =R19-L19 -> 0 | AL19: Walk | AM19: =AA19-U19 -> #DIV/0! | AN19: =AB19-V19 -> #DIV/0! | AO19: =AC19-W19 -> #DIV/0! | AP19: =AD19-X19 -> #DIV/0! | AR19: Walk | AS19: =OFFSET(university_existing,0,0) -> 1.2344146 | AT19: =OFFSET(university_existing,1,0) -> 2.0305284 | AU19: =OFFSET(university_existing,2,0) -> 0.77901 | AW19: Walk | AX19: =IF(AND(U19>0, AA19>0),university_damp*LN(U19/AA19),0) -> #DIV/0! | AY19: =IF(AND(V19>0, AB19>0),university_damp*LN(V19/AB19),0) -> #DIV/0! | AZ19: =IF(AND(W19>0, AC19>0),university_damp*LN(W19/AC19),0) -> #DIV/0! | BB19: Walk | BC19: =AS19+AX19-AX21 -> #DIV/0! | BD19: =AT19+AY19-AY21 -> #DIV/0! | BE19: =AU19+AZ19-AZ21 -> #DIV/0! | BG19: Walk | BH19: =U19 -> #DIV/0! | BI19: =AA19 -> #DIV/0! | BJ19: =V19 -> #DIV/0! | BK19: =AB19 -> #DIV/0! | BL19: =W19 -> #DIV/0! | BM19: =AC19 -> #DIV/0! | BN19: =X19 -> #DIV/0! | BO19: =AD19 -> #DIV/0!
A20: Bike | B20: =targets!O34 -> 5269.3449 | C20: =targets!P34 -> 50.364003 | D20: =targets!Q34 -> 599.4466 | E20: =SUM(B20:D20) -> 5919.1555 | H20: Bike | I20: =B20*((O$29/(B$29))) -> 0 | J20: =C20*((P$29/(C$29))) -> 0 | K20: =D20*((Q$29/(D$29))) -> 0 | L20: =SUM(I20:K20) -> 0 | N20: Bike | O20: {=SUM(IF((modeldata!$I:$I=$N$17)*(modeldata!$H:$H=calibration_simplemodes!$N20),modeldata!D:D,0))} -> 0 | P20: {=SUM(IF((modeldata!$I:$I=$N$17)*(modeldata!$H:$H=calibration_simplemodes!$N20),modeldata!E:E,0))} -> 0 | Q20: {=SUM(IF((modeldata!$I:$I=$N$17)*(modeldata!$H:$H=calibration_simplemodes!$N20),modeldata!F:F,0))} -> 0 | R20: =SUM(O20:Q20) -> 0 | T20: Bike | U20: =MAX(I20/I29,0.0001) -> #DIV/0! | V20: =J20/J29 -> #DIV/0! | W20: =K20/K29 -> #DIV/0! | X20: =L20/L29 -> #DIV/0! | Z20: Bike | AA20: =O20/O29 -> #DIV/0! | AB20: =P20/P29 -> #DIV/0! | AC20: =Q20/Q29 -> #DIV/0! | AD20: =R20/R29 -> #DIV/0! | AF20: Bike | AG20: =O20-I20 -> 0 | AH20: =P20-J20 -> 0 | AI20: =Q20-K20 -> 0 | AJ20: =R20-L20 -> 0 | AL20: Bike | AM20: =AA20-U20 -> #DIV/0! | AN20: =AB20-V20 -> #DIV/0! | AO20: =AC20-W20 -> #DIV/0! | AP20: =AD20-X20 -> #DIV/0! | AR20: Bike | AS20: =OFFSET(university_existing,3,0) -> -29.968667 | AT20: =OFFSET(university_existing,4,0) -> 4.196727 | AU20: =OFFSET(university_existing,5,0) -> -0.088613701 | AW20: Bike | AX20: =IF(AND(U20>0, AA20>0),university_damp*LN(U20/AA20),0) -> #DIV/0! | AY20: =IF(AND(V20>0, AB20>0),university_damp*LN(V20/AB20),0) -> #DIV/0! | AZ20: =IF(AND(W20>0, AC20>0),university_damp*LN(W20/AC20),0) -> #DIV/0! | BB20: Bike | BC20: =AS20+AX20-AX21 -> #DIV/0! | BD20: =AT20+AY20-AY21 -> #DIV/0! | BE20: =AU20+AZ20-AZ21 -> #DIV/0! | BG20: Bike | BH20: =U20 -> #DIV/0! | BI20: =AA20 -> #DIV/0! | BJ20: =V20 -> #DIV/0! | BK20: =AB20 -> #DIV/0! | BL20: =W20 -> #DIV/0! | BM20: =AC20 -> #DIV/0! | BN20: =X20 -> #DIV/0! | BO20: =AD20 -> #DIV/0!
A21: Drive Alone | B21: =targets!O30 -> 0 | C21: =targets!P30 -> 60.234171 | D21: =targets!Q30 -> 10502.687 | E21: =SUM(B21:D21) -> 10562.921 | H21: Drive Alone | I21: =B21*((O$29/(B$29))) -> 0 | J21: =C21*((P$29/(C$29))) -> 0 | K21: =D21*((Q$29/(D$29))) -> 0 | L21: =SUM(I21:K21) -> 0 | N21: Drive Alone | O21: {=SUM(IF((modeldata!$I:$I=$N$17)*(modeldata!$H:$H=calibration_simplemodes!$N21),modeldata!D:D,0))} -> 0 | P21: {=SUM(IF((modeldata!$I:$I=$N$17)*(modeldata!$H:$H=calibration_simplemodes!$N21),modeldata!E:E,0))} -> 0 | Q21: {=SUM(IF((modeldata!$I:$I=$N$17)*(modeldata!$H:$H=calibration_simplemodes!$N21),modeldata!F:F,0))} -> 0 | R21: =SUM(O21:Q21) -> 0 | T21: Drive Alone | U21: =I21/I29 -> #DIV/0! | V21: =J21/J29 -> #DIV/0! | W21: =K21/K29 -> #DIV/0! | X21: =L21/L29 -> #DIV/0! | Z21: Drive Alone | AA21: =O21/O29 -> #DIV/0! | AB21: =P21/P29 -> #DIV/0! | AC21: =Q21/Q29 -> #DIV/0! | AD21: =R21/R29 -> #DIV/0! | AF21: Drive Alone | AG21: =O21-I21 -> 0 | AH21: =P21-J21 -> 0 | AI21: =Q21-K21 -> 0 | AJ21: =R21-L21 -> 0 | AL21: Drive Alone | AM21: =AA21-U21 -> #DIV/0! | AN21: =AB21-V21 -> #DIV/0! | AO21: =AC21-W21 -> #DIV/0! | AP21: =AD21-X21 -> #DIV/0! | AR21: Drive Alone | AS21: 0 | AT21: 0 | AU21: 0 | AW21: Drive Alone | AX21: =IF(AND(U21>0, AA21>0),university_damp*LN(U21/AA21),0) -> #DIV/0! | AY21: =IF(AND(V21>0, AB21>0),university_damp*LN(V21/AB21),0) -> #DIV/0! | AZ21: =IF(AND(W21>0, AC21>0),university_damp*LN(W21/AC21),0) -> #DIV/0! | BB21: Drive Alone | BC21: =AS21+AX21-AX21 -> #DIV/0! | BD21: =AT21+AY21-AY21 -> #DIV/0! | BE21: =AU21+AZ21-AZ21 -> #DIV/0! | BG21: Drive Alone | BH21: =U21 -> #DIV/0! | BI21: =AA21 -> #DIV/0! | BJ21: =V21 -> #DIV/0! | BK21: =AB21 -> #DIV/0! | BL21: =W21 -> #DIV/0! | BM21: =AC21 -> #DIV/0! | BN21: =X21 -> #DIV/0! | BO21: =AD21 -> #DIV/0!
A22: SR2 | B22: =targets!O31 -> 121.98964 | C22: =targets!P31 -> 0 | D22: =targets!Q31 -> 1593.9702 | E22: =SUM(B22:D22) -> 1715.9599 | H22: SR2 | I22: =B22*((O$29/(B$29))) -> 0 | J22: =C22*((P$29/(C$29))) -> 0 | K22: =D22*((Q$29/(D$29))) -> 0 | L22: =SUM(I22:K22) -> 0 | N22: SR2 | O22: {=SUM(IF((modeldata!$I:$I=$N$17)*(modeldata!$H:$H=calibration_simplemodes!$N22),modeldata!D:D,0))} -> 0 | P22: {=SUM(IF((modeldata!$I:$I=$N$17)*(modeldata!$H:$H=calibration_simplemodes!$N22),modeldata!E:E,0))} -> 0 | Q22: {=SUM(IF((modeldata!$I:$I=$N$17)*(modeldata!$H:$H=calibration_simplemodes!$N22),modeldata!F:F,0))} -> 0 | R22: =SUM(O22:Q22) -> 0 | T22: SR2 | U22: =MAX(I22/I29,0.0001) -> #DIV/0! | V22: =J22/J29 -> #DIV/0! | W22: =K22/K29 -> #DIV/0! | X22: =L22/L29 -> #DIV/0! | Z22: SR2 | AA22: =O22/O29 -> #DIV/0! | AB22: =P22/P29 -> #DIV/0! | AC22: =Q22/Q29 -> #DIV/0! | AD22: =R22/R29 -> #DIV/0! | AF22: SR2 | AG22: =O22-I22 -> 0 | AH22: =P22-J22 -> 0 | AI22: =Q22-K22 -> 0 | AJ22: =R22-L22 -> 0 | AL22: SR2 | AM22: =AA22-U22 -> #DIV/0! | AN22: =AB22-V22 -> #DIV/0! | AO22: =AC22-W22 -> #DIV/0! | AP22: =AD22-X22 -> #DIV/0! | AR22: SR2 | AS22: =OFFSET(university_existing,6,0) -> -40.453128 | AT22: =OFFSET(university_existing,7,0) -> 0.60047948 | AU22: =OFFSET(university_existing,8,0) -> -0.49265961 | AW22: SR2 | AX22: =IF(AND(U22>0, AA22>0),university_damp*LN(U22/AA22),0) -> #DIV/0! | AY22: =IF(AND(V22>0, AB22>0),university_damp*LN(V22/AB22),0) -> #DIV/0! | AZ22: =IF(AND(W22>0, AC22>0),university_damp*LN(W22/AC22),0) -> #DIV/0! | BB22: Shared Ride 2 | BC22: =AS22+AX22-AX21 -> #DIV/0! | BD22: =AT22+AY22-AY21 -> #DIV/0! | BE22: =AU22+AZ22-AZ21 -> #DIV/0! | BG22: Shared Ride 2 | BH22: =U22 -> #DIV/0! | BI22: =AA22 -> #DIV/0! | BJ22: =V22 -> #DIV/0! | BK22: =AB22 -> #DIV/0! | BL22: =W22 -> #DIV/0! | BM22: =AC22 -> #DIV/0! | BN22: =X22 -> #DIV/0! | BO22: =AD22 -> #DIV/0!
A23: SR3+ | B23: =targets!O32 -> 754.50957 | C23: =targets!P32 -> 0 | D23: =targets!Q32 -> 378.24447 | E23: =SUM(B23:D23) -> 1132.754 | H23: SR3+ | I23: =B23*((O$29/(B$29))) -> 0 | J23: =C23*((P$29/(C$29))) -> 0 | K23: =D23*((Q$29/(D$29))) -> 0 | L23: =SUM(I23:K23) -> 0 | N23: SR3+ | O23: {=SUM(IF((modeldata!$I:$I=$N$17)*(modeldata!$H:$H=calibration_simplemodes!$N23),modeldata!D:D,0))} -> 0 | P23: {=SUM(IF((modeldata!$I:$I=$N$17)*(modeldata!$H:$H=calibration_simplemodes!$N23),modeldata!E:E,0))} -> 0 | Q23: {=SUM(IF((modeldata!$I:$I=$N$17)*(modeldata!$H:$H=calibration_simplemodes!$N23),modeldata!F:F,0))} -> 0 | R23: =SUM(O23:Q23) -> 0 | T23: SR3+ | U23: =MAX(I23/I29,0.0001) -> #DIV/0! | V23: =J23/J29 -> #DIV/0! | W23: =K23/K29 -> #DIV/0! | X23: =L23/L29 -> #DIV/0! | Z23: SR3+ | AA23: =O23/O29 -> #DIV/0! | AB23: =P23/P29 -> #DIV/0! | AC23: =Q23/Q29 -> #DIV/0! | AD23: =R23/R29 -> #DIV/0! | AF23: SR3+ | AG23: =O23-I23 -> 0 | AH23: =P23-J23 -> 0 | AI23: =Q23-K23 -> 0 | AJ23: =R23-L23 -> 0 | AL23: SR3+ | AM23: =AA23-U23 -> #DIV/0! | AN23: =AB23-V23 -> #DIV/0! | AO23: =AC23-W23 -> #DIV/0! | AP23: =AD23-X23 -> #DIV/0! | AR23: SR3+ | AS23: =OFFSET(university_existing,9,0) -> -40.148515 | AT23: =OFFSET(university_existing,10,0) -> -0.60527792 | AU23: =OFFSET(university_existing,11,0) -> -1.622221 | AW23: SR3+ | AX23: =IF(AND(U23>0, AA23>0),university_damp*LN(U23/AA23),0) -> #DIV/0! | AY23: =IF(AND(V23>0, AB23>0),university_damp*LN(V23/AB23),0) -> #DIV/0! | AZ23: =IF(AND(W23>0, AC23>0),university_damp*LN(W23/AC23),0) -> #DIV/0! | BB23: Shared Ride 3+ | BC23: =AS23+AX23-AX21 -> #DIV/0! | BD23: =AT23+AY23-AY21 -> #DIV/0! | BE23: =AU23+AZ23-AZ21 -> #DIV/0! | BG23: Shared Ride 3+ | BH23: =U23 -> #DIV/0! | BI23: =AA23 -> #DIV/0! | BJ23: =V23 -> #DIV/0! | BK23: =AB23 -> #DIV/0! | BL23: =W23 -> #DIV/0! | BM23: =AC23 -> #DIV/0! | BN23: =X23 -> #DIV/0! | BO23: =AD23 -> #DIV/0!
A24: Walk-Transit | B24: =SUM(targets!O35:O40) -> 19465.736 | C24: =SUM(targets!P35:P40) -> 3669.7488 | D24: =SUM(targets!Q35:Q40) -> 817.23973 | E24: =SUM(B24:D24) -> 23952.724 | H24: Walk-Transit | I24: =B24*((O$29/(B$29))) -> 0 | J24: =C24*((P$29/(C$29))) -> 0 | K24: =D24*((Q$29/(D$29))) -> 0 | L24: =SUM(I24:K24) -> 0 | N24: Walk-Transit | O24: {=SUM(IF((modeldata!$I:$I=$N$17)*(modeldata!$H:$H=calibration_simplemodes!$N24),modeldata!D:D,0))} -> 0 | P24: {=SUM(IF((modeldata!$I:$I=$N$17)*(modeldata!$H:$H=calibration_simplemodes!$N24),modeldata!E:E,0))} -> 0 | Q24: {=SUM(IF((modeldata!$I:$I=$N$17)*(modeldata!$H:$H=calibration_simplemodes!$N24),modeldata!F:F,0))} -> 0 | R24: =SUM(O24:Q24) -> 0 | T24: Walk-Transit | U24: =I24/I29 -> #DIV/0! | V24: =J24/J29 -> #DIV/0! | W24: =K24/K29 -> #DIV/0! | X24: =L24/L29 -> #DIV/0! | Z24: Walk-Transit | AA24: =O24/O29 -> #DIV/0! | AB24: =P24/P29 -> #DIV/0! | AC24: =Q24/Q29 -> #DIV/0! | AD24: =R24/R29 -> #DIV/0! | AF24: Walk-Transit | AG24: =O24-I24 -> 0 | AH24: =P24-J24 -> 0 | AI24: =Q24-K24 -> 0 | AJ24: =R24-L24 -> 0 | AL24: Walk-Transit | AM24: =AA24-U24 -> #DIV/0! | AN24: =AB24-V24 -> #DIV/0! | AO24: =AC24-W24 -> #DIV/0! | AP24: =AD24-X24 -> #DIV/0! | AR24: Walk-Transit | AS24: =OFFSET(university_existing,12,0) -> 3.2403367 | AT24: =OFFSET(university_existing,13,0) -> 9.8646022 | AU24: =OFFSET(university_existing,14,0) -> 0.27716888 | AW24: Walk-Transit | AX24: =IF(AND(U24>0, AA24>0),university_damp*LN(U24/AA24),0) -> #DIV/0! | AY24: =IF(AND(V24>0, AB24>0),university_damp*LN(V24/AB24),0) -> #DIV/0! | AZ24: =IF(AND(W24>0, AC24>0),university_damp*LN(W24/AC24),0) -> #DIV/0! | BB24: Walk-Transit | BC24: =AS24+AX24-AX21 -> #DIV/0! | BD24: =AT24+AY24-AY21 -> #DIV/0! | BE24: =AU24+AZ24-AZ21 -> #DIV/0! | BG24: Walk-Transit | BH24: =U24 -> #DIV/0! | BI24: =AA24 -> #DIV/0! | BJ24: =V24 -> #DIV/0! | BK24: =AB24 -> #DIV/0! | BL24: =W24 -> #DIV/0! | BM24: =AC24 -> #DIV/0! | BN24: =X24 -> #DIV/0! | BO24: =AD24 -> #DIV/0!
A25: Drive-Transit | B25: =SUM(targets!O41:O46) -> 0 | C25: =SUM(targets!P41:P46) -> 0 | D25: =SUM(targets!Q41:Q46) -> 31.705986 | E25: =SUM(B25:D25) -> 31.705986 | H25: Drive-Transit | I25: =B25*((O$29/(B$29))) -> 0 | J25: =C25*((P$29/(C$29))) -> 0 | K25: =D25*((Q$29/(D$29))) -> 0 | L25: =SUM(I25:K25) -> 0 | N25: Drive-Transit | O25: {=SUM(IF((modeldata!$I:$I=$N$17)*(modeldata!$H:$H=calibration_simplemodes!$N25),modeldata!D:D,0))} -> 0 | P25: {=SUM(IF((modeldata!$I:$I=$N$17)*(modeldata!$H:$H=calibration_simplemodes!$N25),modeldata!E:E,0))} -> 0 | Q25: {=SUM(IF((modeldata!$I:$I=$N$17)*(modeldata!$H:$H=calibration_simplemodes!$N25),modeldata!F:F,0))} -> 0 | R25: =SUM(O25:Q25) -> 0 | T25: Drive-Transit | U25: =MAX(I25/I29,0.0001) -> #DIV/0! | V25: =J25/J29 -> #DIV/0! | W25: =K25/K29 -> #DIV/0! | X25: =L25/L29 -> #DIV/0! | Z25: Drive-Transit | AA25: =O25/O29 -> #DIV/0! | AB25: =P25/P29 -> #DIV/0! | AC25: =Q25/Q29 -> #DIV/0! | AD25: =R25/R29 -> #DIV/0! | AF25: Drive-Transit | AG25: =O25-I25 -> 0 | AH25: =P25-J25 -> 0 | AI25: =Q25-K25 -> 0 | AJ25: =R25-L25 -> 0 | AL25: Drive-Transit | AM25: =AA25-U25 -> #DIV/0! | AN25: =AB25-V25 -> #DIV/0! | AO25: =AC25-W25 -> #DIV/0! | AP25: =AD25-X25 -> #DIV/0! | AR25: Drive-Transit | AS25: =OFFSET(university_existing,15,0) -> 0 | AT25: =OFFSET(university_existing,16,0) -> 9.5010315 | AU25: =OFFSET(university_existing,17,0) -> -0.72310674 | AW25: Drive-Transit | AX25: =IF(AND(U25>0, AA25>0),university_damp*LN(U25/AA25),0) -> #DIV/0! | AY25: =IF(AND(V25>0, AB25>0),university_damp*LN(V25/AB25),0) -> #DIV/0! | AZ25: =IF(AND(W25>0, AC25>0),university_damp*LN(W25/AC25),0) -> #DIV/0! | BB25: Drive-Transit | BC25: =AS25+AX25-AX21 -> #DIV/0! | BD25: =AT25+AY25-AY21 -> #DIV/0! | BE25: =AU25+AZ25-AZ21 -> #DIV/0! | BG25: Drive-Transit | BH25: =U25 -> #DIV/0! | BI25: =AA25 -> #DIV/0! | BJ25: =V25 -> #DIV/0! | BK25: =AB25 -> #DIV/0! | BL25: =W25 -> #DIV/0! | BM25: =AC25 -> #DIV/0! | BN25: =X25 -> #DIV/0! | BO25: =AD25 -> #DIV/0!
A26: Taxi | B26: =targets!O47 -> 0 | C26: =targets!P47 -> 0 | D26: =targets!Q47 -> 0 | E26: =SUM(B26:D26) -> 0 | H26: Taxi | I26: =B26*((O$29/(B$29))) -> 0 | J26: =C26*((P$29/(C$29))) -> 0 | K26: =D26*((Q$29/(D$29))) -> 0 | L26: =SUM(I26:K26) -> 0 | N26: Taxi | O26: {=SUM(IF((modeldata!$I:$I=$N$17)*(modeldata!$H:$H=calibration_simplemodes!$N26),modeldata!D:D,0))} -> 0 | P26: {=SUM(IF((modeldata!$I:$I=$N$17)*(modeldata!$H:$H=calibration_simplemodes!$N26),modeldata!E:E,0))} -> 0 | Q26: {=SUM(IF((modeldata!$I:$I=$N$17)*(modeldata!$H:$H=calibration_simplemodes!$N26),modeldata!F:F,0))} -> 0 | R26: =SUM(O26:Q26) -> 0 | T26: Taxi | U26: =I26/I29 -> #DIV/0! | V26: =J26/J29 -> #DIV/0! | W26: =K26/K29 -> #DIV/0! | X26: =L26/L29 -> #DIV/0! | Z26: Taxi | AA26: =O26/O29 -> #DIV/0! | AB26: =P26/P29 -> #DIV/0! | AC26: =Q26/Q29 -> #DIV/0! | AD26: =R26/R29 -> #DIV/0! | AF26: Taxi | AG26: =O26-I26 -> 0 | AH26: =P26-J26 -> 0 | AI26: =Q26-K26 -> 0 | AJ26: =R26-L26 -> 0 | AL26: Taxi | AM26: =AA26-U26 -> #DIV/0! | AN26: =AB26-V26 -> #DIV/0! | AO26: =AC26-W26 -> #DIV/0! | AP26: =AD26-X26 -> #DIV/0! | AR26: Taxi | AS26: =OFFSET(university_existing,18,0) -> -14.413391 | AT26: =OFFSET(university_existing,19,0) -> 6.7745388 | AU26: =OFFSET(university_existing,20,0) -> 1.2947271 | AW26: Taxi | AX26: =IF(AND(U26>0, AA26>0),university_damp*LN(U26/AA26),0) -> #DIV/0! | AY26: =IF(AND(V26>0, AB26>0),university_damp*LN(V26/AB26),0) -> #DIV/0! | AZ26: =IF(AND(W26>0, AC26>0),university_damp*LN(W26/AC26),0) -> #DIV/0! | BB26: Taxi | BC26: =IF(AND(AS26=0,AX26=0),0,AS26+AX26-AX21) -> #DIV/0! | BD26: =IF(AND(AT26=0,AY26=0),0,AT26+AY26-AY21) -> #DIV/0! | BE26: =IF(AND(AU26=0,AZ26=0),0,AU26+AZ26-AZ21) -> #DIV/0! | BG26: Taxi | BH26: =U26 -> #DIV/0! | BI26: =AA26 -> #DIV/0! | BJ26: =V26 -> #DIV/0! | BK26: =AB26 -> #DIV/0! | BL26: =W26 -> #DIV/0! | BM26: =AC26 -> #DIV/0! | BN26: =X26 -> #DIV/0! | BO26: =AD26 -> #DIV/0!
A27: TNC-Single | B27: =targets!O48 -> 0 | C27: =targets!P48 -> 0 | D27: =targets!Q48 -> 0 | E27: =SUM(B27:D27) -> 0 | H27: TNC-Single | I27: =B27*((O$29/(B$29))) -> 0 | J27: =C27*((P$29/(C$29))) -> 0 | K27: =D27*((Q$29/(D$29))) -> 0 | L27: =SUM(I27:K27) -> 0 | N27: TNC-Single | O27: {=SUM(IF((modeldata!$I:$I=$N$17)*(modeldata!$H:$H=calibration_simplemodes!$N27),modeldata!D:D,0))} -> 0 | P27: {=SUM(IF((modeldata!$I:$I=$N$17)*(modeldata!$H:$H=calibration_simplemodes!$N27),modeldata!E:E,0))} -> 0 | Q27: {=SUM(IF((modeldata!$I:$I=$N$17)*(modeldata!$H:$H=calibration_simplemodes!$N27),modeldata!F:F,0))} -> 0 | R27: =SUM(O27:Q27) -> 0 | T27: TNC-Single | U27: =I27/I29 -> #DIV/0! | V27: =J27/J29 -> #DIV/0! | W27: =K27/K29 -> #DIV/0! | X27: =L27/L29 -> #DIV/0! | Z27: TNC-Single | AA27: =O27/O29 -> #DIV/0! | AB27: =P27/P29 -> #DIV/0! | AC27: =Q27/Q29 -> #DIV/0! | AD27: =R27/R29 -> #DIV/0! | AF27: TNC-Single | AG27: =O27-I27 -> 0 | AH27: =P27-J27 -> 0 | AI27: =Q27-K27 -> 0 | AJ27: =R27-L27 -> 0 | AL27: TNC-Single | AM27: =AA27-U27 -> #DIV/0! | AN27: =AB27-V27 -> #DIV/0! | AO27: =AC27-W27 -> #DIV/0! | AP27: =AD27-X27 -> #DIV/0! | AR27: TNC-Single | AS27: =OFFSET(university_existing,21,0) -> -13.963544 | AT27: =OFFSET(university_existing,22,0) -> 7.2289886 | AU27: =OFFSET(university_existing,23,0) -> 1.628029 | AW27: TNC-Single | AX27: =IF(AND(U27>0, AA27>0),university_damp*LN(U27/AA27),0) -> #DIV/0! | AY27: =IF(AND(V27>0, AB27>0),university_damp*LN(V27/AB27),0) -> #DIV/0! | AZ27: =IF(AND(W27>0, AC27>0),university_damp*LN(W27/AC27),0) -> #DIV/0! | BB27: TNC-Single | BC27: =IF(AND(AS27=0,AX27=0),0,AS27+AX27-AX22) -> #DIV/0! | BD27: =IF(AND(AT27=0,AY27=0),0,AT27+AY27-AY22) -> #DIV/0! | BE27: =IF(AND(AU27=0,AZ27=0),0,AU27+AZ27-AZ22) -> #DIV/0! | BG27: TNC-Single | BH27: =U27 -> #DIV/0! | BI27: =AA27 -> #DIV/0! | BJ27: =V27 -> #DIV/0! | BK27: =AB27 -> #DIV/0! | BL27: =W27 -> #DIV/0! | BM27: =AC27 -> #DIV/0! | BN27: =X27 -> #DIV/0! | BO27: =AD27 -> #DIV/0!
A28: TNC-Shared | B28: =targets!O49 -> 0 | C28: =targets!P49 -> 0 | D28: =targets!Q49 -> 0 | E28: =SUM(B28:D28) -> 0 | H28: TNC-Shared | I28: =B28*((O$29/(B$29))) -> 0 | J28: =C28*((P$29/(C$29))) -> 0 | K28: =D28*((Q$29/(D$29))) -> 0 | L28: =SUM(I28:K28) -> 0 | N28: TNC-Shared | O28: {=SUM(IF((modeldata!$I:$I=$N$17)*(modeldata!$H:$H=calibration_simplemodes!$N28),modeldata!D:D,0))} -> 0 | P28: {=SUM(IF((modeldata!$I:$I=$N$17)*(modeldata!$H:$H=calibration_simplemodes!$N28),modeldata!E:E,0))} -> 0 | Q28: {=SUM(IF((modeldata!$I:$I=$N$17)*(modeldata!$H:$H=calibration_simplemodes!$N28),modeldata!F:F,0))} -> 0 | R28: =SUM(O28:Q28) -> 0 | T28: TNC-Shared | U28: =I28/I29 -> #DIV/0! | V28: =J28/J29 -> #DIV/0! | W28: =K28/K29 -> #DIV/0! | X28: =L28/L29 -> #DIV/0! | Z28: TNC-Shared | AA28: =O28/O29 -> #DIV/0! | AB28: =P28/P29 -> #DIV/0! | AC28: =Q28/Q29 -> #DIV/0! | AD28: =R28/R29 -> #DIV/0! | AF28: TNC-Shared | AG28: =O28-I28 -> 0 | AH28: =P28-J28 -> 0 | AI28: =Q28-K28 -> 0 | AJ28: =R28-L28 -> 0 | AL28: TNC-Shared | AM28: =AA28-U28 -> #DIV/0! | AN28: =AB28-V28 -> #DIV/0! | AO28: =AC28-W28 -> #DIV/0! | AP28: =AD28-X28 -> #DIV/0! | AR28: TNC-Shared | AS28: =OFFSET(university_existing,24,0) -> -17.206312 | AT28: =OFFSET(university_existing,25,0) -> 5.4017775 | AU28: =OFFSET(university_existing,26,0) -> 0.43055314 | AW28: TNC-Shared | AX28: =IF(AND(U28>0, AA28>0),university_damp*LN(U28/AA28),0) -> #DIV/0! | AY28: =IF(AND(V28>0, AB28>0),university_damp*LN(V28/AB28),0) -> #DIV/0! | AZ28: =IF(AND(W28>0, AC28>0),university_damp*LN(W28/AC28),0) -> #DIV/0! | BB28: TNC-Shared | BC28: =IF(AND(AS28=0,AX28=0),0,AS28+AX28-AX23) -> #DIV/0! | BD28: =IF(AND(AT28=0,AY28=0),0,AT28+AY28-AY23) -> #DIV/0! | BE28: =IF(AND(AU28=0,AZ28=0),0,AU28+AZ28-AZ23) -> #DIV/0! | BG28: TNC-Shared | BH28: =U28 -> #DIV/0! | BI28: =AA28 -> #DIV/0! | BJ28: =V28 -> #DIV/0! | BK28: =AB28 -> #DIV/0! | BL28: =W28 -> #DIV/0! | BM28: =AC28 -> #DIV/0! | BN28: =X28 -> #DIV/0! | BO28: =AD28 -> #DIV/0!
A29: Total | B29: =SUM(B19:B28) -> 25630.58 | C29: =SUM(C19:C28) -> 3806.1337 | D29: =SUM(D19:D28) -> 23916.941 | E29: =SUM(B29:D29) -> 53353.654 | H29: Total | I29: =SUM(I19:I28) -> 0 | J29: =SUM(J19:J28) -> 0 | K29: =SUM(K19:K28) -> 0 | L29: =SUM(I29:K29) -> 0 | N29: Total | O29: {=SUM(IF(modeldata!$I:$I=$N$17,modeldata!D:D,0))} -> 0 | P29: {=SUM(IF(modeldata!$I:$I=$N$17,modeldata!E:E,0))} -> 0 | Q29: {=SUM(IF(modeldata!$I:$I=$N$17,modeldata!F:F,0))} -> 0 | R29: =SUM(O29:Q29) -> 0 | T29: Total | U29: =SUM(U19:U28) -> #DIV/0! | V29: =SUM(V19:V28) -> #DIV/0! | W29: =SUM(W19:W28) -> #DIV/0! | X29: =SUM(X19:X28) -> #DIV/0! | Z29: Total | AA29: =SUM(AA19:AA28) -> #DIV/0! | AB29: =SUM(AB19:AB28) -> #DIV/0! | AC29: =SUM(AC19:AC28) -> #DIV/0! | AD29: =SUM(AD19:AD26) -> #DIV/0! | AF29: Total | AG29: =O29-I29 -> 0 | AH29: =P29-J29 -> 0 | AI29: =Q29-K29 -> 0 | AJ29: =R29-L29 -> 0 | AL29: Total | AM29: =AA29-U29 -> #DIV/0! | AN29: =AB29-V29 -> #DIV/0! | AO29: =AC29-W29 -> #DIV/0! | AP29: =AD29-X29 -> #DIV/0! | BG29: Total | BH29: =SUM(BH19:BH28) -> #DIV/0! | BI29: =SUM(BI19:BI28) -> #DIV/0! | BJ29: =SUM(BJ19:BJ28) -> #DIV/0! | BK29: =SUM(BK19:BK28) -> #DIV/0! | BL29: =SUM(BL19:BL28) -> #DIV/0! | BM29: =SUM(BM19:BM28) -> #DIV/0! | BN29: =SUM(BN19:BN28) -> #DIV/0! | BO29: =SUM(BO19:BO28) -> #DIV/0!
A32: School | H32: School | N32: School | T32: School | Z32: School | AF32: School | AL32: School | AR32: School | AW32: School | BB32: School | BG32: School | BH32: Target | BI32: Model | BJ32: Target | BK32: Model | BL32: Target | BM32: Model | BN32: Target | BO32: Model
B33: Autos = 0 | C33: Autos < Workers | D33: Autos >= Workers | E33: Total | I33: Autos = 0 | J33: Autos < Workers | K33: Autos >= Workers | L33: Total | O33: Autos = 0 | P33: Autos < Workers | Q33: Autos >= Workers | R33: Total | U33: Autos = 0 | V33: Autos < Workers | W33: Autos >= Workers | X33: Total | AA33: Autos = 0 | AB33: Autos < Workers | AC33: Autos >= Workers | AD33: Total | AG33: Autos = 0 | AH33: Autos < Workers | AI33: Autos >= Workers | AJ33: Total | AM33: Autos = 0 | AN33: Autos < Workers | AO33: Autos >= Workers | AP33: Total | AS33: Autos = 0 | AT33: Autos < Workers | AU33: Autos >= Workers | AW33: 0 | AX33: Autos = 0 | AY33: Autos < Workers | AZ33: Autos >= Workers | BC33: Autos==0 | BD33: 0 < Autos < Workers | BE33: Autos >= Workers | BH33: 0 Autos | BI33: 0 Autos | BJ33: Autos<Wrks | BK33: Autos<Wrks | BL33: Autos>=Wrks | BM33: Autos<=Wrks | BN33: All | BO33: All
A34: Walk | B34: =targets!O57 -> 7781.3602 | C34: =targets!P57 -> 7759.8909 | D34: =targets!Q57 -> 29919.488 | E34: =SUM(B34:D34) -> 45460.74 | H34: Walk | I34: =B34*((O$44)/(B$44)) -> 0 | J34: =C34*((P$44)/(C$44)) -> 0 | K34: =D34*((Q$44)/(D$44)) -> 0 | L34: =SUM(I34:K34) -> 0 | N34: Walk | O34: {=SUM(IF((modeldata!$I:$I=$N$32)*(modeldata!$H:$H=calibration_simplemodes!$N34),modeldata!D:D,0))} -> 0 | P34: {=SUM(IF((modeldata!$I:$I=$N$32)*(modeldata!$H:$H=calibration_simplemodes!$N34),modeldata!E:E,0))} -> 0 | Q34: {=SUM(IF((modeldata!$I:$I=$N$32)*(modeldata!$H:$H=calibration_simplemodes!$N34),modeldata!F:F,0))} -> 0 | R34: =SUM(O34:Q34) -> 0 | T34: Walk | U34: =I34/I44 -> #DIV/0! | V34: =J34/J44 -> #DIV/0! | W34: =K34/K44 -> #DIV/0! | X34: =L34/L44 -> #DIV/0! | Z34: Walk | AA34: =O34/O44 -> #DIV/0! | AB34: =P34/P44 -> #DIV/0! | AC34: =Q34/Q44 -> #DIV/0! | AD34: =R34/R44 -> #DIV/0! | AF34: Walk | AG34: =O34-I34 -> 0 | AH34: =P34-J34 -> 0 | AI34: =Q34-K34 -> 0 | AJ34: =R34-L34 -> 0 | AL34: Walk | AM34: =AA34-U34 -> #DIV/0! | AN34: =AB34-V34 -> #DIV/0! | AO34: =AC34-W34 -> #DIV/0! | AP34: =AD34-X34 -> #DIV/0! | AR34: Walk | AS34: =OFFSET(school_existing,0,0) -> 6.347907 | AT34: =OFFSET(school_existing,1,0) -> 1.9971685 | AU34: =OFFSET(school_existing,2,0) -> 0.42707637 | AW34: Walk | AX34: =IF(AND(U34>0, AA34>0),school_damp*LN(U34/AA34),0) -> #DIV/0! | AY34: =IF(AND(V34>0, AB34>0),school_damp*LN(V34/AB34),0) -> #DIV/0! | AZ34: =IF(AND(W34>0, AC34>0),school_damp*LN(W34/AC34),0) -> #DIV/0! | BB34: Walk | BC34: =AS34+AX34-AX36 -> #DIV/0! | BD34: =AT34+AY34-AY36 -> #DIV/0! | BE34: =AU34+AZ34-AZ36 -> #DIV/0! | BG34: Walk | BH34: =U34 -> #DIV/0! | BI34: =AA34 -> #DIV/0! | BJ34: =V34 -> #DIV/0! | BK34: =AB34 -> #DIV/0! | BL34: =W34 -> #DIV/0! | BM34: =AC34 -> #DIV/0! | BN34: =X34 -> #DIV/0! | BO34: =AD34 -> #DIV/0!
A35: Bike | B35: =targets!O58 -> 698.39651 | C35: =targets!P58 -> 5603.2331 | D35: =targets!Q58 -> 5364.5118 | E35: =SUM(B35:D35) -> 11666.141 | H35: Bike | I35: =B35*((O$44)/(B$44)) -> 0 | J35: =C35*((P$44)/(C$44)) -> 0 | K35: =D35*((Q$44)/(D$44)) -> 0 | L35: =SUM(I35:K35) -> 0 | N35: Bike | O35: {=SUM(IF((modeldata!$I:$I=$N$32)*(modeldata!$H:$H=calibration_simplemodes!$N35),modeldata!D:D,0))} -> 0 | P35: {=SUM(IF((modeldata!$I:$I=$N$32)*(modeldata!$H:$H=calibration_simplemodes!$N35),modeldata!E:E,0))} -> 0 | Q35: {=SUM(IF((modeldata!$I:$I=$N$32)*(modeldata!$H:$H=calibration_simplemodes!$N35),modeldata!F:F,0))} -> 0 | R35: =SUM(O35:Q35) -> 0 | T35: Bike | U35: =I35/I44 -> #DIV/0! | V35: =J35/J44 -> #DIV/0! | W35: =K35/K44 -> #DIV/0! | X35: =L35/L44 -> #DIV/0! | Z35: Bike | AA35: =O35/O44 -> #DIV/0! | AB35: =P35/P44 -> #DIV/0! | AC35: =Q35/Q44 -> #DIV/0! | AD35: =R35/R44 -> #DIV/0! | AF35: Bike | AG35: =O35-I35 -> 0 | AH35: =P35-J35 -> 0 | AI35: =Q35-K35 -> 0 | AJ35: =R35-L35 -> 0 | AL35: Bike | AM35: =AA35-U35 -> #DIV/0! | AN35: =AB35-V35 -> #DIV/0! | AO35: =AC35-W35 -> #DIV/0! | AP35: =AD35-X35 -> #DIV/0! | AR35: Bike | AS35: =OFFSET(school_existing,3,0) -> 0.098734445 | AT35: =OFFSET(school_existing,4,0) -> 0.39491095 | AU35: =OFFSET(school_existing,5,0) -> -1.2306433 | AW35: Bike | AX35: =IF(AND(U35>0, AA35>0),school_damp*LN(U35/AA35),0) -> #DIV/0! | AY35: =IF(AND(V35>0, AB35>0),school_damp*LN(V35/AB35),0) -> #DIV/0! | AZ35: =IF(AND(W35>0, AC35>0),school_damp*LN(W35/AC35),0) -> #DIV/0! | BB35: Bike | BC35: =AS35+AX35-AX36 -> #DIV/0! | BD35: =AT35+AY35-AY36 -> #DIV/0! | BE35: =AU35+AZ35-AZ36 -> #DIV/0! | BG35: Bike | BH35: =U35 -> #DIV/0! | BI35: =AA35 -> #DIV/0! | BJ35: =V35 -> #DIV/0! | BK35: =AB35 -> #DIV/0! | BL35: =W35 -> #DIV/0! | BM35: =AC35 -> #DIV/0! | BN35: =X35 -> #DIV/0! | BO35: =AD35 -> #DIV/0!
A36: Drive Alone | B36: =targets!O54 -> 0 | C36: =targets!P54 -> 0 | D36: =targets!Q54 -> 23182.325 | E36: =SUM(B36:D36) -> 23182.325 | H36: Drive Alone | I36: =B36*((O$44)/(B$44)) -> 0 | J36: =C36*((P$44)/(C$44)) -> 0 | K36: =D36*((Q$44)/(D$44)) -> 0 | L36: =SUM(I36:K36) -> 0 | N36: Drive Alone | O36: {=SUM(IF((modeldata!$I:$I=$N$32)*(modeldata!$H:$H=calibration_simplemodes!$N36),modeldata!D:D,0))} -> 0 | P36: {=SUM(IF((modeldata!$I:$I=$N$32)*(modeldata!$H:$H=calibration_simplemodes!$N36),modeldata!E:E,0))} -> 0 | Q36: {=SUM(IF((modeldata!$I:$I=$N$32)*(modeldata!$H:$H=calibration_simplemodes!$N36),modeldata!F:F,0))} -> 0 | R36: =SUM(O36:Q36) -> 0 | T36: Drive Alone | U36: =I36/I44 -> #DIV/0! | V36: =J36/J44 -> #DIV/0! | W36: =K36/K44 -> #DIV/0! | X36: =L36/L44 -> #DIV/0! | Z36: Drive Alone | AA36: =O36/O44 -> #DIV/0! | AB36: =P36/P44 -> #DIV/0! | AC36: =Q36/Q44 -> #DIV/0! | AD36: =R36/R44 -> #DIV/0! | AF36: Drive Alone | AG36: =O36-I36 -> 0 | AH36: =P36-J36 -> 0 | AI36: =Q36-K36 -> 0 | AJ36: =R36-L36 -> 0 | AL36: Drive Alone | AM36: =AA36-U36 -> #DIV/0! | AN36: =AB36-V36 -> #DIV/0! | AO36: =AC36-W36 -> #DIV/0! | AP36: =AD36-X36 -> #DIV/0! | AR36: Drive Alone | AS36: 0 | AT36: 0 | AU36: 0 | AW36: Drive Alone | AX36: =IF(AND(U36>0, AA36>0),school_damp*LN(U36/AA36),0) -> #DIV/0! | AY36: =IF(AND(V36>0, AB36>0),school_damp*LN(V36/AB36),0) -> #DIV/0! | AZ36: =IF(AND(W36>0, AC36>0),school_damp*LN(W36/AC36),0) -> #DIV/0! | BB36: Drive Alone | BC36: =AS36+AX36-AX36 -> #DIV/0! | BD36: =AT36+AY36-AY36 -> #DIV/0! | BE36: =AU36+AZ36-AZ36 -> #DIV/0! | BG36: Drive Alone | BH36: =U36 -> #DIV/0! | BI36: =AA36 -> #DIV/0! | BJ36: =V36 -> #DIV/0! | BK36: =AB36 -> #DIV/0! | BL36: =W36 -> #DIV/0! | BM36: =AC36 -> #DIV/0! | BN36: =X36 -> #DIV/0! | BO36: =AD36 -> #DIV/0!
A37: SR2 | B37: =targets!O55 -> 0 | C37: =targets!P55 -> 5622.438 | D37: =targets!Q55 -> 62985.183 | E37: =SUM(B37:D37) -> 68607.621 | H37: SR2 | I37: =B37*((O$44)/(B$44)) -> 0 | J37: =C37*((P$44)/(C$44)) -> 0 | K37: =D37*((Q$44)/(D$44)) -> 0 | L37: =SUM(I37:K37) -> 0 | N37: SR2 | O37: {=SUM(IF((modeldata!$I:$I=$N$32)*(modeldata!$H:$H=calibration_simplemodes!$N37),modeldata!D:D,0))} -> 0 | P37: {=SUM(IF((modeldata!$I:$I=$N$32)*(modeldata!$H:$H=calibration_simplemodes!$N37),modeldata!E:E,0))} -> 0 | Q37: {=SUM(IF((modeldata!$I:$I=$N$32)*(modeldata!$H:$H=calibration_simplemodes!$N37),modeldata!F:F,0))} -> 0 | R37: =SUM(O37:Q37) -> 0 | T37: SR2 | U37: =I37/I44 -> #DIV/0! | V37: =J37/J44 -> #DIV/0! | W37: =K37/K44 -> #DIV/0! | X37: =L37/L44 -> #DIV/0! | Z37: SR2 | AA37: =O37/O44 -> #DIV/0! | AB37: =P37/P44 -> #DIV/0! | AC37: =Q37/Q44 -> #DIV/0! | AD37: =R37/R44 -> #DIV/0! | AF37: SR2 | AG37: =O37-I37 -> 0 | AH37: =P37-J37 -> 0 | AI37: =Q37-K37 -> 0 | AJ37: =R37-L37 -> 0 | AL37: SR2 | AM37: =AA37-U37 -> #DIV/0! | AN37: =AB37-V37 -> #DIV/0! | AO37: =AC37-W37 -> #DIV/0! | AP37: =AD37-X37 -> #DIV/0! | AR37: SR2 | AS37: =OFFSET(school_existing,6,0) -> 1.7719402 | AT37: =OFFSET(school_existing,7,0) -> 0.30734712 | AU37: =OFFSET(school_existing,8,0) -> -1.2119878 | AW37: SR2 | AX37: =IF(AND(U37>0, AA37>0),school_damp*LN(U37/AA37),0) -> #DIV/0! | AY37: =IF(AND(V37>0, AB37>0),school_damp*LN(V37/AB37),0) -> #DIV/0! | AZ37: =IF(AND(W37>0, AC37>0),school_damp*LN(W37/AC37),0) -> #DIV/0! | BB37: Shared Ride 2 | BC37: =AS37+AX37-AX36 -> #DIV/0! | BD37: =AT37+AY37-AY36 -> #DIV/0! | BE37: =AU37+AZ37-AZ36 -> #DIV/0! | BG37: Shared Ride 2 | BH37: =U37 -> #DIV/0! | BI37: =AA37 -> #DIV/0! | BJ37: =V37 -> #DIV/0! | BK37: =AB37 -> #DIV/0! | BL37: =W37 -> #DIV/0! | BM37: =AC37 -> #DIV/0! | BN37: =X37 -> #DIV/0! | BO37: =AD37 -> #DIV/0!
A38: SR3+ | B38: =targets!O56 -> 270.29733 | C38: =targets!P56 -> 9735.0557 | D38: =targets!Q56 -> 122706.95 | E38: =SUM(B38:D38) -> 132712.3 | H38: SR3+ | I38: =B38*((O$44)/(B$44)) -> 0 | J38: =C38*((P$44)/(C$44)) -> 0 | K38: =D38*((Q$44)/(D$44)) -> 0 | L38: =SUM(I38:K38) -> 0 | N38: SR3+ | O38: {=SUM(IF((modeldata!$I:$I=$N$32)*(modeldata!$H:$H=calibration_simplemodes!$N38),modeldata!D:D,0))} -> 0 | P38: {=SUM(IF((modeldata!$I:$I=$N$32)*(modeldata!$H:$H=calibration_simplemodes!$N38),modeldata!E:E,0))} -> 0 | Q38: {=SUM(IF((modeldata!$I:$I=$N$32)*(modeldata!$H:$H=calibration_simplemodes!$N38),modeldata!F:F,0))} -> 0 | R38: =SUM(O38:Q38) -> 0 | T38: SR3+ | U38: =I38/I44 -> #DIV/0! | V38: =J38/J44 -> #DIV/0! | W38: =K38/K44 -> #DIV/0! | X38: =L38/L44 -> #DIV/0! | Z38: SR3+ | AA38: =MAX(O38/O44,0.0001) -> #DIV/0! | AB38: =P38/P44 -> #DIV/0! | AC38: =Q38/Q44 -> #DIV/0! | AD38: =R38/R44 -> #DIV/0! | AF38: SR3+ | AG38: =O38-I38 -> 0 | AH38: =P38-J38 -> 0 | AI38: =Q38-K38 -> 0 | AJ38: =R38-L38 -> 0 | AL38: SR3+ | AM38: =AA38-U38 -> #DIV/0! | AN38: =AB38-V38 -> #DIV/0! | AO38: =AC38-W38 -> #DIV/0! | AP38: =AD38-X38 -> #DIV/0! | AR38: SR3+ | AS38: =OFFSET(school_existing,9,0) -> 2.7086434 | AT38: =OFFSET(school_existing,10,0) -> 1.408114 | AU38: =OFFSET(school_existing,11,0) -> -0.43764838 | AW38: SR3+ | AX38: =IF(AND(U38>0, AA38>0),school_damp*LN(U38/AA38),0) -> #DIV/0! | AY38: =IF(AND(V38>0, AB38>0),school_damp*LN(V38/AB38),0) -> #DIV/0! | AZ38: =IF(AND(W38>0, AC38>0),school_damp*LN(W38/AC38),0) -> #DIV/0! | BB38: Shared Ride 3+ | BC38: =AS38+AX38-AX36 -> #DIV/0! | BD38: =AT38+AY38-AY36 -> #DIV/0! | BE38: =AU38+AZ38-AZ36 -> #DIV/0! | BG38: Shared Ride 3+ | BH38: =U38 -> #DIV/0! | BI38: =AA38 -> #DIV/0! | BJ38: =V38 -> #DIV/0! | BK38: =AB38 -> #DIV/0! | BL38: =W38 -> #DIV/0! | BM38: =AC38 -> #DIV/0! | BN38: =X38 -> #DIV/0! | BO38: =AD38 -> #DIV/0!
