Workbook
Name atwork_c_ivt: #REF!
Name atwork_c_ivt: constants!$AV$1
Name atwork_damp: #REF!
Name atwork_damp: constants!$AT$1
Name atwork_new: #REF!
Name damp: constants!$B$1
Name damp2: constants!$D$1
Name inddisc_damp: #REF!
Name inddisc_damp: constants!$AL$1
Name indivdisc_damp: #REF!
Name indivdisc_new: #REF!
Name indivmaint_damp: #REF!
Name indivmaint_new: #REF!
Name indmaint_damp: #REF!
Name indmaint_damp: constants!$AD$1
Name joint_damp: #REF!
Name joint_existing: #REF!
Name joint_new: #REF!
Name model_trn_tours: #REF!
Name model_trn_trips: #REF!
Name model_trn_trips: modeldata!$J:$P
Name othdisc_existing: #REF!
Name othdiscr_c_ivt: #REF!
Name othdiscr_c_ivt: constants!$AN$1
Name othmaint_c_ivt: #REF!
Name othmaint_c_ivt: constants!$AF$1
Name school_c_ivt: #REF!
Name school_c_ivt: constants!$X$1
Name school_damp: #REF!
Name school_damp: constants!$V$1
Name school_existing: #REF!
Name school_new: #REF!
Name shopping_existing: #REF!
Name simple_purposes: #REF!
Name simple_purposes: model_lookup!$A$23:$B$30
Name taxi_scale: calibration!#REF!
Name taxi_share: calibration!$H$211
Name tnc_shared_share: calibration!#REF!
Name tnc_single_share: calibration!$H$212
Name tour_modes: #REF!
Name tour_modes: model_lookup!$D$1:$F$22
Name tour_purposes: #REF!
Name tour_purposes: model_lookup!$A$1:$B$18
Name trip_modes: #REF!
Name trip_modes: model_lookup!$H$1:$I$24
Name trn_modes: #REF!
Name trn_modes: model_lookup!$A$33:$B$40
Name university_c_ivt: #REF!
Name university_c_ivt: constants!$P$1
Name university_damp: #REF!
Name university_damp: constants!$N$1
Name university_existing: #REF!
Name university_new: #REF!
Name work_c_ivt: #REF!
Name work_c_ivt: constants!$H$1
Name work_damp: #REF!
Name work_damp: constants!$F$1
Name work_existing: #REF!
Name work_new: #REF!
Name workbased_existing: #REF!

Sheet DistrictTripFlows
D1: Onboard Survey Counts | AP1: Row Percent | CB1: Column Percent
E2: Destination District | AQ2: Destination District | CC2: Destination District
A3: Trip Format | E3: Greater Downtown San Francisco | F3: San Francisco Richmond District | G3: San Francisco Mission District | H3: San Francisco Sunset District | I3: Daly City and San Bruno | J3: San Mateo and Burlingame | K3: Redwood City and Menlo Park | L3: Palo Alto and Los Altos | M3: Sunnyvale and Mountain View | N3: Cupertino and Saratoga | O3: Central San Jose | P3: Milpitas and East San Jose | Q3: South San Jose | R3: Gilroy and Morgan Hill | S3: Livermore and Pleasanton | T3: Fremont and Union City | U3: Hayward and San Leandro | V3: Oakland and Alameda | W3: Berkeley and Albany | X3: Richmond and El Cerrito | Y3: Concord and Martinez | Z3: Walnut Creek | AA3: Danville and San Ramon | AB3: Antioch and Pittsburg | AC3: Vallejo and Benicia | AD3: Fairfield and Vacaville | AE3: Napa | AF3: St Helena | AG3: Petaluma and Rohnert Park | AH3: Santa Rosa and Sebastopol | AI3: Healdsburg and Cloverdale | AJ3: Novato | AK3: San Rafael | AL3: Mill Valley and Sausalito | AM3: Total | AQ3: Greater Downtown San Francisco | AR3: San Francisco Richmond District | AS3: San Francisco Mission District | AT3: San Francisco Sunset District | AU3: Daly City and San Bruno | AV3: San Mateo and Burlingame | AW3: Redwood City and Menlo Park | AX3: Palo Alto and Los Altos | AY3: Sunnyvale and Mountain View | AZ3: Cupertino and Saratoga | BA3: Central San Jose | BB3: Milpitas and East San Jose | BC3: South San Jose | BD3: Gilroy and Morgan Hill | BE3: Livermore and Pleasanton | BF3: Fremont and Union City | BG3: Hayward and San Leandro | BH3: Oakland and Alameda | BI3: Berkeley and Albany | BJ3: Richmond and El Cerrito | BK3: Concord and Martinez | BL3: Walnut Creek | BM3: Danville and San Ramon | BN3: Antioch and Pittsburg | BO3: Vallejo and Benicia | BP3: Fairfield and Vacaville | BQ3: Napa | BR3: St Helena | BS3: Petaluma and Rohnert Park | BT3: Santa Rosa and Sebastopol | BU3: Healdsburg and Cloverdale | BV3: Novato | BW3: San Rafael | BX3: Mill Valley and Sausalito | BY3: Total | CC3: Greater Downtown San Francisco | CD3: San Francisco Richmond District | CE3: San Francisco Mission District | CF3: San Francisco Sunset District | CG3: Daly City and San Bruno | CH3: San Mateo and Burlingame | CI3: Redwood City and Menlo Park | CJ3: Palo Alto and Los Altos | CK3: Sunnyvale and Mountain View | CL3: Cupertino and Saratoga | CM3: Central San Jose | CN3: Milpitas and East San Jose | CO3: South San Jose | CP3: Gilroy and Morgan Hill | CQ3: Livermore and Pleasanton | CR3: Fremont and Union City | CS3: Hayward and San Leandro | CT3: Oakland and Alameda | CU3: Berkeley and Albany | CV3: Richmond and El Cerrito | CW3: Concord and Martinez | CX3: Walnut Creek | CY3: Danville and San Ramon | CZ3: Antioch and Pittsburg | DA3: Vallejo and Benicia | DB3: Fairfield and Vacaville | DC3: Napa | DD3: St Helena | DE3: Petaluma and Rohnert Park | DF3: Santa Rosa and Sebastopol | DG3: Healdsburg and Cloverdale | DH3: Novato | DI3: San Rafael | DJ3: Mill Valley and Sausalito | DK3: Total
C4: Origin District | D4: Greater Downtown San Francisco | E4: =IFERROR(VLOOKUP(CONCATENATE($A$15,"-",$A$12, "-", $D4, "-", E$3, "-", $A$9), OBS_District_Flows!$A:$G, 6,FALSE),0) -> 0 | F4: =IFERROR(VLOOKUP(CONCATENATE($A$15,"-",$A$12, "-", $D4, "-", F$3, "-", $A$9), OBS_District_Flows!$A:$G, 6,FALSE),0) -> 0 | G4: =IFERROR(VLOOKUP(CONCATENATE($A$15,"-",$A$12, "-", $D4, "-", G$3, "-", $A$9), OBS_District_Flows!$A:$G, 6,FALSE),0) -> 0 | H4: =IFERROR(VLOOKUP(CONCATENATE($A$15,"-",$A$12, "-", $D4, "-", H$3, "-", $A$9), OBS_District_Flows!$A:$G, 6,FALSE),0) -> 0 | I4: =IFERROR(VLOOKUP(CONCATENATE($A$15,"-",$A$12, "-", $D4, "-", I$3, "-", $A$9), OBS_District_Flows!$A:$G, 6,FALSE),0) -> 0 | J4: =IFERROR(VLOOKUP(CONCATENATE($A$15,"-",$A$12, "-", $D4, "-", J$3, "-", $A$9), OBS_District_Flows!$A:$G, 6,FALSE),0) -> 0 | K4: =IFERROR(VLOOKUP(CONCATENATE($A$15,"-",$A$12, "-", $D4, "-", K$3, "-", $A$9), OBS_District_Flows!$A:$G, 6,FALSE),0) -> 0 | L4: =IFERROR(VLOOKUP(CONCATENATE($A$15,"-",$A$12, "-", $D4, "-", L$3, "-", $A$9), OBS_District_Flows!$A:$G, 6,FALSE),0) -> 0 | ... AL4: =IFERROR(VLOOKUP(CONCATENATE($A$15,"-",$A$12, "-", $D4, "-", AL$3, "-", $A$9), OBS_District_Flows!$A:$G, 6,FALSE),0) -> 0 | AM4: =SUM(E4:AL4) -> 0 | AO4: Origin District | AP4: Greater Downtown San Francisco | AQ4: =IF($AM4>0,E4/$AM4, "") | AR4: =IF($AM4>0,F4/$AM4, "") | AS4: =IF($AM4>0,G4/$AM4, "") | AT4: =IF($AM4>0,H4/$AM4, "") | AU4: =IF($AM4>0,I4/$AM4, "") | AV4: =IF($AM4>0,J4/$AM4, "") | AW4: =IF($AM4>0,K4/$AM4, "") | AX4: =IF($AM4>0,L4/$AM4, "") | ... BY4: =IF($AM4>0,AM4/$AM4, "") | CA4: Origin District | CB4: Greater Downtown San Francisco | CC4: =IF(E$38>0, E4/E$38, "") | CD4: =IF(F$38>0, F4/F$38, "") | CE4: =IF(G$38>0, G4/G$38, "") | CF4: =IF(H$38>0, H4/H$38, "") | CG4: =IF(I$38>0, I4/I$38, "") | CH4: =IF(J$38>0, J4/J$38, "") | CI4: =IF(K$38>0, K4/K$38, "") | CJ4: =IF(L$38>0, L4/L$38, "") | ... DK4: =IF(AM$38>0, AM4/AM$38, "")
A5: Select Purpose | D5: San Francisco Richmond District | E5: =IFERROR(VLOOKUP(CONCATENATE($A$15,"-",$A$12, "-", $D5, "-", E$3, "-", $A$9), OBS_District_Flows!$A:$G, 6,FALSE),0) -> 0 | F5: =IFERROR(VLOOKUP(CONCATENATE($A$15,"-",$A$12, "-", $D5, "-", F$3, "-", $A$9), OBS_District_Flows!$A:$G, 6,FALSE),0) -> 0 | G5: =IFERROR(VLOOKUP(CONCATENATE($A$15,"-",$A$12, "-", $D5, "-", G$3, "-", $A$9), OBS_District_Flows!$A:$G, 6,FALSE),0) -> 0 | H5: =IFERROR(VLOOKUP(CONCATENATE($A$15,"-",$A$12, "-", $D5, "-", H$3, "-", $A$9), OBS_District_Flows!$A:$G, 6,FALSE),0) -> 0 | I5: =IFERROR(VLOOKUP(CONCATENATE($A$15,"-",$A$12, "-", $D5, "-", I$3, "-", $A$9), OBS_District_Flows!$A:$G, 6,FALSE),0) -> 0 | J5: =IFERROR(VLOOKUP(CONCATENATE($A$15,"-",$A$12, "-", $D5, "-", J$3, "-", $A$9), OBS_District_Flows!$A:$G, 6,FALSE),0) -> 0 | K5: =IFERROR(VLOOKUP(CONCATENATE($A$15,"-",$A$12, "-", $D5, "-", K$3, "-", $A$9), OBS_District_Flows!$A:$G, 6,FALSE),0) -> 0 | L5: =IFERROR(VLOOKUP(CONCATENATE($A$15,"-",$A$12, "-", $D5, "-", L$3, "-", $A$9), OBS_District_Flows!$A:$G, 6,FALSE),0) -> 0 | ... AL5: =IFERROR(VLOOKUP(CONCATENATE($A$15,"-",$A$12, "-", $D5, "-", AL$3, "-", $A$9), OBS_District_Flows!$A:$G, 6,FALSE),0) -> 0 | AM5: =SUM(E5:AL5) -> 0 | AP5: San Francisco Richmond District | AQ5: =IF($AM5>0,E5/$AM5, "") | AR5: =IF($AM5>0,F5/$AM5, "") | AS5: =IF($AM5>0,G5/$AM5, "") | AT5: =IF($AM5>0,H5/$AM5, "") | AU5: =IF($AM5>0,I5/$AM5, "") | AV5: =IF($AM5>0,J5/$AM5, "") | AW5: =IF($AM5>0,K5/$AM5, "") | AX5: =IF($AM5>0,L5/$AM5, "") | ... BY5: =IF($AM5>0,AM5/$AM5, "") | CB5: San Francisco Richmond District | CC5: =IF(E$38>0, E5/E$38, "") | CD5: =IF(F$38>0, F5/F$38, "") | CE5: =IF(G$38>0, G5/G$38, "") | CF5: =IF(H$38>0, H5/H$38, "") | CG5: =IF(I$38>0, I5/I$38, "") | CH5: =IF(J$38>0, J5/J$38, "") | CI5: =IF(K$38>0, K5/K$38, "") | CJ5: =IF(L$38>0, L5/L$38, "") | ... DK5: =IF(AM$38>0, AM5/AM$38, "")
A6: Total | D6: San Francisco Mission District | E6: =IFERROR(VLOOKUP(CONCATENATE($A$15,"-",$A$12, "-", $D6, "-", E$3, "-", $A$9), OBS_District_Flows!$A:$G, 6,FALSE),0) -> 0 | F6: =IFERROR(VLOOKUP(CONCATENATE($A$15,"-",$A$12, "-", $D6, "-", F$3, "-", $A$9), OBS_District_Flows!$A:$G, 6,FALSE),0) -> 0 | G6: =IFERROR(VLOOKUP(CONCATENATE($A$15,"-",$A$12, "-", $D6, "-", G$3, "-", $A$9), OBS_District_Flows!$A:$G, 6,FALSE),0) -> 0 | H6: =IFERROR(VLOOKUP(CONCATENATE($A$15,"-",$A$12, "-", $D6, "-", H$3, "-", $A$9), OBS_District_Flows!$A:$G, 6,FALSE),0) -> 0 | I6: =IFERROR(VLOOKUP(CONCATENATE($A$15,"-",$A$12, "-", $D6, "-", I$3, "-", $A$9), OBS_District_Flows!$A:$G, 6,FALSE),0) -> 0 | J6: =IFERROR(VLOOKUP(CONCATENATE($A$15,"-",$A$12, "-", $D6, "-", J$3, "-", $A$9), OBS_District_Flows!$A:$G, 6,FALSE),0) -> 0 | K6: =IFERROR(VLOOKUP(CONCATENATE($A$15,"-",$A$12, "-", $D6, "-", K$3, "-", $A$9), OBS_District_Flows!$A:$G, 6,FALSE),0) -> 0 | L6: =IFERROR(VLOOKUP(CONCATENATE($A$15,"-",$A$12, "-", $D6, "-", L$3, "-", $A$9), OBS_District_Flows!$A:$G, 6,FALSE),0) -> 0 | ... AL6: =IFERROR(VLOOKUP(CONCATENATE($A$15,"-",$A$12, "-", $D6, "-", AL$3, "-", $A$9), OBS_District_Flows!$A:$G, 6,FALSE),0) -> 0 | AM6: =SUM(E6:AL6) -> 0 | AP6: San Francisco Mission District | AQ6: =IF($AM6>0,E6/$AM6, "") | AR6: =IF($AM6>0,F6/$AM6, "") | AS6: =IF($AM6>0,G6/$AM6, "") | AT6: =IF($AM6>0,H6/$AM6, "") | AU6: =IF($AM6>0,I6/$AM6, "") | AV6: =IF($AM6>0,J6/$AM6, "") | AW6: =IF($AM6>0,K6/$AM6, "") | AX6: =IF($AM6>0,L6/$AM6, "") | ... BY6: =IF($AM6>0,AM6/$AM6, "") | CB6: San Francisco Mission District | CC6: =IF(E$38>0, E6/E$38, "") | CD6: =IF(F$38>0, F6/F$38, "") | CE6: =IF(G$38>0, G6/G$38, "") | CF6: =IF(H$38>0, H6/H$38, "") | CG6: =IF(I$38>0, I6/I$38, "") | CH6: =IF(J$38>0, J6/J$38, "") | CI6: =IF(K$38>0, K6/K$38, "") | CJ6: =IF(L$38>0, L6/L$38, "") | ... DK6: =IF(AM$38>0, AM6/AM$38, "")
D7: San Francisco Sunset District | E7: =IFERROR(VLOOKUP(CONCATENATE($A$15,"-",$A$12, "-", $D7, "-", E$3, "-", $A$9), OBS_District_Flows!$A:$G, 6,FALSE),0) -> 0 | F7: =IFERROR(VLOOKUP(CONCATENATE($A$15,"-",$A$12, "-", $D7, "-", F$3, "-", $A$9), OBS_District_Flows!$A:$G, 6,FALSE),0) -> 0 | G7: =IFERROR(VLOOKUP(CONCATENATE($A$15,"-",$A$12, "-", $D7, "-", G$3, "-", $A$9), OBS_District_Flows!$A:$G, 6,FALSE),0) -> 0 | H7: =IFERROR(VLOOKUP(CONCATENATE($A$15,"-",$A$12, "-", $D7, "-", H$3, "-", $A$9), OBS_District_Flows!$A:$G, 6,FALSE),0) -> 0 | I7: =IFERROR(VLOOKUP(CONCATENATE($A$15,"-",$A$12, "-", $D7, "-", I$3, "-", $A$9), OBS_District_Flows!$A:$G, 6,FALSE),0) -> 0 | J7: =IFERROR(VLOOKUP(CONCATENATE($A$15,"-",$A$12, "-", $D7, "-", J$3, "-", $A$9), OBS_District_Flows!$A:$G, 6,FALSE),0) -> 0 | K7: =IFERROR(VLOOKUP(CONCATENATE($A$15,"-",$A$12, "-", $D7, "-", K$3, "-", $A$9), OBS_District_Flows!$A:$G, 6,FALSE),0) -> 0 | L7: =IFERROR(VLOOKUP(CONCATENATE($A$15,"-",$A$12, "-", $D7, "-", L$3, "-", $A$9), OBS_District_Flows!$A:$G, 6,FALSE),0) -> 0 | ... AL7: =IFERROR(VLOOKUP(CONCATENATE($A$15,"-",$A$12, "-", $D7, "-", AL$3, "-", $A$9), OBS_District_Flows!$A:$G, 6,FALSE),0) -> 0 | AM7: =SUM(E7:AL7) -> 0 | AP7: San Francisco Sunset District | AQ7: =IF($AM7>0,E7/$AM7, "") | AR7: =IF($AM7>0,F7/$AM7, "") | AS7: =IF($AM7>0,G7/$AM7, "") | AT7: =IF($AM7>0,H7/$AM7, "") | AU7: =IF($AM7>0,I7/$AM7, "") | AV7: =IF($AM7>0,J7/$AM7, "") | AW7: =IF($AM7>0,K7/$AM7, "") | AX7: =IF($AM7>0,L7/$AM7, "") | ... BY7: =IF($AM7>0,AM7/$AM7, "") | CB7: San Francisco Sunset District | CC7: =IF(E$38>0, E7/E$38, "") | CD7: =IF(F$38>0, F7/F$38, "") | CE7: =IF(G$38>0, G7/G$38, "") | CF7: =IF(H$38>0, H7/H$38, "") | CG7: =IF(I$38>0, I7/I$38, "") | CH7: =IF(J$38>0, J7/J$38, "") | CI7: =IF(K$38>0, K7/K$38, "") | CJ7: =IF(L$38>0, L7/L$38, "") | ... DK7: =IF(AM$38>0, AM7/AM$38, "")
A8: Purpose ID | D8: Daly City and San Bruno | E8: =IFERROR(VLOOKUP(CONCATENATE($A$15,"-",$A$12, "-", $D8, "-", E$3, "-", $A$9), OBS_District_Flows!$A:$G, 6,FALSE),0) -> 0 | F8: =IFERROR(VLOOKUP(CONCATENATE($A$15,"-",$A$12, "-", $D8, "-", F$3, "-", $A$9), OBS_District_Flows!$A:$G, 6,FALSE),0) -> 0 | G8: =IFERROR(VLOOKUP(CONCATENATE($A$15,"-",$A$12, "-", $D8, "-", G$3, "-", $A$9), OBS_District_Flows!$A:$G, 6,FALSE),0) -> 0 | H8: =IFERROR(VLOOKUP(CONCATENATE($A$15,"-",$A$12, "-", $D8, "-", H$3, "-", $A$9), OBS_District_Flows!$A:$G, 6,FALSE),0) -> 0 | I8: =IFERROR(VLOOKUP(CONCATENATE($A$15,"-",$A$12, "-", $D8, "-", I$3, "-", $A$9), OBS_District_Flows!$A:$G, 6,FALSE),0) -> 0 | J8: =IFERROR(VLOOKUP(CONCATENATE($A$15,"-",$A$12, "-", $D8, "-", J$3, "-", $A$9), OBS_District_Flows!$A:$G, 6,FALSE),0) -> 0 | K8: =IFERROR(VLOOKUP(CONCATENATE($A$15,"-",$A$12, "-", $D8, "-", K$3, "-", $A$9), OBS_District_Flows!$A:$G, 6,FALSE),0) -> 0 | L8: =IFERROR(VLOOKUP(CONCATENATE($A$15,"-",$A$12, "-", $D8, "-", L$3, "-", $A$9), OBS_District_Flows!$A:$G, 6,FALSE),0) -> 0 | ... AL8: =IFERROR(VLOOKUP(CONCATENATE($A$15,"-",$A$12, "-", $D8, "-", AL$3, "-", $A$9), OBS_District_Flows!$A:$G, 6,FALSE),0) -> 0 | AM8: =SUM(E8:AL8) -> 0 | AP8: Daly City and San Bruno | AQ8: =IF($AM8>0,E8/$AM8, "") | AR8: =IF($AM8>0,F8/$AM8, "") | AS8: =IF($AM8>0,G8/$AM8, "") | AT8: =IF($AM8>0,H8/$AM8, "") | AU8: =IF($AM8>0,I8/$AM8, "") | AV8: =IF($AM8>0,J8/$AM8, "") | AW8: =IF($AM8>0,K8/$AM8, "") | AX8: =IF($AM8>0,L8/$AM8, "") | ... BY8: =IF($AM8>0,AM8/$AM8, "") | CB8: Daly City and San Bruno | CC8: =IF(E$38>0, E8/E$38, "") | CD8: =IF(F$38>0, F8/F$38, "") | CE8: =IF(G$38>0, G8/G$38, "") | CF8: =IF(H$38>0, H8/H$38, "") | CG8: =IF(I$38>0, I8/I$38, "") | CH8: =IF(J$38>0, J8/J$38, "") | CI8: =IF(K$38>0, K8/K$38, "") | CJ8: =IF(L$38>0, L8/L$38, "") | ... DK8: =IF(AM$38>0, AM8/AM$38, "")
A9: =VLOOKUP(A6, OBS_District_Flows!$Q$2:$R$8,2,FALSE) -> Total | D9: San Mateo and Burlingame | E9: =IFERROR(VLOOKUP(CONCATENATE($A$15,"-",$A$12, "-", $D9, "-", E$3, "-", $A$9), OBS_District_Flows!$A:$G, 6,FALSE),0) -> 0 | F9: =IFERROR(VLOOKUP(CONCATENATE($A$15,"-",$A$12, "-", $D9, "-", F$3, "-", $A$9), OBS_District_Flows!$A:$G, 6,FALSE),0) -> 0 | G9: =IFERROR(VLOOKUP(CONCATENATE($A$15,"-",$A$12, "-", $D9, "-", G$3, "-", $A$9), OBS_District_Flows!$A:$G, 6,FALSE),0) -> 0 | H9: =IFERROR(VLOOKUP(CONCATENATE($A$15,"-",$A$12, "-", $D9, "-", H$3, "-", $A$9), OBS_District_Flows!$A:$G, 6,FALSE),0) -> 0 | I9: =IFERROR(VLOOKUP(CONCATENATE($A$15,"-",$A$12, "-", $D9, "-", I$3, "-", $A$9), OBS_District_Flows!$A:$G, 6,FALSE),0) -> 0 | J9: =IFERROR(VLOOKUP(CONCATENATE($A$15,"-",$A$12, "-", $D9, "-", J$3, "-", $A$9), OBS_District_Flows!$A:$G, 6,FALSE),0) -> 0 | K9: =IFERROR(VLOOKUP(CONCATENATE($A$15,"-",$A$12, "-", $D9, "-", K$3, "-", $A$9), OBS_District_Flows!$A:$G, 6,FALSE),0) -> 0 | L9: =IFERROR(VLOOKUP(CONCATENATE($A$15,"-",$A$12, "-", $D9, "-", L$3, "-", $A$9), OBS_District_Flows!$A:$G, 6,FALSE),0) -> 0 | ... AL9: =IFERROR(VLOOKUP(CONCATENATE($A$15,"-",$A$12, "-", $D9, "-", AL$3, "-", $A$9), OBS_District_Flows!$A:$G, 6,FALSE),0) -> 0 | AM9: =SUM(E9:AL9) -> 0 | AP9: San Mateo and Burlingame | AQ9: =IF($AM9>0,E9/$AM9, "") | AR9: =IF($AM9>0,F9/$AM9, "") | AS9: =IF($AM9>0,G9/$AM9, "") | AT9: =IF($AM9>0,H9/$AM9, "") | AU9: =IF($AM9>0,I9/$AM9, "") | AV9: =IF($AM9>0,J9/$AM9, "") | AW9: =IF($AM9>0,K9/$AM9, "") | AX9: =IF($AM9>0,L9/$AM9, "") | ... BY9: =IF($AM9>0,AM9/$AM9, "") | CB9: San Mateo and Burlingame | CC9: =IF(E$38>0, E9/E$38, "") | CD9: =IF(F$38>0, F9/F$38, "") | CE9: =IF(G$38>0, G9/G$38, "") | CF9: =IF(H$38>0, H9/H$38, "") | CG9: =IF(I$38>0, I9/I$38, "") | CH9: =IF(J$38>0, J9/J$38, "") | CI9: =IF(K$38>0, K9/K$38, "") | CJ9: =IF(L$38>0, L9/L$38, "") | ... DK9: =IF(AM$38>0, AM9/AM$38, "")
D10: Redwood City and Menlo Park | E10: =IFERROR(VLOOKUP(CONCATENATE($A$15,"-",$A$12, "-", $D10, "-", E$3, "-", $A$9), OBS_District_Flows!$A:$G, 6,FALSE),0) -> 0 | F10: =IFERROR(VLOOKUP(CONCATENATE($A$15,"-",$A$12, "-", $D10, "-", F$3, "-", $A$9), OBS_District_Flows!$A:$G, 6,FALSE),0) -> 0 | G10: =IFERROR(VLOOKUP(CONCATENATE($A$15,"-",$A$12, "-", $D10, "-", G$3, "-", $A$9), OBS_District_Flows!$A:$G, 6,FALSE),0) -> 0 | H10: =IFERROR(VLOOKUP(CONCATENATE($A$15,"-",$A$12, "-", $D10, "-", H$3, "-", $A$9), OBS_District_Flows!$A:$G, 6,FALSE),0) -> 0 | I10: =IFERROR(VLOOKUP(CONCATENATE($A$15,"-",$A$12, "-", $D10, "-", I$3, "-", $A$9), OBS_District_Flows!$A:$G, 6,FALSE),0) -> 0 | J10: =IFERROR(VLOOKUP(CONCATENATE($A$15,"-",$A$12, "-", $D10, "-", J$3, "-", $A$9), OBS_District_Flows!$A:$G, 6,FALSE),0) -> 0 | K10: =IFERROR(VLOOKUP(CONCATENATE($A$15,"-",$A$12, "-", $D10, "-", K$3, "-", $A$9), OBS_District_Flows!$A:$G, 6,FALSE),0) -> 0 | L10: =IFERROR(VLOOKUP(CONCATENATE($A$15,"-",$A$12, "-", $D10, "-", L$3, "-", $A$9), OBS_District_Flows!$A:$G, 6,FALSE),0) -> 0 | ... AL10: =IFERROR(VLOOKUP(CONCATENATE($A$15,"-",$A$12, "-", $D10, "-", AL$3, "-", $A$9), OBS_District_Flows!$A:$G, 6,FALSE),0) -> 0 | AM10: =SUM(E10:AL10) -> 0 | AP10: Redwood City and Menlo Park | AQ10: =IF($AM10>0,E10/$AM10, "") | AR10: =IF($AM10>0,F10/$AM10, "") | AS10: =IF($AM10>0,G10/$AM10, "") | AT10: =IF($AM10>0,H10/$AM10, "") | AU10: =IF($AM10>0,I10/$AM10, "") | AV10: =IF($AM10>0,J10/$AM10, "") | AW10: =IF($AM10>0,K10/$AM10, "") | AX10: =IF($AM10>0,L10/$AM10, "") | ... BY10: =IF($AM10>0,AM10/$AM10, "") | CB10: Redwood City and Menlo Park | CC10: =IF(E$38>0, E10/E$38, "") | CD10: =IF(F$38>0, F10/F$38, "") | CE10: =IF(G$38>0, G10/G$38, "") | CF10: =IF(H$38>0, H10/H$38, "") | CG10: =IF(I$38>0, I10/I$38, "") | CH10: =IF(J$38>0, J10/J$38, "") | CI10: =IF(K$38>0, K10/K$38, "") | CJ10: =IF(L$38>0, L10/L$38, "") | ... DK10: =IF(AM$38>0, AM10/AM$38, "")
A11: Select Trip Mode | D11: Palo Alto and Los Altos | E11: =IFERROR(VLOOKUP(CONCATENATE($A$15,"-",$A$12, "-", $D11, "-", E$3, "-", $A$9), OBS_District_Flows!$A:$G, 6,FALSE),0) -> 0 | F11: =IFERROR(VLOOKUP(CONCATENATE($A$15,"-",$A$12, "-", $D11, "-", F$3, "-", $A$9), OBS_District_Flows!$A:$G, 6,FALSE),0) -> 0 | G11: =IFERROR(VLOOKUP(CONCATENATE($A$15,"-",$A$12, "-", $D11, "-", G$3, "-", $A$9), OBS_District_Flows!$A:$G, 6,FALSE),0) -> 0 | H11: =IFERROR(VLOOKUP(CONCATENATE($A$15,"-",$A$12, "-", $D11, "-", H$3, "-", $A$9), OBS_District_Flows!$A:$G, 6,FALSE),0) -> 0 | I11: =IFERROR(VLOOKUP(CONCATENATE($A$15,"-",$A$12, "-", $D11, "-", I$3, "-", $A$9), OBS_District_Flows!$A:$G, 6,FALSE),0) -> 0 | J11: =IFERROR(VLOOKUP(CONCATENATE($A$15,"-",$A$12, "-", $D11, "-", J$3, "-", $A$9), OBS_District_Flows!$A:$G, 6,FALSE),0) -> 0 | K11: =IFERROR(VLOOKUP(CONCATENATE($A$15,"-",$A$12, "-", $D11, "-", K$3, "-", $A$9), OBS_District_Flows!$A:$G, 6,FALSE),0) -> 0 | L11: =IFERROR(VLOOKUP(CONCATENATE($A$15,"-",$A$12, "-", $D11, "-", L$3, "-", $A$9), OBS_District_Flows!$A:$G, 6,FALSE),0) -> 0 | ... AL11: =IFERROR(VLOOKUP(CONCATENATE($A$15,"-",$A$12, "-", $D11, "-", AL$3, "-", $A$9), OBS_District_Flows!$A:$G, 6,FALSE),0) -> 0 | AM11: =SUM(E11:AL11) -> 0 | AP11: Palo Alto and Los Altos | AQ11: =IF($AM11>0,E11/$AM11, "") | AR11: =IF($AM11>0,F11/$AM11, "") | AS11: =IF($AM11>0,G11/$AM11, "") | AT11: =IF($AM11>0,H11/$AM11, "") | AU11: =IF($AM11>0,I11/$AM11, "") | AV11: =IF($AM11>0,J11/$AM11, "") | AW11: =IF($AM11>0,K11/$AM11, "") | AX11: =IF($AM11>0,L11/$AM11, "") | ... BY11: =IF($AM11>0,AM11/$AM11, "") | CB11: Palo Alto and Los Altos | CC11: =IF(E$38>0, E11/E$38, "") | CD11: =IF(F$38>0, F11/F$38, "") | CE11: =IF(G$38>0, G11/G$38, "") | CF11: =IF(H$38>0, H11/H$38, "") | CG11: =IF(I$38>0, I11/I$38, "") | CH11: =IF(J$38>0, J11/J$38, "") | CI11: =IF(K$38>0, K11/K$38, "") | CJ11: =IF(L$38>0, L11/L$38, "") | ... DK11: =IF(AM$38>0, AM11/AM$38, "")
A12: CR | D12: Sunnyvale and Mountain View | E12: =IFERROR(VLOOKUP(CONCATENATE($A$15,"-",$A$12, "-", $D12, "-", E$3, "-", $A$9), OBS_District_Flows!$A:$G, 6,FALSE),0) -> 0 | F12: =IFERROR(VLOOKUP(CONCATENATE($A$15,"-",$A$12, "-", $D12, "-", F$3, "-", $A$9), OBS_District_Flows!$A:$G, 6,FALSE),0) -> 0 | G12: =IFERROR(VLOOKUP(CONCATENATE($A$15,"-",$A$12, "-", $D12, "-", G$3, "-", $A$9), OBS_District_Flows!$A:$G, 6,FALSE),0) -> 0 | H12: =IFERROR(VLOOKUP(CONCATENATE($A$15,"-",$A$12, "-", $D12, "-", H$3, "-", $A$9), OBS_District_Flows!$A:$G, 6,FALSE),0) -> 0 | I12: =IFERROR(VLOOKUP(CONCATENATE($A$15,"-",$A$12, "-", $D12, "-", I$3, "-", $A$9), OBS_District_Flows!$A:$G, 6,FALSE),0) -> 0 | J12: =IFERROR(VLOOKUP(CONCATENATE($A$15,"-",$A$12, "-", $D12, "-", J$3, "-", $A$9), OBS_District_Flows!$A:$G, 6,FALSE),0) -> 0 | K12: =IFERROR(VLOOKUP(CONCATENATE($A$15,"-",$A$12, "-", $D12, "-", K$3, "-", $A$9), OBS_District_Flows!$A:$G, 6,FALSE),0) -> 0 | L12: =IFERROR(VLOOKUP(CONCATENATE($A$15,"-",$A$12, "-", $D12, "-", L$3, "-", $A$9), OBS_District_Flows!$A:$G, 6,FALSE),0) -> 0 | ... AL12: =IFERROR(VLOOKUP(CONCATENATE($A$15,"-",$A$12, "-", $D12, "-", AL$3, "-", $A$9), OBS_District_Flows!$A:$G, 6,FALSE),0) -> 0 | AM12: =SUM(E12:AL12) -> 0 | AP12: Sunnyvale and Mountain View | AQ12: =IF($AM12>0,E12/$AM12, "") | AR12: =IF($AM12>0,F12/$AM12, "") | AS12: =IF($AM12>0,G12/$AM12, "") | AT12: =IF($AM12>0,H12/$AM12, "") | AU12: =IF($AM12>0,I12/$AM12, "") | AV12: =IF($AM12>0,J12/$AM12, "") | AW12: =IF($AM12>0,K12/$AM12, "") | AX12: =IF($AM12>0,L12/$AM12, "") | ... BY12: =IF($AM12>0,AM12/$AM12, "") | CB12: Sunnyvale and Mountain View | CC12: =IF(E$38>0, E12/E$38, "") | CD12: =IF(F$38>0, F12/F$38, "") | CE12: =IF(G$38>0, G12/G$38, "") | CF12: =IF(H$38>0, H12/H$38, "") | CG12: =IF(I$38>0, I12/I$38, "") | CH12: =IF(J$38>0, J12/J$38, "") | CI12: =IF(K$38>0, K12/K$38, "") | CJ12: =IF(L$38>0, L12/L$38, "") | ... DK12: =IF(AM$38>0, AM12/AM$38, "")
D13: Cupertino and Saratoga | E13: =IFERROR(VLOOKUP(CONCATENATE($A$15,"-",$A$12, "-", $D13, "-", E$3, "-", $A$9), OBS_District_Flows!$A:$G, 6,FALSE),0) -> 0 | F13: =IFERROR(VLOOKUP(CONCATENATE($A$15,"-",$A$12, "-", $D13, "-", F$3, "-", $A$9), OBS_District_Flows!$A:$G, 6,FALSE),0) -> 0 | G13: =IFERROR(VLOOKUP(CONCATENATE($A$15,"-",$A$12, "-", $D13, "-", G$3, "-", $A$9), OBS_District_Flows!$A:$G, 6,FALSE),0) -> 0 | H13: =IFERROR(VLOOKUP(CONCATENATE($A$15,"-",$A$12, "-", $D13, "-", H$3, "-", $A$9), OBS_District_Flows!$A:$G, 6,FALSE),0) -> 0 | I13: =IFERROR(VLOOKUP(CONCATENATE($A$15,"-",$A$12, "-", $D13, "-", I$3, "-", $A$9), OBS_District_Flows!$A:$G, 6,FALSE),0) -> 0 | J13: =IFERROR(VLOOKUP(CONCATENATE($A$15,"-",$A$12, "-", $D13, "-", J$3, "-", $A$9), OBS_District_Flows!$A:$G, 6,FALSE),0) -> 0 | K13: =IFERROR(VLOOKUP(CONCATENATE($A$15,"-",$A$12, "-", $D13, "-", K$3, "-", $A$9), OBS_District_Flows!$A:$G, 6,FALSE),0) -> 0 | L13: =IFERROR(VLOOKUP(CONCATENATE($A$15,"-",$A$12, "-", $D13, "-", L$3, "-", $A$9), OBS_District_Flows!$A:$G, 6,FALSE),0) -> 0 | ... AL13: =IFERROR(VLOOKUP(CONCATENATE($A$15,"-",$A$12, "-", $D13, "-", AL$3, "-", $A$9), OBS_District_Flows!$A:$G, 6,FALSE),0) -> 0 | AM13: =SUM(E13:AL13) -> 0 | AP13: Cupertino and Saratoga | AQ13: =IF($AM13>0,E13/$AM13, "") | AR13: =IF($AM13>0,F13/$AM13, "") | AS13: =IF($AM13>0,G13/$AM13, "") | AT13: =IF($AM13>0,H13/$AM13, "") | AU13: =IF($AM13>0,I13/$AM13, "") | AV13: =IF($AM13>0,J13/$AM13, "") | AW13: =IF($AM13>0,K13/$AM13, "") | AX13: =IF($AM13>0,L13/$AM13, "") | ... BY13: =IF($AM13>0,AM13/$AM13, "") | CB13: Cupertino and Saratoga | CC13: =IF(E$38>0, E13/E$38, "") | CD13: =IF(F$38>0, F13/F$38, "") | CE13: =IF(G$38>0, G13/G$38, "") | CF13: =IF(H$38>0, H13/H$38, "") | CG13: =IF(I$38>0, I13/I$38, "") | CH13: =IF(J$38>0, J13/J$38, "") | CI13: =IF(K$38>0, K13/K$38, "") | CJ13: =IF(L$38>0, L13/L$38, "") | ... DK13: =IF(AM$38>0, AM13/AM$38, "")
A14: Select Access Mode | D14: Central San Jose | E14: =IFERROR(VLOOKUP(CONCATENATE($A$15,"-",$A$12, "-", $D14, "-", E$3, "-", $A$9), OBS_District_Flows!$A:$G, 6,FALSE),0) -> 0 | F14: =IFERROR(VLOOKUP(CONCATENATE($A$15,"-",$A$12, "-", $D14, "-", F$3, "-", $A$9), OBS_District_Flows!$A:$G, 6,FALSE),0) -> 0 | G14: =IFERROR(VLOOKUP(CONCATENATE($A$15,"-",$A$12, "-", $D14, "-", G$3, "-", $A$9), OBS_District_Flows!$A:$G, 6,FALSE),0) -> 0 | H14: =IFERROR(VLOOKUP(CONCATENATE($A$15,"-",$A$12, "-", $D14, "-", H$3, "-", $A$9), OBS_District_Flows!$A:$G, 6,FALSE),0) -> 0 | I14: =IFERROR(VLOOKUP(CONCATENATE($A$15,"-",$A$12, "-", $D14, "-", I$3, "-", $A$9), OBS_District_Flows!$A:$G, 6,FALSE),0) -> 0 | J14: =IFERROR(VLOOKUP(CONCATENATE($A$15,"-",$A$12, "-", $D14, "-", J$3, "-", $A$9), OBS_District_Flows!$A:$G, 6,FALSE),0) -> 0 | K14: =IFERROR(VLOOKUP(CONCATENATE($A$15,"-",$A$12, "-", $D14, "-", K$3, "-", $A$9), OBS_District_Flows!$A:$G, 6,FALSE),0) -> 0 | L14: =IFERROR(VLOOKUP(CONCATENATE($A$15,"-",$A$12, "-", $D14, "-", L$3, "-", $A$9), OBS_District_Flows!$A:$G, 6,FALSE),0) -> 0 | ... AL14: =IFERROR(VLOOKUP(CONCATENATE($A$15,"-",$A$12, "-", $D14, "-", AL$3, "-", $A$9), OBS_District_Flows!$A:$G, 6,FALSE),0) -> 0 | AM14: =SUM(E14:AL14) -> 0 | AP14: Central San Jose | AQ14: =IF($AM14>0,E14/$AM14, "") | AR14: =IF($AM14>0,F14/$AM14, "") | AS14: =IF($AM14>0,G14/$AM14, "") | AT14: =IF($AM14>0,H14/$AM14, "") | AU14: =IF($AM14>0,I14/$AM14, "") | AV14: =IF($AM14>0,J14/$AM14, "") | AW14: =IF($AM14>0,K14/$AM14, "") | AX14: =IF($AM14>0,L14/$AM14, "") | ... BY14: =IF($AM14>0,AM14/$AM14, "") | CB14: Central San Jose | CC14: =IF(E$38>0, E14/E$38, "") | CD14: =IF(F$38>0, F14/F$38, "") | CE14: =IF(G$38>0, G14/G$38, "") | CF14: =IF(H$38>0, H14/H$38, "") | CG14: =IF(I$38>0, I14/I$38, "") | CH14: =IF(J$38>0, J14/J$38, "") | CI14: =IF(K$38>0, K14/K$38, "") | CJ14: =IF(L$38>0, L14/L$38, "") | ... DK14: =IF(AM$38>0, AM14/AM$38, "")
A15: Total | D15: Milpitas and East San Jose | E15: =IFERROR(VLOOKUP(CONCATENATE($A$15,"-",$A$12, "-", $D15, "-", E$3, "-", $A$9), OBS_District_Flows!$A:$G, 6,FALSE),0) -> 0 | F15: =IFERROR(VLOOKUP(CONCATENATE($A$15,"-",$A$12, "-", $D15, "-", F$3, "-", $A$9), OBS_District_Flows!$A:$G, 6,FALSE),0) -> 0 | G15: =IFERROR(VLOOKUP(CONCATENATE($A$15,"-",$A$12, "-", $D15, "-", G$3, "-", $A$9), OBS_District_Flows!$A:$G, 6,FALSE),0) -> 0 | H15: =IFERROR(VLOOKUP(CONCATENATE($A$15,"-",$A$12, "-", $D15, "-", H$3, "-", $A$9), OBS_District_Flows!$A:$G, 6,FALSE),0) -> 0 | I15: =IFERROR(VLOOKUP(CONCATENATE($A$15,"-",$A$12, "-", $D15, "-", I$3, "-", $A$9), OBS_District_Flows!$A:$G, 6,FALSE),0) -> 0 | J15: =IFERROR(VLOOKUP(CONCATENATE($A$15,"-",$A$12, "-", $D15, "-", J$3, "-", $A$9), OBS_District_Flows!$A:$G, 6,FALSE),0) -> 0 | K15: =IFERROR(VLOOKUP(CONCATENATE($A$15,"-",$A$12, "-", $D15, "-", K$3, "-", $A$9), OBS_District_Flows!$A:$G, 6,FALSE),0) -> 0 | L15: =IFERROR(VLOOKUP(CONCATENATE($A$15,"-",$A$12, "-", $D15, "-", L$3, "-", $A$9), OBS_District_Flows!$A:$G, 6,FALSE),0) -> 0 | ... AL15: =IFERROR(VLOOKUP(CONCATENATE($A$15,"-",$A$12, "-", $D15, "-", AL$3, "-", $A$9), OBS_District_Flows!$A:$G, 6,FALSE),0) -> 0 | AM15: =SUM(E15:AL15) -> 0 | AP15: Milpitas and East San Jose | AQ15: =IF($AM15>0,E15/$AM15, "") | AR15: =IF($AM15>0,F15/$AM15, "") | AS15: =IF($AM15>0,G15/$AM15, "") | AT15: =IF($AM15>0,H15/$AM15, "") | AU15: =IF($AM15>0,I15/$AM15, "") | AV15: =IF($AM15>0,J15/$AM15, "") | AW15: =IF($AM15>0,K15/$AM15, "") | AX15: =IF($AM15>0,L15/$AM15, "") | ... BY15: =IF($AM15>0,AM15/$AM15, "") | CB15: Milpitas and East San Jose | CC15: =IF(E$38>0, E15/E$38, "") | CD15: =IF(F$38>0, F15/F$38, "") | CE15: =IF(G$38>0, G15/G$38, "") | CF15: =IF(H$38>0, H15/H$38, "") | CG15: =IF(I$38>0, I15/I$38, "") | CH15: =IF(J$38>0, J15/J$38, "") | CI15: =IF(K$38>0, K15/K$38, "") | CJ15: =IF(L$38>0, L15/L$38, "") | ... DK15: =IF(AM$38>0, AM15/AM$38, "")
D16: South San Jose | E16: =IFERROR(VLOOKUP(CONCATENATE($A$15,"-",$A$12, "-", $D16, "-", E$3, "-", $A$9), OBS_District_Flows!$A:$G, 6,FALSE),0) -> 0 | F16: =IFERROR(VLOOKUP(CONCATENATE($A$15,"-",$A$12, "-", $D16, "-", F$3, "-", $A$9), OBS_District_Flows!$A:$G, 6,FALSE),0) -> 0 | G16: =IFERROR(VLOOKUP(CONCATENATE($A$15,"-",$A$12, "-", $D16, "-", G$3, "-", $A$9), OBS_District_Flows!$A:$G, 6,FALSE),0) -> 0 | H16: =IFERROR(VLOOKUP(CONCATENATE($A$15,"-",$A$12, "-", $D16, "-", H$3, "-", $A$9), OBS_District_Flows!$A:$G, 6,FALSE),0) -> 0 | I16: =IFERROR(VLOOKUP(CONCATENATE($A$15,"-",$A$12, "-", $D16, "-", I$3, "-", $A$9), OBS_District_Flows!$A:$G, 6,FALSE),0) -> 0 | J16: =IFERROR(VLOOKUP(CONCATENATE($A$15,"-",$A$12, "-", $D16, "-", J$3, "-", $A$9), OBS_District_Flows!$A:$G, 6,FALSE),0) -> 0 | K16: =IFERROR(VLOOKUP(CONCATENATE($A$15,"-",$A$12, "-", $D16, "-", K$3, "-", $A$9), OBS_District_Flows!$A:$G, 6,FALSE),0) -> 0 | L16: =IFERROR(VLOOKUP(CONCATENATE($A$15,"-",$A$12, "-", $D16, "-", L$3, "-", $A$9), OBS_District_Flows!$A:$G, 6,FALSE),0) -> 0 | ... AL16: =IFERROR(VLOOKUP(CONCATENATE($A$15,"-",$A$12, "-", $D16, "-", AL$3, "-", $A$9), OBS_District_Flows!$A:$G, 6,FALSE),0) -> 0 | AM16: =SUM(E16:AL16) -> 0 | AP16: South San Jose | AQ16: =IF($AM16>0,E16/$AM16, "") | AR16: =IF($AM16>0,F16/$AM16, "") | AS16: =IF($AM16>0,G16/$AM16, "") | AT16: =IF($AM16>0,H16/$AM16, "") | AU16: =IF($AM16>0,I16/$AM16, "") | AV16: =IF($AM16>0,J16/$AM16, "") | AW16: =IF($AM16>0,K16/$AM16, "") | AX16: =IF($AM16>0,L16/$AM16, "") | ... BY16: =IF($AM16>0,AM16/$AM16, "") | CB16: South San Jose | CC16: =IF(E$38>0, E16/E$38, "") | CD16: =IF(F$38>0, F16/F$38, "") | CE16: =IF(G$38>0, G16/G$38, "") | CF16: =IF(H$38>0, H16/H$38, "") | CG16: =IF(I$38>0, I16/I$38, "") | CH16: =IF(J$38>0, J16/J$38, "") | CI16: =IF(K$38>0, K16/K$38, "") | CJ16: =IF(L$38>0, L16/L$38, "") | ... DK16: =IF(AM$38>0, AM16/AM$38, "")
D17: Gilroy and Morgan Hill | E17: =IFERROR(VLOOKUP(CONCATENATE($A$15,"-",$A$12, "-", $D17, "-", E$3, "-", $A$9), OBS_District_Flows!$A:$G, 6,FALSE),0) -> 0 | F17: =IFERROR(VLOOKUP(CONCATENATE($A$15,"-",$A$12, "-", $D17, "-", F$3, "-", $A$9), OBS_District_Flows!$A:$G, 6,FALSE),0) -> 0 | G17: =IFERROR(VLOOKUP(CONCATENATE($A$15,"-",$A$12, "-", $D17, "-", G$3, "-", $A$9), OBS_District_Flows!$A:$G, 6,FALSE),0) -> 0 | H17: =IFERROR(VLOOKUP(CONCATENATE($A$15,"-",$A$12, "-", $D17, "-", H$3, "-", $A$9), OBS_District_Flows!$A:$G, 6,FALSE),0) -> 0 | I17: =IFERROR(VLOOKUP(CONCATENATE($A$15,"-",$A$12, "-", $D17, "-", I$3, "-", $A$9), OBS_District_Flows!$A:$G, 6,FALSE),0) -> 0 | J17: =IFERROR(VLOOKUP(CONCATENATE($A$15,"-",$A$12, "-", $D17, "-", J$3, "-", $A$9), OBS_District_Flows!$A:$G, 6,FALSE),0) -> 0 | K17: =IFERROR(VLOOKUP(CONCATENATE($A$15,"-",$A$12, "-", $D17, "-", K$3, "-", $A$9), OBS_District_Flows!$A:$G, 6,FALSE),0) -> 0 | L17: =IFERROR(VLOOKUP(CONCATENATE($A$15,"-",$A$12, "-", $D17, "-", L$3, "-", $A$9), OBS_District_Flows!$A:$G, 6,FALSE),0) -> 0 | ... AL17: =IFERROR(VLOOKUP(CONCATENATE($A$15,"-",$A$12, "-", $D17, "-", AL$3, "-", $A$9), OBS_District_Flows!$A:$G, 6,FALSE),0) -> 0 | AM17: =SUM(E17:AL17) -> 0 | AP17: Gilroy and Morgan Hill | AQ17: =IF($AM17>0,E17/$AM17, "") | AR17: =IF($AM17>0,F17/$AM17, "") | AS17: =IF($AM17>0,G17/$AM17, "") | AT17: =IF($AM17>0,H17/$AM17, "") | AU17: =IF($AM17>0,I17/$AM17, "") | AV17: =IF($AM17>0,J17/$AM17, "") | AW17: =IF($AM17>0,K17/$AM17, "") | AX17: =IF($AM17>0,L17/$AM17, "") | ... BY17: =IF($AM17>0,AM17/$AM17, "") | CB17: Gilroy and Morgan Hill | CC17: =IF(E$38>0, E17/E$38, "") | CD17: =IF(F$38>0, F17/F$38, "") | CE17: =IF(G$38>0, G17/G$38, "") | CF17: =IF(H$38>0, H17/H$38, "") | CG17: =IF(I$38>0, I17/I$38, "") | CH17: =IF(J$38>0, J17/J$38, "") | CI17: =IF(K$38>0, K17/K$38, "") | CJ17: =IF(L$38>0, L17/L$38, "") | ... DK17: =IF(AM$38>0, AM17/AM$38, "")
A18: Total Trips | D18: Livermore and Pleasanton | E18: =IFERROR(VLOOKUP(CONCATENATE($A$15,"-",$A$12, "-", $D18, "-", E$3, "-", $A$9), OBS_District_Flows!$A:$G, 6,FALSE),0) -> 0 | F18: =IFERROR(VLOOKUP(CONCATENATE($A$15,"-",$A$12, "-", $D18, "-", F$3, "-", $A$9), OBS_District_Flows!$A:$G, 6,FALSE),0) -> 0 | G18: =IFERROR(VLOOKUP(CONCATENATE($A$15,"-",$A$12, "-", $D18, "-", G$3, "-", $A$9), OBS_District_Flows!$A:$G, 6,FALSE),0) -> 0 | H18: =IFERROR(VLOOKUP(CONCATENATE($A$15,"-",$A$12, "-", $D18, "-", H$3, "-", $A$9), OBS_District_Flows!$A:$G, 6,FALSE),0) -> 0 | I18: =IFERROR(VLOOKUP(CONCATENATE($A$15,"-",$A$12, "-", $D18, "-", I$3, "-", $A$9), OBS_District_Flows!$A:$G, 6,FALSE),0) -> 0 | J18: =IFERROR(VLOOKUP(CONCATENATE($A$15,"-",$A$12, "-", $D18, "-", J$3, "-", $A$9), OBS_District_Flows!$A:$G, 6,FALSE),0) -> 0 | K18: =IFERROR(VLOOKUP(CONCATENATE($A$15,"-",$A$12, "-", $D18, "-", K$3, "-", $A$9), OBS_District_Flows!$A:$G, 6,FALSE),0) -> 0 | L18: =IFERROR(VLOOKUP(CONCATENATE($A$15,"-",$A$12, "-", $D18, "-", L$3, "-", $A$9), OBS_District_Flows!$A:$G, 6,FALSE),0) -> 0 | ... AL18: =IFERROR(VLOOKUP(CONCATENATE($A$15,"-",$A$12, "-", $D18, "-", AL$3, "-", $A$9), OBS_District_Flows!$A:$G, 6,FALSE),0) -> 0 | AM18: =SUM(E18:AL18) -> 0 | AP18: Livermore and Pleasanton | AQ18: =IF($AM18>0,E18/$AM18, "") | AR18: =IF($AM18>0,F18/$AM18, "") | AS18: =IF($AM18>0,G18/$AM18, "") | AT18: =IF($AM18>0,H18/$AM18, "") | AU18: =IF($AM18>0,I18/$AM18, "") | AV18: =IF($AM18>0,J18/$AM18, "") | AW18: =IF($AM18>0,K18/$AM18, "") | AX18: =IF($AM18>0,L18/$AM18, "") | ... BY18: =IF($AM18>0,AM18/$AM18, "") | CB18: Livermore and Pleasanton | CC18: =IF(E$38>0, E18/E$38, "") | CD18: =IF(F$38>0, F18/F$38, "") | CE18: =IF(G$38>0, G18/G$38, "") | CF18: =IF(H$38>0, H18/H$38, "") | CG18: =IF(I$38>0, I18/I$38, "") | CH18: =IF(J$38>0, J18/J$38, "") | CI18: =IF(K$38>0, K18/K$38, "") | CJ18: =IF(L$38>0, L18/L$38, "") | ... DK18: =IF(AM$38>0, AM18/AM$38, "")
A19: =AM38 -> 0 | D19: Fremont and Union City | E19: =IFERROR(VLOOKUP(CONCATENATE($A$15,"-",$A$12, "-", $D19, "-", E$3, "-", $A$9), OBS_District_Flows!$A:$G, 6,FALSE),0) -> 0 | F19: =IFERROR(VLOOKUP(CONCATENATE($A$15,"-",$A$12, "-", $D19, "-", F$3, "-", $A$9), OBS_District_Flows!$A:$G, 6,FALSE),0) -> 0 | G19: =IFERROR(VLOOKUP(CONCATENATE($A$15,"-",$A$12, "-", $D19, "-", G$3, "-", $A$9), OBS_District_Flows!$A:$G, 6,FALSE),0) -> 0 | H19: =IFERROR(VLOOKUP(CONCATENATE($A$15,"-",$A$12, "-", $D19, "-", H$3, "-", $A$9), OBS_District_Flows!$A:$G, 6,FALSE),0) -> 0 | I19: =IFERROR(VLOOKUP(CONCATENATE($A$15,"-",$A$12, "-", $D19, "-", I$3, "-", $A$9), OBS_District_Flows!$A:$G, 6,FALSE),0) -> 0 | J19: =IFERROR(VLOOKUP(CONCATENATE($A$15,"-",$A$12, "-", $D19, "-", J$3, "-", $A$9), OBS_District_Flows!$A:$G, 6,FALSE),0) -> 0 | K19: =IFERROR(VLOOKUP(CONCATENATE($A$15,"-",$A$12, "-", $D19, "-", K$3, "-", $A$9), OBS_District_Flows!$A:$G, 6,FALSE),0) -> 0 | L19: =IFERROR(VLOOKUP(CONCATENATE($A$15,"-",$A$12, "-", $D19, "-", L$3, "-", $A$9), OBS_District_Flows!$A:$G, 6,FALSE),0) -> 0 | ... AL19: =IFERROR(VLOOKUP(CONCATENATE($A$15,"-",$A$12, "-", $D19, "-", AL$3, "-", $A$9), OBS_District_Flows!$A:$G, 6,FALSE),0) -> 0 | AM19: =SUM(E19:AL19) -> 0 | AP19: Fremont and Union City | AQ19: =IF($AM19>0,E19/$AM19, "") | AR19: =IF($AM19>0,F19/$AM19, "") | AS19: =IF($AM19>0,G19/$AM19, "") | AT19: =IF($AM19>0,H19/$AM19, "") | AU19: =IF($AM19>0,I19/$AM19, "") | AV19: =IF($AM19>0,J19/$AM19, "") | AW19: =IF($AM19>0,K19/$AM19, "") | AX19: =IF($AM19>0,L19/$AM19, "") | ... BY19: =IF($AM19>0,AM19/$AM19, "") | CB19: Fremont and Union City | CC19: =IF(E$38>0, E19/E$38, "") | CD19: =IF(F$38>0, F19/F$38, "") | CE19: =IF(G$38>0, G19/G$38, "") | CF19: =IF(H$38>0, H19/H$38, "") | CG19: =IF(I$38>0, I19/I$38, "") | CH19: =IF(J$38>0, J19/J$38, "") | CI19: =IF(K$38>0, K19/K$38, "") | CJ19: =IF(L$38>0, L19/L$38, "") | ... DK19: =IF(AM$38>0, AM19/AM$38, "")
D20: Hayward and San Leandro | E20: =IFERROR(VLOOKUP(CONCATENATE($A$15,"-",$A$12, "-", $D20, "-", E$3, "-", $A$9), OBS_District_Flows!$A:$G, 6,FALSE),0) -> 0 | F20: =IFERROR(VLOOKUP(CONCATENATE($A$15,"-",$A$12, "-", $D20, "-", F$3, "-", $A$9), OBS_District_Flows!$A:$G, 6,FALSE),0) -> 0 | G20: =IFERROR(VLOOKUP(CONCATENATE($A$15,"-",$A$12, "-", $D20, "-", G$3, "-", $A$9), OBS_District_Flows!$A:$G, 6,FALSE),0) -> 0 | H20: =IFERROR(VLOOKUP(CONCATENATE($A$15,"-",$A$12, "-", $D20, "-", H$3, "-", $A$9), OBS_District_Flows!$A:$G, 6,FALSE),0) -> 0 | I20: =IFERROR(VLOOKUP(CONCATENATE($A$15,"-",$A$12, "-", $D20, "-", I$3, "-", $A$9), OBS_District_Flows!$A:$G, 6,FALSE),0) -> 0 | J20: =IFERROR(VLOOKUP(CONCATENATE($A$15,"-",$A$12, "-", $D20, "-", J$3, "-", $A$9), OBS_District_Flows!$A:$G, 6,FALSE),0) -> 0 | K20: =IFERROR(VLOOKUP(CONCATENATE($A$15,"-",$A$12, "-", $D20, "-", K$3, "-", $A$9), OBS_District_Flows!$A:$G, 6,FALSE),0) -> 0 | L20: =IFERROR(VLOOKUP(CONCATENATE($A$15,"-",$A$12, "-", $D20, "-", L$3, "-", $A$9), OBS_District_Flows!$A:$G, 6,FALSE),0) -> 0 | ... AL20: =IFERROR(VLOOKUP(CONCATENATE($A$15,"-",$A$12, "-", $D20, "-", AL$3, "-", $A$9), OBS_District_Flows!$A:$G, 6,FALSE),0) -> 0 | AM20: =SUM(E20:AL20) -> 0 | AP20: Hayward and San Leandro | AQ20: =IF($AM20>0,E20/$AM20, "") | AR20: =IF($AM20>0,F20/$AM20, "") | AS20: =IF($AM20>0,G20/$AM20, "") | AT20: =IF($AM20>0,H20/$AM20, "") | AU20: =IF($AM20>0,I20/$AM20, "") | AV20: =IF($AM20>0,J20/$AM20, "") | AW20: =IF($AM20>0,K20/$AM20, "") | AX20: =IF($AM20>0,L20/$AM20, "") | ... BY20: =IF($AM20>0,AM20/$AM20, "") | CB20: Hayward and San Leandro | CC20: =IF(E$38>0, E20/E$38, "") | CD20: =IF(F$38>0, F20/F$38, "") | CE20: =IF(G$38>0, G20/G$38, "") | CF20: =IF(H$38>0, H20/H$38, "") | CG20: =IF(I$38>0, I20/I$38, "") | CH20: =IF(J$38>0, J20/J$38, "") | CI20: =IF(K$38>0, K20/K$38, "") | CJ20: =IF(L$38>0, L20/L$38, "") | ... DK20: =IF(AM$38>0, AM20/AM$38, "")
A21: Select View | D21: Oakland and Alameda | E21: =IFERROR(VLOOKUP(CONCATENATE($A$15,"-",$A$12, "-", $D21, "-", E$3, "-", $A$9), OBS_District_Flows!$A:$G, 6,FALSE),0) -> 0 | F21: =IFERROR(VLOOKUP(CONCATENATE($A$15,"-",$A$12, "-", $D21, "-", F$3, "-", $A$9), OBS_District_Flows!$A:$G, 6,FALSE),0) -> 0 | G21: =IFERROR(VLOOKUP(CONCATENATE($A$15,"-",$A$12, "-", $D21, "-", G$3, "-", $A$9), OBS_District_Flows!$A:$G, 6,FALSE),0) -> 0 | H21: =IFERROR(VLOOKUP(CONCATENATE($A$15,"-",$A$12, "-", $D21, "-", H$3, "-", $A$9), OBS_District_Flows!$A:$G, 6,FALSE),0) -> 0 | I21: =IFERROR(VLOOKUP(CONCATENATE($A$15,"-",$A$12, "-", $D21, "-", I$3, "-", $A$9), OBS_District_Flows!$A:$G, 6,FALSE),0) -> 0 | J21: =IFERROR(VLOOKUP(CONCATENATE($A$15,"-",$A$12, "-", $D21, "-", J$3, "-", $A$9), OBS_District_Flows!$A:$G, 6,FALSE),0) -> 0 | K21: =IFERROR(VLOOKUP(CONCATENATE($A$15,"-",$A$12, "-", $D21, "-", K$3, "-", $A$9), OBS_District_Flows!$A:$G, 6,FALSE),0) -> 0 | L21: =IFERROR(VLOOKUP(CONCATENATE($A$15,"-",$A$12, "-", $D21, "-", L$3, "-", $A$9), OBS_District_Flows!$A:$G, 6,FALSE),0) -> 0 | ... AL21: =IFERROR(VLOOKUP(CONCATENATE($A$15,"-",$A$12, "-", $D21, "-", AL$3, "-", $A$9), OBS_District_Flows!$A:$G, 6,FALSE),0) -> 0 | AM21: =SUM(E21:AL21) -> 0 | AP21: Oakland and Alameda | AQ21: =IF($AM21>0,E21/$AM21, "") | AR21: =IF($AM21>0,F21/$AM21, "") | AS21: =IF($AM21>0,G21/$AM21, "") | AT21: =IF($AM21>0,H21/$AM21, "") | AU21: =IF($AM21>0,I21/$AM21, "") | AV21: =IF($AM21>0,J21/$AM21, "") | AW21: =IF($AM21>0,K21/$AM21, "") | AX21: =IF($AM21>0,L21/$AM21, "") | ... BY21: =IF($AM21>0,AM21/$AM21, "") | CB21: Oakland and Alameda | CC21: =IF(E$38>0, E21/E$38, "") | CD21: =IF(F$38>0, F21/F$38, "") | CE21: =IF(G$38>0, G21/G$38, "") | CF21: =IF(H$38>0, H21/H$38, "") | CG21: =IF(I$38>0, I21/I$38, "") | CH21: =IF(J$38>0, J21/J$38, "") | CI21: =IF(K$38>0, K21/K$38, "") | CJ21: =IF(L$38>0, L21/L$38, "") | ... DK21: =IF(AM$38>0, AM21/AM$38, "")
A22: Counts | D22: Berkeley and Albany | E22: =IFERROR(VLOOKUP(CONCATENATE($A$15,"-",$A$12, "-", $D22, "-", E$3, "-", $A$9), OBS_District_Flows!$A:$G, 6,FALSE),0) -> 0 | F22: =IFERROR(VLOOKUP(CONCATENATE($A$15,"-",$A$12, "-", $D22, "-", F$3, "-", $A$9), OBS_District_Flows!$A:$G, 6,FALSE),0) -> 0 | G22: =IFERROR(VLOOKUP(CONCATENATE($A$15,"-",$A$12, "-", $D22, "-", G$3, "-", $A$9), OBS_District_Flows!$A:$G, 6,FALSE),0) -> 0 | H22: =IFERROR(VLOOKUP(CONCATENATE($A$15,"-",$A$12, "-", $D22, "-", H$3, "-", $A$9), OBS_District_Flows!$A:$G, 6,FALSE),0) -> 0 | I22: =IFERROR(VLOOKUP(CONCATENATE($A$15,"-",$A$12, "-", $D22, "-", I$3, "-", $A$9), OBS_District_Flows!$A:$G, 6,FALSE),0) -> 0 | J22: =IFERROR(VLOOKUP(CONCATENATE($A$15,"-",$A$12, "-", $D22, "-", J$3, "-", $A$9), OBS_District_Flows!$A:$G, 6,FALSE),0) -> 0 | K22: =IFERROR(VLOOKUP(CONCATENATE($A$15,"-",$A$12, "-", $D22, "-", K$3, "-", $A$9), OBS_District_Flows!$A:$G, 6,FALSE),0) -> 0 | L22: =IFERROR(VLOOKUP(CONCATENATE($A$15,"-",$A$12, "-", $D22, "-", L$3, "-", $A$9), OBS_District_Flows!$A:$G, 6,FALSE),0) -> 0 | ... AL22: =IFERROR(VLOOKUP(CONCATENATE($A$15,"-",$A$12, "-", $D22, "-", AL$3, "-", $A$9), OBS_District_Flows!$A:$G, 6,FALSE),0) -> 0 | AM22: =SUM(E22:AL22) -> 0 | AP22: Berkeley and Albany | AQ22: =IF($AM22>0,E22/$AM22, "") | AR22: =IF($AM22>0,F22/$AM22, "") | AS22: =IF($AM22>0,G22/$AM22, "") | AT22: =IF($AM22>0,H22/$AM22, "") | AU22: =IF($AM22>0,I22/$AM22, "") | AV22: =IF($AM22>0,J22/$AM22, "") | AW22: =IF($AM22>0,K22/$AM22, "") | AX22: =IF($AM22>0,L22/$AM22, "") | ... BY22: =IF($AM22>0,AM22/$AM22, "") | CB22: Berkeley and Albany | CC22: =IF(E$38>0, E22/E$38, "") | CD22: =IF(F$38>0, F22/F$38, "") | CE22: =IF(G$38>0, G22/G$38, "") | CF22: =IF(H$38>0, H22/H$38, "") | CG22: =IF(I$38>0, I22/I$38, "") | CH22: =IF(J$38>0, J22/J$38, "") | CI22: =IF(K$38>0, K22/K$38, "") | CJ22: =IF(L$38>0, L22/L$38, "") | ... DK22: =IF(AM$38>0, AM22/AM$38, "")
A23: Row Percent | D23: Richmond and El Cerrito | E23: =IFERROR(VLOOKUP(CONCATENATE($A$15,"-",$A$12, "-", $D23, "-", E$3, "-", $A$9), OBS_District_Flows!$A:$G, 6,FALSE),0) -> 0 | F23: =IFERROR(VLOOKUP(CONCATENATE($A$15,"-",$A$12, "-", $D23, "-", F$3, "-", $A$9), OBS_District_Flows!$A:$G, 6,FALSE),0) -> 0 | G23: =IFERROR(VLOOKUP(CONCATENATE($A$15,"-",$A$12, "-", $D23, "-", G$3, "-", $A$9), OBS_District_Flows!$A:$G, 6,FALSE),0) -> 0 | H23: =IFERROR(VLOOKUP(CONCATENATE($A$15,"-",$A$12, "-", $D23, "-", H$3, "-", $A$9), OBS_District_Flows!$A:$G, 6,FALSE),0) -> 0 | I23: =IFERROR(VLOOKUP(CONCATENATE($A$15,"-",$A$12, "-", $D23, "-", I$3, "-", $A$9), OBS_District_Flows!$A:$G, 6,FALSE),0) -> 0 | J23: =IFERROR(VLOOKUP(CONCATENATE($A$15,"-",$A$12, "-", $D23, "-", J$3, "-", $A$9), OBS_District_Flows!$A:$G, 6,FALSE),0) -> 0 | K23: =IFERROR(VLOOKUP(CONCATENATE($A$15,"-",$A$12, "-", $D23, "-", K$3, "-", $A$9), OBS_District_Flows!$A:$G, 6,FALSE),0) -> 0 | L23: =IFERROR(VLOOKUP(CONCATENATE($A$15,"-",$A$12, "-", $D23, "-", L$3, "-", $A$9), OBS_District_Flows!$A:$G, 6,FALSE),0) -> 0 | ... AL23: =IFERROR(VLOOKUP(CONCATENATE($A$15,"-",$A$12, "-", $D23, "-", AL$3, "-", $A$9), OBS_District_Flows!$A:$G, 6,FALSE),0) -> 0 | AM23: =SUM(E23:AL23) -> 0 | AP23: Richmond and El Cerrito | AQ23: =IF($AM23>0,E23/$AM23, "") | AR23: =IF($AM23>0,F23/$AM23, "") | AS23: =IF($AM23>0,G23/$AM23, "") | AT23: =IF($AM23>0,H23/$AM23, "") | AU23: =IF($AM23>0,I23/$AM23, "") | AV23: =IF($AM23>0,J23/$AM23, "") | AW23: =IF($AM23>0,K23/$AM23, "") | AX23: =IF($AM23>0,L23/$AM23, "") | ... BY23: =IF($AM23>0,AM23/$AM23, "") | CB23: Richmond and El Cerrito | CC23: =IF(E$38>0, E23/E$38, "") | CD23: =IF(F$38>0, F23/F$38, "") | CE23: =IF(G$38>0, G23/G$38, "") | CF23: =IF(H$38>0, H23/H$38, "") | CG23: =IF(I$38>0, I23/I$38, "") | CH23: =IF(J$38>0, J23/J$38, "") | CI23: =IF(K$38>0, K23/K$38, "") | CJ23: =IF(L$38>0, L23/L$38, "") | ... DK23: =IF(AM$38>0, AM23/AM$38, "")
A24: Column Percent | D24: Concord and Martinez | E24: =IFERROR(VLOOKUP(CONCATENATE($A$15,"-",$A$12, "-", $D24, "-", E$3, "-", $A$9), OBS_District_Flows!$A:$G, 6,FALSE),0) -> 0 | F24: =IFERROR(VLOOKUP(CONCATENATE($A$15,"-",$A$12, "-", $D24, "-", F$3, "-", $A$9), OBS_District_Flows!$A:$G, 6,FALSE),0) -> 0 | G24: =IFERROR(VLOOKUP(CONCATENATE($A$15,"-",$A$12, "-", $D24, "-", G$3, "-", $A$9), OBS_District_Flows!$A:$G, 6,FALSE),0) -> 0 | H24: =IFERROR(VLOOKUP(CONCATENATE($A$15,"-",$A$12, "-", $D24, "-", H$3, "-", $A$9), OBS_District_Flows!$A:$G, 6,FALSE),0) -> 0 | I24: =IFERROR(VLOOKUP(CONCATENATE($A$15,"-",$A$12, "-", $D24, "-", I$3, "-", $A$9), OBS_District_Flows!$A:$G, 6,FALSE),0) -> 0 | J24: =IFERROR(VLOOKUP(CONCATENATE($A$15,"-",$A$12, "-", $D24, "-", J$3, "-", $A$9), OBS_District_Flows!$A:$G, 6,FALSE),0) -> 0 | K24: =IFERROR(VLOOKUP(CONCATENATE($A$15,"-",$A$12, "-", $D24, "-", K$3, "-", $A$9), OBS_District_Flows!$A:$G, 6,FALSE),0) -> 0 | L24: =IFERROR(VLOOKUP(CONCATENATE($A$15,"-",$A$12, "-", $D24, "-", L$3, "-", $A$9), OBS_District_Flows!$A:$G, 6,FALSE),0) -> 0 | ... AL24: =IFERROR(VLOOKUP(CONCATENATE($A$15,"-",$A$12, "-", $D24, "-", AL$3, "-", $A$9), OBS_District_Flows!$A:$G, 6,FALSE),0) -> 0 | AM24: =SUM(E24:AL24) -> 0 | AP24: Concord and Martinez | AQ24: =IF($AM24>0,E24/$AM24, "") | AR24: =IF($AM24>0,F24/$AM24, "") | AS24: =IF($AM24>0,G24/$AM24, "") | AT24: =IF($AM24>0,H24/$AM24, "") | AU24: =IF($AM24>0,I24/$AM24, "") | AV24: =IF($AM24>0,J24/$AM24, "") | AW24: =IF($AM24>0,K24/$AM24, "") | AX24: =IF($AM24>0,L24/$AM24, "") | ... BY24: =IF($AM24>0,AM24/$AM24, "") | CB24: Concord and Martinez | CC24: =IF(E$38>0, E24/E$38, "") | CD24: =IF(F$38>0, F24/F$38, "") | CE24: =IF(G$38>0, G24/G$38, "") | CF24: =IF(H$38>0, H24/H$38, "") | CG24: =IF(I$38>0, I24/I$38, "") | CH24: =IF(J$38>0, J24/J$38, "") | CI24: =IF(K$38>0, K24/K$38, "") | CJ24: =IF(L$38>0, L24/L$38, "") | ... DK24: =IF(AM$38>0, AM24/AM$38, "")
D25: Walnut Creek | E25: =IFERROR(VLOOKUP(CONCATENATE($A$15,"-",$A$12, "-", $D25, "-", E$3, "-", $A$9), OBS_District_Flows!$A:$G, 6,FALSE),0) -> 0 | F25: =IFERROR(VLOOKUP(CONCATENATE($A$15,"-",$A$12, "-", $D25, "-", F$3, "-", $A$9), OBS_District_Flows!$A:$G, 6,FALSE),0) -> 0 | G25: =IFERROR(VLOOKUP(CONCATENATE($A$15,"-",$A$12, "-", $D25, "-", G$3, "-", $A$9), OBS_District_Flows!$A:$G, 6,FALSE),0) -> 0 | H25: =IFERROR(VLOOKUP(CONCATENATE($A$15,"-",$A$12, "-", $D25, "-", H$3, "-", $A$9), OBS_District_Flows!$A:$G, 6,FALSE),0) -> 0 | I25: =IFERROR(VLOOKUP(CONCATENATE($A$15,"-",$A$12, "-", $D25, "-", I$3, "-", $A$9), OBS_District_Flows!$A:$G, 6,FALSE),0) -> 0 | J25: =IFERROR(VLOOKUP(CONCATENATE($A$15,"-",$A$12, "-", $D25, "-", J$3, "-", $A$9), OBS_District_Flows!$A:$G, 6,FALSE),0) -> 0 | K25: =IFERROR(VLOOKUP(CONCATENATE($A$15,"-",$A$12, "-", $D25, "-", K$3, "-", $A$9), OBS_District_Flows!$A:$G, 6,FALSE),0) -> 0 | L25: =IFERROR(VLOOKUP(CONCATENATE($A$15,"-",$A$12, "-", $D25, "-", L$3, "-", $A$9), OBS_District_Flows!$A:$G, 6,FALSE),0) -> 0 | ... AL25: =IFERROR(VLOOKUP(CONCATENATE($A$15,"-",$A$12, "-", $D25, "-", AL$3, "-", $A$9), OBS_District_Flows!$A:$G, 6,FALSE),0) -> 0 | AM25: =SUM(E25:AL25) -> 0 | AP25: Walnut Creek | AQ25: =IF($AM25>0,E25/$AM25, "") | AR25: =IF($AM25>0,F25/$AM25, "") | AS25: =IF($AM25>0,G25/$AM25, "") | AT25: =IF($AM25>0,H25/$AM25, "") | AU25: =IF($AM25>0,I25/$AM25, "") | AV25: =IF($AM25>0,J25/$AM25, "") | AW25: =IF($AM25>0,K25/$AM25, "") | AX25: =IF($AM25>0,L25/$AM25, "") | ... BY25: =IF($AM25>0,AM25/$AM25, "") | CB25: Walnut Creek | CC25: =IF(E$38>0, E25/E$38, "") | CD25: =IF(F$38>0, F25/F$38, "") | CE25: =IF(G$38>0, G25/G$38, "") | CF25: =IF(H$38>0, H25/H$38, "") | CG25: =IF(I$38>0, I25/I$38, "") | CH25: =IF(J$38>0, J25/J$38, "") | CI25: =IF(K$38>0, K25/K$38, "") | CJ25: =IF(L$38>0, L25/L$38, "") | ... DK25: =IF(AM$38>0, AM25/AM$38, "")
D26: Danville and San Ramon | E26: =IFERROR(VLOOKUP(CONCATENATE($A$15,"-",$A$12, "-", $D26, "-", E$3, "-", $A$9), OBS_District_Flows!$A:$G, 6,FALSE),0) -> 0 | F26: =IFERROR(VLOOKUP(CONCATENATE($A$15,"-",$A$12, "-", $D26, "-", F$3, "-", $A$9), OBS_District_Flows!$A:$G, 6,FALSE),0) -> 0 | G26: =IFERROR(VLOOKUP(CONCATENATE($A$15,"-",$A$12, "-", $D26, "-", G$3, "-", $A$9), OBS_District_Flows!$A:$G, 6,FALSE),0) -> 0 | H26: =IFERROR(VLOOKUP(CONCATENATE($A$15,"-",$A$12, "-", $D26, "-", H$3, "-", $A$9), OBS_District_Flows!$A:$G, 6,FALSE),0) -> 0 | I26: =IFERROR(VLOOKUP(CONCATENATE($A$15,"-",$A$12, "-", $D26, "-", I$3, "-", $A$9), OBS_District_Flows!$A:$G, 6,FALSE),0) -> 0 | J26: =IFERROR(VLOOKUP(CONCATENATE($A$15,"-",$A$12, "-", $D26, "-", J$3, "-", $A$9), OBS_District_Flows!$A:$G, 6,FALSE),0) -> 0 | K26: =IFERROR(VLOOKUP(CONCATENATE($A$15,"-",$A$12, "-", $D26, "-", K$3, "-", $A$9), OBS_District_Flows!$A:$G, 6,FALSE),0) -> 0 | L26: =IFERROR(VLOOKUP(CONCATENATE($A$15,"-",$A$12, "-", $D26, "-", L$3, "-", $A$9), OBS_District_Flows!$A:$G, 6,FALSE),0) -> 0 | ... AL26: =IFERROR(VLOOKUP(CONCATENATE($A$15,"-",$A$12, "-", $D26, "-", AL$3, "-", $A$9), OBS_District_Flows!$A:$G, 6,FALSE),0) -> 0 | AM26: =SUM(E26:AL26) -> 0 | AP26: Danville and San Ramon | AQ26: =IF($AM26>0,E26/$AM26, "") | AR26: =IF($AM26>0,F26/$AM26, "") | AS26: =IF($AM26>0,G26/$AM26, "") | AT26: =IF($AM26>0,H26/$AM26, "") | AU26: =IF($AM26>0,I26/$AM26, "") | AV26: =IF($AM26>0,J26/$AM26, "") | AW26: =IF($AM26>0,K26/$AM26, "") | AX26: =IF($AM26>0,L26/$AM26, "") | ... BY26: =IF($AM26>0,AM26/$AM26, "") | CB26: Danville and San Ramon | CC26: =IF(E$38>0, E26/E$38, "") | CD26: =IF(F$38>0, F26/F$38, "") | CE26: =IF(G$38>0, G26/G$38, "") | CF26: =IF(H$38>0, H26/H$38, "") | CG26: =IF(I$38>0, I26/I$38, "") | CH26: =IF(J$38>0, J26/J$38, "") | CI26: =IF(K$38>0, K26/K$38, "") | CJ26: =IF(L$38>0, L26/L$38, "") | ... DK26: =IF(AM$38>0, AM26/AM$38, "")
A27: few trips with missing | D27: Antioch and Pittsburg | E27: =IFERROR(VLOOKUP(CONCATENATE($A$15,"-",$A$12, "-", $D27, "-", E$3, "-", $A$9), OBS_District_Flows!$A:$G, 6,FALSE),0) -> 0 | F27: =IFERROR(VLOOKUP(CONCATENATE($A$15,"-",$A$12, "-", $D27, "-", F$3, "-", $A$9), OBS_District_Flows!$A:$G, 6,FALSE),0) -> 0 | G27: =IFERROR(VLOOKUP(CONCATENATE($A$15,"-",$A$12, "-", $D27, "-", G$3, "-", $A$9), OBS_District_Flows!$A:$G, 6,FALSE),0) -> 0 | H27: =IFERROR(VLOOKUP(CONCATENATE($A$15,"-",$A$12, "-", $D27, "-", H$3, "-", $A$9), OBS_District_Flows!$A:$G, 6,FALSE),0) -> 0 | I27: =IFERROR(VLOOKUP(CONCATENATE($A$15,"-",$A$12, "-", $D27, "-", I$3, "-", $A$9), OBS_District_Flows!$A:$G, 6,FALSE),0) -> 0 | J27: =IFERROR(VLOOKUP(CONCATENATE($A$15,"-",$A$12, "-", $D27, "-", J$3, "-", $A$9), OBS_District_Flows!$A:$G, 6,FALSE),0) -> 0 | K27: =IFERROR(VLOOKUP(CONCATENATE($A$15,"-",$A$12, "-", $D27, "-", K$3, "-", $A$9), OBS_District_Flows!$A:$G, 6,FALSE),0) -> 0 | L27: =IFERROR(VLOOKUP(CONCATENATE($A$15,"-",$A$12, "-", $D27, "-", L$3, "-", $A$9), OBS_District_Flows!$A:$G, 6,FALSE),0) -> 0 | ... AL27: =IFERROR(VLOOKUP(CONCATENATE($A$15,"-",$A$12, "-", $D27, "-", AL$3, "-", $A$9), OBS_District_Flows!$A:$G, 6,FALSE),0) -> 0 | AM27: =SUM(E27:AL27) -> 0 | AP27: Antioch and Pittsburg | AQ27: =IF($AM27>0,E27/$AM27, "") | AR27: =IF($AM27>0,F27/$AM27, "") | AS27: =IF($AM27>0,G27/$AM27, "") | AT27: =IF($AM27>0,H27/$AM27, "") | AU27: =IF($AM27>0,I27/$AM27, "") | AV27: =IF($AM27>0,J27/$AM27, "") | AW27: =IF($AM27>0,K27/$AM27, "") | AX27: =IF($AM27>0,L27/$AM27, "") | ... BY27: =IF($AM27>0,AM27/$AM27, "") | CB27: Antioch and Pittsburg | CC27: =IF(E$38>0, E27/E$38, "") | CD27: =IF(F$38>0, F27/F$38, "") | CE27: =IF(G$38>0, G27/G$38, "") | CF27: =IF(H$38>0, H27/H$38, "") | CG27: =IF(I$38>0, I27/I$38, "") | CH27: =IF(J$38>0, J27/J$38, "") | CI27: =IF(K$38>0, K27/K$38, "") | CJ27: =IF(L$38>0, L27/L$38, "") | ... DK27: =IF(AM$38>0, AM27/AM$38, "")
A28: location info not | D28: Vallejo and Benicia | E28: =IFERROR(VLOOKUP(CONCATENATE($A$15,"-",$A$12, "-", $D28, "-", E$3, "-", $A$9), OBS_District_Flows!$A:$G, 6,FALSE),0) -> 0 | F28: =IFERROR(VLOOKUP(CONCATENATE($A$15,"-",$A$12, "-", $D28, "-", F$3, "-", $A$9), OBS_District_Flows!$A:$G, 6,FALSE),0) -> 0 | G28: =IFERROR(VLOOKUP(CONCATENATE($A$15,"-",$A$12, "-", $D28, "-", G$3, "-", $A$9), OBS_District_Flows!$A:$G, 6,FALSE),0) -> 0 | H28: =IFERROR(VLOOKUP(CONCATENATE($A$15,"-",$A$12, "-", $D28, "-", H$3, "-", $A$9), OBS_District_Flows!$A:$G, 6,FALSE),0) -> 0 | I28: =IFERROR(VLOOKUP(CONCATENATE($A$15,"-",$A$12, "-", $D28, "-", I$3, "-", $A$9), OBS_District_Flows!$A:$G, 6,FALSE),0) -> 0 | J28: =IFERROR(VLOOKUP(CONCATENATE($A$15,"-",$A$12, "-", $D28, "-", J$3, "-", $A$9), OBS_District_Flows!$A:$G, 6,FALSE),0) -> 0 | K28: =IFERROR(VLOOKUP(CONCATENATE($A$15,"-",$A$12, "-", $D28, "-", K$3, "-", $A$9), OBS_District_Flows!$A:$G, 6,FALSE),0) -> 0 | L28: =IFERROR(VLOOKUP(CONCATENATE($A$15,"-",$A$12, "-", $D28, "-", L$3, "-", $A$9), OBS_District_Flows!$A:$G, 6,FALSE),0) -> 0 | ... AL28: =IFERROR(VLOOKUP(CONCATENATE($A$15,"-",$A$12, "-", $D28, "-", AL$3, "-", $A$9), OBS_District_Flows!$A:$G, 6,FALSE),0) -> 0 | AM28: =SUM(E28:AL28) -> 0 | AP28: Vallejo and Benicia | AQ28: =IF($AM28>0,E28/$AM28, "") | AR28: =IF($AM28>0,F28/$AM28, "") | AS28: =IF($AM28>0,G28/$AM28, "") | AT28: =IF($AM28>0,H28/$AM28, "") | AU28: =IF($AM28>0,I28/$AM28, "") | AV28: =IF($AM28>0,J28/$AM28, "") | AW28: =IF($AM28>0,K28/$AM28, "") | AX28: =IF($AM28>0,L28/$AM28, "") | ... BY28: =IF($AM28>0,AM28/$AM28, "") | CB28: Vallejo and Benicia | CC28: =IF(E$38>0, E28/E$38, "") | CD28: =IF(F$38>0, F28/F$38, "") | CE28: =IF(G$38>0, G28/G$38, "") | CF28: =IF(H$38>0, H28/H$38, "") | CG28: =IF(I$38>0, I28/I$38, "") | CH28: =IF(J$38>0, J28/J$38, "") | CI28: =IF(K$38>0, K28/K$38, "") | CJ28: =IF(L$38>0, L28/L$38, "") | ... DK28: =IF(AM$38>0, AM28/AM$38, "")
A29: included | D29: Fairfield and Vacaville | E29: =IFERROR(VLOOKUP(CONCATENATE($A$15,"-",$A$12, "-", $D29, "-", E$3, "-", $A$9), OBS_District_Flows!$A:$G, 6,FALSE),0) -> 0 | F29: =IFERROR(VLOOKUP(CONCATENATE($A$15,"-",$A$12, "-", $D29, "-", F$3, "-", $A$9), OBS_District_Flows!$A:$G, 6,FALSE),0) -> 0 | G29: =IFERROR(VLOOKUP(CONCATENATE($A$15,"-",$A$12, "-", $D29, "-", G$3, "-", $A$9), OBS_District_Flows!$A:$G, 6,FALSE),0) -> 0 | H29: =IFERROR(VLOOKUP(CONCATENATE($A$15,"-",$A$12, "-", $D29, "-", H$3, "-", $A$9), OBS_District_Flows!$A:$G, 6,FALSE),0) -> 0 | I29: =IFERROR(VLOOKUP(CONCATENATE($A$15,"-",$A$12, "-", $D29, "-", I$3, "-", $A$9), OBS_District_Flows!$A:$G, 6,FALSE),0) -> 0 | J29: =IFERROR(VLOOKUP(CONCATENATE($A$15,"-",$A$12, "-", $D29, "-", J$3, "-", $A$9), OBS_District_Flows!$A:$G, 6,FALSE),0) -> 0 | K29: =IFERROR(VLOOKUP(CONCATENATE($A$15,"-",$A$12, "-", $D29, "-", K$3, "-", $A$9), OBS_District_Flows!$A:$G, 6,FALSE),0) -> 0 | L29: =IFERROR(VLOOKUP(CONCATENATE($A$15,"-",$A$12, "-", $D29, "-", L$3, "-", $A$9), OBS_District_Flows!$A:$G, 6,FALSE),0) -> 0 | ... AL29: =IFERROR(VLOOKUP(CONCATENATE($A$15,"-",$A$12, "-", $D29, "-", AL$3, "-", $A$9), OBS_District_Flows!$A:$G, 6,FALSE),0) -> 0 | AM29: =SUM(E29:AL29) -> 0 | AP29: Fairfield and Vacaville | AQ29: =IF($AM29>0,E29/$AM29, "") | AR29: =IF($AM29>0,F29/$AM29, "") | AS29: =IF($AM29>0,G29/$AM29, "") | AT29: =IF($AM29>0,H29/$AM29, "") | AU29: =IF($AM29>0,I29/$AM29, "") | AV29: =IF($AM29>0,J29/$AM29, "") | AW29: =IF($AM29>0,K29/$AM29, "") | AX29: =IF($AM29>0,L29/$AM29, "") | ... BY29: =IF($AM29>0,AM29/$AM29, "") | CB29: Fairfield and Vacaville | CC29: =IF(E$38>0, E29/E$38, "") | CD29: =IF(F$38>0, F29/F$38, "") | CE29: =IF(G$38>0, G29/G$38, "") | CF29: =IF(H$38>0, H29/H$38, "") | CG29: =IF(I$38>0, I29/I$38, "") | CH29: =IF(J$38>0, J29/J$38, "") | CI29: =IF(K$38>0, K29/K$38, "") | CJ29: =IF(L$38>0, L29/L$38, "") | ... DK29: =IF(AM$38>0, AM29/AM$38, "")
D30: Napa | E30: =IFERROR(VLOOKUP(CONCATENATE($A$15,"-",$A$12, "-", $D30, "-", E$3, "-", $A$9), OBS_District_Flows!$A:$G, 6,FALSE),0) -> 0 | F30: =IFERROR(VLOOKUP(CONCATENATE($A$15,"-",$A$12, "-", $D30, "-", F$3, "-", $A$9), OBS_District_Flows!$A:$G, 6,FALSE),0) -> 0 | G30: =IFERROR(VLOOKUP(CONCATENATE($A$15,"-",$A$12, "-", $D30, "-", G$3, "-", $A$9), OBS_District_Flows!$A:$G, 6,FALSE),0) -> 0 | H30: =IFERROR(VLOOKUP(CONCATENATE($A$15,"-",$A$12, "-", $D30, "-", H$3, "-", $A$9), OBS_District_Flows!$A:$G, 6,FALSE),0) -> 0 | I30: =IFERROR(VLOOKUP(CONCATENATE($A$15,"-",$A$12, "-", $D30, "-", I$3, "-", $A$9), OBS_District_Flows!$A:$G, 6,FALSE),0) -> 0 | J30: =IFERROR(VLOOKUP(CONCATENATE($A$15,"-",$A$12, "-", $D30, "-", J$3, "-", $A$9), OBS_District_Flows!$A:$G, 6,FALSE),0) -> 0 | K30: =IFERROR(VLOOKUP(CONCATENATE($A$15,"-",$A$12, "-", $D30, "-", K$3, "-", $A$9), OBS_District_Flows!$A:$G, 6,FALSE),0) -> 0 | L30: =IFERROR(VLOOKUP(CONCATENATE($A$15,"-",$A$12, "-", $D30, "-", L$3, "-", $A$9), OBS_District_Flows!$A:$G, 6,FALSE),0) -> 0 | ... AL30: =IFERROR(VLOOKUP(CONCATENATE($A$15,"-",$A$12, "-", $D30, "-", AL$3, "-", $A$9), OBS_District_Flows!$A:$G, 6,FALSE),0) -> 0 | AM30: =SUM(E30:AL30) -> 0 | AP30: Napa | AQ30: =IF($AM30>0,E30/$AM30, "") | AR30: =IF($AM30>0,F30/$AM30, "") | AS30: =IF($AM30>0,G30/$AM30, "") | AT30: =IF($AM30>0,H30/$AM30, "") | AU30: =IF($AM30>0,I30/$AM30, "") | AV30: =IF($AM30>0,J30/$AM30, "") | AW30: =IF($AM30>0,K30/$AM30, "") | AX30: =IF($AM30>0,L30/$AM30, "") | ... BY30: =IF($AM30>0,AM30/$AM30, "") | CB30: Napa | CC30: =IF(E$38>0, E30/E$38, "") | CD30: =IF(F$38>0, F30/F$38, "") | CE30: =IF(G$38>0, G30/G$38, "") | CF30: =IF(H$38>0, H30/H$38, "") | CG30: =IF(I$38>0, I30/I$38, "") | CH30: =IF(J$38>0, J30/J$38, "") | CI30: =IF(K$38>0, K30/K$38, "") | CJ30: =IF(L$38>0, L30/L$38, "") | ... DK30: =IF(AM$38>0, AM30/AM$38, "")
D31: St Helena | E31: =IFERROR(VLOOKUP(CONCATENATE($A$15,"-",$A$12, "-", $D31, "-", E$3, "-", $A$9), OBS_District_Flows!$A:$G, 6,FALSE),0) -> 0 | F31: =IFERROR(VLOOKUP(CONCATENATE($A$15,"-",$A$12, "-", $D31, "-", F$3, "-", $A$9), OBS_District_Flows!$A:$G, 6,FALSE),0) -> 0 | G31: =IFERROR(VLOOKUP(CONCATENATE($A$15,"-",$A$12, "-", $D31, "-", G$3, "-", $A$9), OBS_District_Flows!$A:$G, 6,FALSE),0) -> 0 | H31: =IFERROR(VLOOKUP(CONCATENATE($A$15,"-",$A$12, "-", $D31, "-", H$3, "-", $A$9), OBS_District_Flows!$A:$G, 6,FALSE),0) -> 0 | I31: =IFERROR(VLOOKUP(CONCATENATE($A$15,"-",$A$12, "-", $D31, "-", I$3, "-", $A$9), OBS_District_Flows!$A:$G, 6,FALSE),0) -> 0 | J31: =IFERROR(VLOOKUP(CONCATENATE($A$15,"-",$A$12, "-", $D31, "-", J$3, "-", $A$9), OBS_District_Flows!$A:$G, 6,FALSE),0) -> 0 | K31: =IFERROR(VLOOKUP(CONCATENATE($A$15,"-",$A$12, "-", $D31, "-", K$3, "-", $A$9), OBS_District_Flows!$A:$G, 6,FALSE),0) -> 0 | L31: =IFERROR(VLOOKUP(CONCATENATE($A$15,"-",$A$12, "-", $D31, "-", L$3, "-", $A$9), OBS_District_Flows!$A:$G, 6,FALSE),0) -> 0 | ... AL31: =IFERROR(VLOOKUP(CONCATENATE($A$15,"-",$A$12, "-", $D31, "-", AL$3, "-", $A$9), OBS_District_Flows!$A:$G, 6,FALSE),0) -> 0 | AM31: =SUM(E31:AL31) -> 0 | AP31: St Helena | AQ31: =IF($AM31>0,E31/$AM31, "") | AR31: =IF($AM31>0,F31/$AM31, "") | AS31: =IF($AM31>0,G31/$AM31, "") | AT31: =IF($AM31>0,H31/$AM31, "") | AU31: =IF($AM31>0,I31/$AM31, "") | AV31: =IF($AM31>0,J31/$AM31, "") | AW31: =IF($AM31>0,K31/$AM31, "") | AX31: =IF($AM31>0,L31/$AM31, "") | ... BY31: =IF($AM31>0,AM31/$AM31, "") | CB31: St Helena | CC31: =IF(E$38>0, E31/E$38, "") | CD31: =IF(F$38>0, F31/F$38, "") | CE31: =IF(G$38>0, G31/G$38, "") | CF31: =IF(H$38>0, H31/H$38, "") | CG31: =IF(I$38>0, I31/I$38, "") | CH31: =IF(J$38>0, J31/J$38, "") | CI31: =IF(K$38>0, K31/K$38, "") | CJ31: =IF(L$38>0, L31/L$38, "") | ... DK31: =IF(AM$38>0, AM31/AM$38, "")
A32: Tour Mode defined as | D32: Petaluma and Rohnert Park | E32: =IFERROR(VLOOKUP(CONCATENATE($A$15,"-",$A$12, "-", $D32, "-", E$3, "-", $A$9), OBS_District_Flows!$A:$G, 6,FALSE),0) -> 0 | F32: =IFERROR(VLOOKUP(CONCATENATE($A$15,"-",$A$12, "-", $D32, "-", F$3, "-", $A$9), OBS_District_Flows!$A:$G, 6,FALSE),0) -> 0 | G32: =IFERROR(VLOOKUP(CONCATENATE($A$15,"-",$A$12, "-", $D32, "-", G$3, "-", $A$9), OBS_District_Flows!$A:$G, 6,FALSE),0) -> 0 | H32: =IFERROR(VLOOKUP(CONCATENATE($A$15,"-",$A$12, "-", $D32, "-", H$3, "-", $A$9), OBS_District_Flows!$A:$G, 6,FALSE),0) -> 0 | I32: =IFERROR(VLOOKUP(CONCATENATE($A$15,"-",$A$12, "-", $D32, "-", I$3, "-", $A$9), OBS_District_Flows!$A:$G, 6,FALSE),0) -> 0 | J32: =IFERROR(VLOOKUP(CONCATENATE($A$15,"-",$A$12, "-", $D32, "-", J$3, "-", $A$9), OBS_District_Flows!$A:$G, 6,FALSE),0) -> 0 | K32: =IFERROR(VLOOKUP(CONCATENATE($A$15,"-",$A$12, "-", $D32, "-", K$3, "-", $A$9), OBS_District_Flows!$A:$G, 6,FALSE),0) -> 0 | L32: =IFERROR(VLOOKUP(CONCATENATE($A$15,"-",$A$12, "-", $D32, "-", L$3, "-", $A$9), OBS_District_Flows!$A:$G, 6,FALSE),0) -> 0 | ... AL32: =IFERROR(VLOOKUP(CONCATENATE($A$15,"-",$A$12, "-", $D32, "-", AL$3, "-", $A$9), OBS_District_Flows!$A:$G, 6,FALSE),0) -> 0 | AM32: =SUM(E32:AL32) -> 0 | AP32: Petaluma and Rohnert Park | AQ32: =IF($AM32>0,E32/$AM32, "") | AR32: =IF($AM32>0,F32/$AM32, "") | AS32: =IF($AM32>0,G32/$AM32, "") | AT32: =IF($AM32>0,H32/$AM32, "") | AU32: =IF($AM32>0,I32/$AM32, "") | AV32: =IF($AM32>0,J32/$AM32, "") | AW32: =IF($AM32>0,K32/$AM32, "") | AX32: =IF($AM32>0,L32/$AM32, "") | ... BY32: =IF($AM32>0,AM32/$AM32, "") | CB32: Petaluma and Rohnert Park | CC32: =IF(E$38>0, E32/E$38, "") | CD32: =IF(F$38>0, F32/F$38, "") | CE32: =IF(G$38>0, G32/G$38, "") | CF32: =IF(H$38>0, H32/H$38, "") | CG32: =IF(I$38>0, I32/I$38, "") | CH32: =IF(J$38>0, J32/J$38, "") | CI32: =IF(K$38>0, K32/K$38, "") | CJ32: =IF(L$38>0, L32/L$38, "") | ... DK32: =IF(AM$38>0, AM32/AM$38, "")
A33: highest priority mode | D33: Santa Rosa and Sebastopol | E33: =IFERROR(VLOOKUP(CONCATENATE($A$15,"-",$A$12, "-", $D33, "-", E$3, "-", $A$9), OBS_District_Flows!$A:$G, 6,FALSE),0) -> 0 | F33: =IFERROR(VLOOKUP(CONCATENATE($A$15,"-",$A$12, "-", $D33, "-", F$3, "-", $A$9), OBS_District_Flows!$A:$G, 6,FALSE),0) -> 0 | G33: =IFERROR(VLOOKUP(CONCATENATE($A$15,"-",$A$12, "-", $D33, "-", G$3, "-", $A$9), OBS_District_Flows!$A:$G, 6,FALSE),0) -> 0 | H33: =IFERROR(VLOOKUP(CONCATENATE($A$15,"-",$A$12, "-", $D33, "-", H$3, "-", $A$9), OBS_District_Flows!$A:$G, 6,FALSE),0) -> 0 | I33: =IFERROR(VLOOKUP(CONCATENATE($A$15,"-",$A$12, "-", $D33, "-", I$3, "-", $A$9), OBS_District_Flows!$A:$G, 6,FALSE),0) -> 0 | J33: =IFERROR(VLOOKUP(CONCATENATE($A$15,"-",$A$12, "-", $D33, "-", J$3, "-", $A$9), OBS_District_Flows!$A:$G, 6,FALSE),0) -> 0 | K33: =IFERROR(VLOOKUP(CONCATENATE($A$15,"-",$A$12, "-", $D33, "-", K$3, "-", $A$9), OBS_District_Flows!$A:$G, 6,FALSE),0) -> 0 | L33: =IFERROR(VLOOKUP(CONCATENATE($A$15,"-",$A$12, "-", $D33, "-", L$3, "-", $A$9), OBS_District_Flows!$A:$G, 6,FALSE),0) -> 0 | ... AL33: =IFERROR(VLOOKUP(CONCATENATE($A$15,"-",$A$12, "-", $D33, "-", AL$3, "-", $A$9), OBS_District_Flows!$A:$G, 6,FALSE),0) -> 0 | AM33: =SUM(E33:AL33) -> 0 | AP33: Santa Rosa and Sebastopol | AQ33: =IF($AM33>0,E33/$AM33, "") | AR33: =IF($AM33>0,F33/$AM33, "") | AS33: =IF($AM33>0,G33/$AM33, "") | AT33: =IF($AM33>0,H33/$AM33, "") | AU33: =IF($AM33>0,I33/$AM33, "") | AV33: =IF($AM33>0,J33/$AM33, "") | AW33: =IF($AM33>0,K33/$AM33, "") | AX33: =IF($AM33>0,L33/$AM33, "") | ... BY33: =IF($AM33>0,AM33/$AM33, "") | CB33: Santa Rosa and Sebastopol | CC33: =IF(E$38>0, E33/E$38, "") | CD33: =IF(F$38>0, F33/F$38, "") | CE33: =IF(G$38>0, G33/G$38, "") | CF33: =IF(H$38>0, H33/H$38, "") | CG33: =IF(I$38>0, I33/I$38, "") | CH33: =IF(J$38>0, J33/J$38, "") | CI33: =IF(K$38>0, K33/K$38, "") | CJ33: =IF(L$38>0, L33/L$38, "") | ... DK33: =IF(AM$38>0, AM33/AM$38, "")
A34: for the linked trip | D34: Healdsburg and Cloverdale | E34: =IFERROR(VLOOKUP(CONCATENATE($A$15,"-",$A$12, "-", $D34, "-", E$3, "-", $A$9), OBS_District_Flows!$A:$G, 6,FALSE),0) -> 0 | F34: =IFERROR(VLOOKUP(CONCATENATE($A$15,"-",$A$12, "-", $D34, "-", F$3, "-", $A$9), OBS_District_Flows!$A:$G, 6,FALSE),0) -> 0 | G34: =IFERROR(VLOOKUP(CONCATENATE($A$15,"-",$A$12, "-", $D34, "-", G$3, "-", $A$9), OBS_District_Flows!$A:$G, 6,FALSE),0) -> 0 | H34: =IFERROR(VLOOKUP(CONCATENATE($A$15,"-",$A$12, "-", $D34, "-", H$3, "-", $A$9), OBS_District_Flows!$A:$G, 6,FALSE),0) -> 0 | I34: =IFERROR(VLOOKUP(CONCATENATE($A$15,"-",$A$12, "-", $D34, "-", I$3, "-", $A$9), OBS_District_Flows!$A:$G, 6,FALSE),0) -> 0 | J34: =IFERROR(VLOOKUP(CONCATENATE($A$15,"-",$A$12, "-", $D34, "-", J$3, "-", $A$9), OBS_District_Flows!$A:$G, 6,FALSE),0) -> 0 | K34: =IFERROR(VLOOKUP(CONCATENATE($A$15,"-",$A$12, "-", $D34, "-", K$3, "-", $A$9), OBS_District_Flows!$A:$G, 6,FALSE),0) -> 0 | L34: =IFERROR(VLOOKUP(CONCATENATE($A$15,"-",$A$12, "-", $D34, "-", L$3, "-", $A$9), OBS_District_Flows!$A:$G, 6,FALSE),0) -> 0 | ... AL34: =IFERROR(VLOOKUP(CONCATENATE($A$15,"-",$A$12, "-", $D34, "-", AL$3, "-", $A$9), OBS_District_Flows!$A:$G, 6,FALSE),0) -> 0 | AM34: =SUM(E34:AL34) -> 0 | AP34: Healdsburg and Cloverdale | AQ34: =IF($AM34>0,E34/$AM34, "") | AR34: =IF($AM34>0,F34/$AM34, "") | AS34: =IF($AM34>0,G34/$AM34, "") | AT34: =IF($AM34>0,H34/$AM34, "") | AU34: =IF($AM34>0,I34/$AM34, "") | AV34: =IF($AM34>0,J34/$AM34, "") | AW34: =IF($AM34>0,K34/$AM34, "") | AX34: =IF($AM34>0,L34/$AM34, "") | ... BY34: =IF($AM34>0,AM34/$AM34, "") | CB34: Healdsburg and Cloverdale | CC34: =IF(E$38>0, E34/E$38, "") | CD34: =IF(F$38>0, F34/F$38, "") | CE34: =IF(G$38>0, G34/G$38, "") | CF34: =IF(H$38>0, H34/H$38, "") | CG34: =IF(I$38>0, I34/I$38, "") | CH34: =IF(J$38>0, J34/J$38, "") | CI34: =IF(K$38>0, K34/K$38, "") | CJ34: =IF(L$38>0, L34/L$38, "") | ... DK34: =IF(AM$38>0, AM34/AM$38, "")
D35: Novato | E35: =IFERROR(VLOOKUP(CONCATENATE($A$15,"-",$A$12, "-", $D35, "-", E$3, "-", $A$9), OBS_District_Flows!$A:$G, 6,FALSE),0) -> 0 | F35: =IFERROR(VLOOKUP(CONCATENATE($A$15,"-",$A$12, "-", $D35, "-", F$3, "-", $A$9), OBS_District_Flows!$A:$G, 6,FALSE),0) -> 0 | G35: =IFERROR(VLOOKUP(CONCATENATE($A$15,"-",$A$12, "-", $D35, "-", G$3, "-", $A$9), OBS_District_Flows!$A:$G, 6,FALSE),0) -> 0 | H35: =IFERROR(VLOOKUP(CONCATENATE($A$15,"-",$A$12, "-", $D35, "-", H$3, "-", $A$9), OBS_District_Flows!$A:$G, 6,FALSE),0) -> 0 | I35: =IFERROR(VLOOKUP(CONCATENATE($A$15,"-",$A$12, "-", $D35, "-", I$3, "-", $A$9), OBS_District_Flows!$A:$G, 6,FALSE),0) -> 0 | J35: =IFERROR(VLOOKUP(CONCATENATE($A$15,"-",$A$12, "-", $D35, "-", J$3, "-", $A$9), OBS_District_Flows!$A:$G, 6,FALSE),0) -> 0 | K35: =IFERROR(VLOOKUP(CONCATENATE($A$15,"-",$A$12, "-", $D35, "-", K$3, "-", $A$9), OBS_District_Flows!$A:$G, 6,FALSE),0) -> 0 | L35: =IFERROR(VLOOKUP(CONCATENATE($A$15,"-",$A$12, "-", $D35, "-", L$3, "-", $A$9), OBS_District_Flows!$A:$G, 6,FALSE),0) -> 0 | ... AL35: =IFERROR(VLOOKUP(CONCATENATE($A$15,"-",$A$12, "-", $D35, "-", AL$3, "-", $A$9), OBS_District_Flows!$A:$G, 6,FALSE),0) -> 0 | AM35: =SUM(E35:AL35) -> 0 | AP35: Novato | AQ35: =IF($AM35>0,E35/$AM35, "") | AR35: =IF($AM35>0,F35/$AM35, "") | AS35: =IF($AM35>0,G35/$AM35, "") | AT35: =IF($AM35>0,H35/$AM35, "") | AU35: =IF($AM35>0,I35/$AM35, "") | AV35: =IF($AM35>0,J35/$AM35, "") | AW35: =IF($AM35>0,K35/$AM35, "") | AX35: =IF($AM35>0,L35/$AM35, "") | ... BY35: =IF($AM35>0,AM35/$AM35, "") | CB35: Novato | CC35: =IF(E$38>0, E35/E$38, "") | CD35: =IF(F$38>0, F35/F$38, "") | CE35: =IF(G$38>0, G35/G$38, "") | CF35: =IF(H$38>0, H35/H$38, "") | CG35: =IF(I$38>0, I35/I$38, "") | CH35: =IF(J$38>0, J35/J$38, "") | CI35: =IF(K$38>0, K35/K$38, "") | CJ35: =IF(L$38>0, L35/L$38, "") | ... DK35: =IF(AM$38>0, AM35/AM$38, "")
D36: San Rafael | E36: =IFERROR(VLOOKUP(CONCATENATE($A$15,"-",$A$12, "-", $D36, "-", E$3, "-", $A$9), OBS_District_Flows!$A:$G, 6,FALSE),0) -> 0 | F36: =IFERROR(VLOOKUP(CONCATENATE($A$15,"-",$A$12, "-", $D36, "-", F$3, "-", $A$9), OBS_District_Flows!$A:$G, 6,FALSE),0) -> 0 | G36: =IFERROR(VLOOKUP(CONCATENATE($A$15,"-",$A$12, "-", $D36, "-", G$3, "-", $A$9), OBS_District_Flows!$A:$G, 6,FALSE),0) -> 0 | H36: =IFERROR(VLOOKUP(CONCATENATE($A$15,"-",$A$12, "-", $D36, "-", H$3, "-", $A$9), OBS_District_Flows!$A:$G, 6,FALSE),0) -> 0 | I36: =IFERROR(VLOOKUP(CONCATENATE($A$15,"-",$A$12, "-", $D36, "-", I$3, "-", $A$9), OBS_District_Flows!$A:$G, 6,FALSE),0) -> 0 | J36: =IFERROR(VLOOKUP(CONCATENATE($A$15,"-",$A$12, "-", $D36, "-", J$3, "-", $A$9), OBS_District_Flows!$A:$G, 6,FALSE),0) -> 0 | K36: =IFERROR(VLOOKUP(CONCATENATE($A$15,"-",$A$12, "-", $D36, "-", K$3, "-", $A$9), OBS_District_Flows!$A:$G, 6,FALSE),0) -> 0 | L36: =IFERROR(VLOOKUP(CONCATENATE($A$15,"-",$A$12, "-", $D36, "-", L$3, "-", $A$9), OBS_District_Flows!$A:$G, 6,FALSE),0) -> 0 | ... AL36: =IFERROR(VLOOKUP(CONCATENATE($A$15,"-",$A$12, "-", $D36, "-", AL$3, "-", $A$9), OBS_District_Flows!$A:$G, 6,FALSE),0) -> 0 | AM36: =SUM(E36:AL36) -> 0 | AP36: San Rafael | AQ36: =IF($AM36>0,E36/$AM36, "") | AR36: =IF($AM36>0,F36/$AM36, "") | AS36: =IF($AM36>0,G36/$AM36, "") | AT36: =IF($AM36>0,H36/$AM36, "") | AU36: =IF($AM36>0,I36/$AM36, "") | AV36: =IF($AM36>0,J36/$AM36, "") | AW36: =IF($AM36>0,K36/$AM36, "") | AX36: =IF($AM36>0,L36/$AM36, "") | ... BY36: =IF($AM36>0,AM36/$AM36, "") | CB36: San Rafael | CC36: =IF(E$38>0, E36/E$38, "") | CD36: =IF(F$38>0, F36/F$38, "") | CE36: =IF(G$38>0, G36/G$38, "") | CF36: =IF(H$38>0, H36/H$38, "") | CG36: =IF(I$38>0, I36/I$38, "") | CH36: =IF(J$38>0, J36/J$38, "") | CI36: =IF(K$38>0, K36/K$38, "") | CJ36: =IF(L$38>0, L36/L$38, "") | ... DK36: =IF(AM$38>0, AM36/AM$38, "")
D37: Mill Valley and Sausalito | E37: =IFERROR(VLOOKUP(CONCATENATE($A$15,"-",$A$12, "-", $D37, "-", E$3, "-", $A$9), OBS_District_Flows!$A:$G, 6,FALSE),0) -> 0 | F37: =IFERROR(VLOOKUP(CONCATENATE($A$15,"-",$A$12, "-", $D37, "-", F$3, "-", $A$9), OBS_District_Flows!$A:$G, 6,FALSE),0) -> 0 | G37: =IFERROR(VLOOKUP(CONCATENATE($A$15,"-",$A$12, "-", $D37, "-", G$3, "-", $A$9), OBS_District_Flows!$A:$G, 6,FALSE),0) -> 0 | H37: =IFERROR(VLOOKUP(CONCATENATE($A$15,"-",$A$12, "-", $D37, "-", H$3, "-", $A$9), OBS_District_Flows!$A:$G, 6,FALSE),0) -> 0 | I37: =IFERROR(VLOOKUP(CONCATENATE($A$15,"-",$A$12, "-", $D37, "-", I$3, "-", $A$9), OBS_District_Flows!$A:$G, 6,FALSE),0) -> 0 | J37: =IFERROR(VLOOKUP(CONCATENATE($A$15,"-",$A$12, "-", $D37, "-", J$3, "-", $A$9), OBS_District_Flows!$A:$G, 6,FALSE),0) -> 0 | K37: =IFERROR(VLOOKUP(CONCATENATE($A$15,"-",$A$12, "-", $D37, "-", K$3, "-", $A$9), OBS_District_Flows!$A:$G, 6,FALSE),0) -> 0 | L37: =IFERROR(VLOOKUP(CONCATENATE($A$15,"-",$A$12, "-", $D37, "-", L$3, "-", $A$9), OBS_District_Flows!$A:$G, 6,FALSE),0) -> 0 | ... AL37: =IFERROR(VLOOKUP(CONCATENATE($A$15,"-",$A$12, "-", $D37, "-", AL$3, "-", $A$9), OBS_District_Flows!$A:$G, 6,FALSE),0) -> 0 | AM37: =SUM(E37:AL37) -> 0 | AP37: Mill Valley and Sausalito | AQ37: =IF($AM37>0,E37/$AM37, "") | AR37: =IF($AM37>0,F37/$AM37, "") | AS37: =IF($AM37>0,G37/$AM37, "") | AT37: =IF($AM37>0,H37/$AM37, "") | AU37: =IF($AM37>0,I37/$AM37, "") | AV37: =IF($AM37>0,J37/$AM37, "") | AW37: =IF($AM37>0,K37/$AM37, "") | AX37: =IF($AM37>0,L37/$AM37, "") | ... BY37: =IF($AM37>0,AM37/$AM37, "") | CB37: Mill Valley and Sausalito | CC37: =IF(E$38>0, E37/E$38, "") | CD37: =IF(F$38>0, F37/F$38, "") | CE37: =IF(G$38>0, G37/G$38, "") | CF37: =IF(H$38>0, H37/H$38, "") | CG37: =IF(I$38>0, I37/I$38, "") | CH37: =IF(J$38>0, J37/J$38, "") | CI37: =IF(K$38>0, K37/K$38, "") | CJ37: =IF(L$38>0, L37/L$38, "") | ... DK37: =IF(AM$38>0, AM37/AM$38, "")
D38: Total | E38: =SUM(E4:E37) -> 0 | F38: =SUM(F4:F37) -> 0 | G38: =SUM(G4:G37) -> 0 | H38: =SUM(H4:H37) -> 0 | I38: =SUM(I4:I37) -> 0 | J38: =SUM(J4:J37) -> 0 | K38: =SUM(K4:K37) -> 0 | L38: =SUM(L4:L37) -> 0 | ... AM38: =SUM(AM4:AM37) -> 0 | AP38: Total | AQ38: =IF($AM38>0,E38/$AM38, "") | AR38: =IF($AM38>0,F38/$AM38, "") | AS38: =IF($AM38>0,G38/$AM38, "") | AT38: =IF($AM38>0,H38/$AM38, "") | AU38: =IF($AM38>0,I38/$AM38, "") | AV38: =IF($AM38>0,J38/$AM38, "") | AW38: =IF($AM38>0,K38/$AM38, "") | AX38: =IF($AM38>0,L38/$AM38, "") | ... BY38: =IF($AM38>0,AM38/$AM38, "") | CB38: Total | CC38: =IF(E$38>0, E38/E$38, "") | CD38: =IF(F$38>0, F38/F$38, "") | CE38: =IF(G$38>0, G38/G$38, "") | CF38: =IF(H$38>0, H38/H$38, "") | CG38: =IF(I$38>0, I38/I$38, "") | CH38: =IF(J$38>0, J38/J$38, "") | CI38: =IF(K$38>0, K38/K$38, "") | CJ38: =IF(L$38>0, L38/L$38, "") | ... DK38: =IF(AM$38>0, AM38/AM$38, "")
D41: Model Trips
E42: Destination District
E43: Greater Downtown San Francisco | F43: San Francisco Richmond District | G43: San Francisco Mission District | H43: San Francisco Sunset District | I43: Daly City and San Bruno | J43: San Mateo and Burlingame | K43: Redwood City and Menlo Park | L43: Palo Alto and Los Altos | M43: Sunnyvale and Mountain View | N43: Cupertino and Saratoga | O43: Central San Jose | P43: Milpitas and East San Jose | Q43: South San Jose | R43: Gilroy and Morgan Hill | S43: Livermore and Pleasanton | T43: Fremont and Union City | U43: Hayward and San Leandro | V43: Oakland and Alameda | W43: Berkeley and Albany | X43: Richmond and El Cerrito | Y43: Concord and Martinez | Z43: Walnut Creek | AA43: Danville and San Ramon | AB43: Antioch and Pittsburg | AC43: Vallejo and Benicia | AD43: Fairfield and Vacaville | AE43: Napa | AF43: St Helena | AG43: Petaluma and Rohnert Park | AH43: Santa Rosa and Sebastopol | AI43: Healdsburg and Cloverdale | AJ43: Novato | AK43: San Rafael | AL43: Mill Valley and Sausalito | AM43: Total
A44: Purpose ID | C44: Origin District | D44: Greater Downtown San Francisco | E44: =IFERROR(VLOOKUP(CONCATENATE($A$51,"-",$A$48, "-", $D44, "-", E$43, "-", $A$45),model_trn_trips,7,FALSE),0) -> 0 | F44: =IFERROR(VLOOKUP(CONCATENATE($A$51,"-",$A$48, "-", $D44, "-", F$43, "-", $A$45),model_trn_trips,7,FALSE),0) -> 0 | G44: =IFERROR(VLOOKUP(CONCATENATE($A$51,"-",$A$48, "-", $D44, "-", G$43, "-", $A$45),model_trn_trips,7,FALSE),0) -> 0 | H44: =IFERROR(VLOOKUP(CONCATENATE($A$51,"-",$A$48, "-", $D44, "-", H$43, "-", $A$45),model_trn_trips,7,FALSE),0) -> 0 | I44: =IFERROR(VLOOKUP(CONCATENATE($A$51,"-",$A$48, "-", $D44, "-", I$43, "-", $A$45),model_trn_trips,7,FALSE),0) -> 0 | J44: =IFERROR(VLOOKUP(CONCATENATE($A$51,"-",$A$48, "-", $D44, "-", J$43, "-", $A$45),model_trn_trips,7,FALSE),0) -> 0 | K44: =IFERROR(VLOOKUP(CONCATENATE($A$51,"-",$A$48, "-", $D44, "-", K$43, "-", $A$45),model_trn_trips,7,FALSE),0) -> 0 | L44: =IFERROR(VLOOKUP(CONCATENATE($A$51,"-",$A$48, "-", $D44, "-", L$43, "-", $A$45),model_trn_trips,7,FALSE),0) -> 0 | ... AL44: =IFERROR(VLOOKUP(CONCATENATE($A$51,"-",$A$48, "-", $D44, "-", AL$43, "-", $A$45),model_trn_trips,7,FALSE),0) -> 0 | AM44: =SUM(E44:AL44) -> 0
A45: =VLOOKUP(A9,simple_purposes,2,FALSE) -> Total | D45: San Francisco Richmond District | E45: =IFERROR(VLOOKUP(CONCATENATE($A$51,"-",$A$48, "-", $D45, "-", E$43, "-", $A$45),model_trn_trips,7,FALSE),0) -> 0 | F45: =IFERROR(VLOOKUP(CONCATENATE($A$51,"-",$A$48, "-", $D45, "-", F$43, "-", $A$45),model_trn_trips,7,FALSE),0) -> 0 | G45: =IFERROR(VLOOKUP(CONCATENATE($A$51,"-",$A$48, "-", $D45, "-", G$43, "-", $A$45),model_trn_trips,7,FALSE),0) -> 0 | H45: =IFERROR(VLOOKUP(CONCATENATE($A$51,"-",$A$48, "-", $D45, "-", H$43, "-", $A$45),model_trn_trips,7,FALSE),0) -> 0 | I45: =IFERROR(VLOOKUP(CONCATENATE($A$51,"-",$A$48, "-", $D45, "-", I$43, "-", $A$45),model_trn_trips,7,FALSE),0) -> 0 | J45: =IFERROR(VLOOKUP(CONCATENATE($A$51,"-",$A$48, "-", $D45, "-", J$43, "-", $A$45),model_trn_trips,7,FALSE),0) -> 0 | K45: =IFERROR(VLOOKUP(CONCATENATE($A$51,"-",$A$48, "-", $D45, "-", K$43, "-", $A$45),model_trn_trips,7,FALSE),0) -> 0 | L45: =IFERROR(VLOOKUP(CONCATENATE($A$51,"-",$A$48, "-", $D45, "-", L$43, "-", $A$45),model_trn_trips,7,FALSE),0) -> 0 | ... AL45: =IFERROR(VLOOKUP(CONCATENATE($A$51,"-",$A$48, "-", $D45, "-", AL$43, "-", $A$45),model_trn_trips,7,FALSE),0) -> 0 | AM45: =SUM(E45:AL45) -> 0
D46: San Francisco Mission District | E46: =IFERROR(VLOOKUP(CONCATENATE($A$51,"-",$A$48, "-", $D46, "-", E$43, "-", $A$45),model_trn_trips,7,FALSE),0) -> 0 | F46: =IFERROR(VLOOKUP(CONCATENATE($A$51,"-",$A$48, "-", $D46, "-", F$43, "-", $A$45),model_trn_trips,7,FALSE),0) -> 0 | G46: =IFERROR(VLOOKUP(CONCATENATE($A$51,"-",$A$48, "-", $D46, "-", G$43, "-", $A$45),model_trn_trips,7,FALSE),0) -> 0 | H46: =IFERROR(VLOOKUP(CONCATENATE($A$51,"-",$A$48, "-", $D46, "-", H$43, "-", $A$45),model_trn_trips,7,FALSE),0) -> 0 | I46: =IFERROR(VLOOKUP(CONCATENATE($A$51,"-",$A$48, "-", $D46, "-", I$43, "-", $A$45),model_trn_trips,7,FALSE),0) -> 0 | J46: =IFERROR(VLOOKUP(CONCATENATE($A$51,"-",$A$48, "-", $D46, "-", J$43, "-", $A$45),model_trn_trips,7,FALSE),0) -> 0 | K46: =IFERROR(VLOOKUP(CONCATENATE($A$51,"-",$A$48, "-", $D46, "-", K$43, "-", $A$45),model_trn_trips,7,FALSE),0) -> 0 | L46: =IFERROR(VLOOKUP(CONCATENATE($A$51,"-",$A$48, "-", $D46, "-", L$43, "-", $A$45),model_trn_trips,7,FALSE),0) -> 0 | ... AL46: =IFERROR(VLOOKUP(CONCATENATE($A$51,"-",$A$48, "-", $D46, "-", AL$43, "-", $A$45),model_trn_trips,7,FALSE),0) -> 0 | AM46: =SUM(E46:AL46) -> 0
A47: Primary Mode | D47: San Francisco Sunset District | E47: =IFERROR(VLOOKUP(CONCATENATE($A$51,"-",$A$48, "-", $D47, "-", E$43, "-", $A$45),model_trn_trips,7,FALSE),0) -> 0 | F47: =IFERROR(VLOOKUP(CONCATENATE($A$51,"-",$A$48, "-", $D47, "-", F$43, "-", $A$45),model_trn_trips,7,FALSE),0) -> 0 | G47: =IFERROR(VLOOKUP(CONCATENATE($A$51,"-",$A$48, "-", $D47, "-", G$43, "-", $A$45),model_trn_trips,7,FALSE),0) -> 0 | H47: =IFERROR(VLOOKUP(CONCATENATE($A$51,"-",$A$48, "-", $D47, "-", H$43, "-", $A$45),model_trn_trips,7,FALSE),0) -> 0 | I47: =IFERROR(VLOOKUP(CONCATENATE($A$51,"-",$A$48, "-", $D47, "-", I$43, "-", $A$45),model_trn_trips,7,FALSE),0) -> 0 | J47: =IFERROR(VLOOKUP(CONCATENATE($A$51,"-",$A$48, "-", $D47, "-", J$43, "-", $A$45),model_trn_trips,7,FALSE),0) -> 0 | K47: =IFERROR(VLOOKUP(CONCATENATE($A$51,"-",$A$48, "-", $D47, "-", K$43, "-", $A$45),model_trn_trips,7,FALSE),0) -> 0 | L47: =IFERROR(VLOOKUP(CONCATENATE($A$51,"-",$A$48, "-", $D47, "-", L$43, "-", $A$45),model_trn_trips,7,FALSE),0) -> 0 | ... AL47: =IFERROR(VLOOKUP(CONCATENATE($A$51,"-",$A$48, "-", $D47, "-", AL$43, "-", $A$45),model_trn_trips,7,FALSE),0) -> 0 | AM47: =SUM(E47:AL47) -> 0
A48: =VLOOKUP(A12,trn_modes,2,FALSE) -> CommRail | D48: Daly City and San Bruno | E48: =IFERROR(VLOOKUP(CONCATENATE($A$51,"-",$A$48, "-", $D48, "-", E$43, "-", $A$45),model_trn_trips,7,FALSE),0) -> 0 | F48: =IFERROR(VLOOKUP(CONCATENATE($A$51,"-",$A$48, "-", $D48, "-", F$43, "-", $A$45),model_trn_trips,7,FALSE),0) -> 0 | G48: =IFERROR(VLOOKUP(CONCATENATE($A$51,"-",$A$48, "-", $D48, "-", G$43, "-", $A$45),model_trn_trips,7,FALSE),0) -> 0 | H48: =IFERROR(VLOOKUP(CONCATENATE($A$51,"-",$A$48, "-", $D48, "-", H$43, "-", $A$45),model_trn_trips,7,FALSE),0) -> 0 | I48: =IFERROR(VLOOKUP(CONCATENATE($A$51,"-",$A$48, "-", $D48, "-", I$43, "-", $A$45),model_trn_trips,7,FALSE),0) -> 0 | J48: =IFERROR(VLOOKUP(CONCATENATE($A$51,"-",$A$48, "-", $D48, "-", J$43, "-", $A$45),model_trn_trips,7,FALSE),0) -> 0 | K48: =IFERROR(VLOOKUP(CONCATENATE($A$51,"-",$A$48, "-", $D48, "-", K$43, "-", $A$45),model_trn_trips,7,FALSE),0) -> 0 | L48: =IFERROR(VLOOKUP(CONCATENATE($A$51,"-",$A$48, "-", $D48, "-", L$43, "-", $A$45),model_trn_trips,7,FALSE),0) -> 0 | ... AL48: =IFERROR(VLOOKUP(CONCATENATE($A$51,"-",$A$48, "-", $D48, "-", AL$43, "-", $A$45),model_trn_trips,7,FALSE),0) -> 0 | AM48: =SUM(E48:AL48) -> 0
D49: San Mateo and Burlingame | E49: =IFERROR(VLOOKUP(CONCATENATE($A$51,"-",$A$48, "-", $D49, "-", E$43, "-", $A$45),model_trn_trips,7,FALSE),0) -> 0 | F49: =IFERROR(VLOOKUP(CONCATENATE($A$51,"-",$A$48, "-", $D49, "-", F$43, "-", $A$45),model_trn_trips,7,FALSE),0) -> 0 | G49: =IFERROR(VLOOKUP(CONCATENATE($A$51,"-",$A$48, "-", $D49, "-", G$43, "-", $A$45),model_trn_trips,7,FALSE),0) -> 0 | H49: =IFERROR(VLOOKUP(CONCATENATE($A$51,"-",$A$48, "-", $D49, "-", H$43, "-", $A$45),model_trn_trips,7,FALSE),0) -> 0 | I49: =IFERROR(VLOOKUP(CONCATENATE($A$51,"-",$A$48, "-", $D49, "-", I$43, "-", $A$45),model_trn_trips,7,FALSE),0) -> 0 | J49: =IFERROR(VLOOKUP(CONCATENATE($A$51,"-",$A$48, "-", $D49, "-", J$43, "-", $A$45),model_trn_trips,7,FALSE),0) -> 0 | K49: =IFERROR(VLOOKUP(CONCATENATE($A$51,"-",$A$48, "-", $D49, "-", K$43, "-", $A$45),model_trn_trips,7,FALSE),0) -> 0 | L49: =IFERROR(VLOOKUP(CONCATENATE($A$51,"-",$A$48, "-", $D49, "-", L$43, "-", $A$45),model_trn_trips,7,FALSE),0) -> 0 | ... AL49: =IFERROR(VLOOKUP(CONCATENATE($A$51,"-",$A$48, "-", $D49, "-", AL$43, "-", $A$45),model_trn_trips,7,FALSE),0) -> 0 | AM49: =SUM(E49:AL49) -> 0
A50: Access Mode | D50: Redwood City and Menlo Park | E50: =IFERROR(VLOOKUP(CONCATENATE($A$51,"-",$A$48, "-", $D50, "-", E$43, "-", $A$45),model_trn_trips,7,FALSE),0) -> 0 | F50: =IFERROR(VLOOKUP(CONCATENATE($A$51,"-",$A$48, "-", $D50, "-", F$43, "-", $A$45),model_trn_trips,7,FALSE),0) -> 0 | G50: =IFERROR(VLOOKUP(CONCATENATE($A$51,"-",$A$48, "-", $D50, "-", G$43, "-", $A$45),model_trn_trips,7,FALSE),0) -> 0 | H50: =IFERROR(VLOOKUP(CONCATENATE($A$51,"-",$A$48, "-", $D50, "-", H$43, "-", $A$45),model_trn_trips,7,FALSE),0) -> 0 | I50: =IFERROR(VLOOKUP(CONCATENATE($A$51,"-",$A$48, "-", $D50, "-", I$43, "-", $A$45),model_trn_trips,7,FALSE),0) -> 0 | J50: =IFERROR(VLOOKUP(CONCATENATE($A$51,"-",$A$48, "-", $D50, "-", J$43, "-", $A$45),model_trn_trips,7,FALSE),0) -> 0 | K50: =IFERROR(VLOOKUP(CONCATENATE($A$51,"-",$A$48, "-", $D50, "-", K$43, "-", $A$45),model_trn_trips,7,FALSE),0) -> 0 | L50: =IFERROR(VLOOKUP(CONCATENATE($A$51,"-",$A$48, "-", $D50, "-", L$43, "-", $A$45),model_trn_trips,7,FALSE),0) -> 0 | ... AL50: =IFERROR(VLOOKUP(CONCATENATE($A$51,"-",$A$48, "-", $D50, "-", AL$43, "-", $A$45),model_trn_trips,7,FALSE),0) -> 0 | AM50: =SUM(E50:AL50) -> 0
A51: =A15 -> Total | D51: Palo Alto and Los Altos | E51: =IFERROR(VLOOKUP(CONCATENATE($A$51,"-",$A$48, "-", $D51, "-", E$43, "-", $A$45),model_trn_trips,7,FALSE),0) -> 0 | F51: =IFERROR(VLOOKUP(CONCATENATE($A$51,"-",$A$48, "-", $D51, "-", F$43, "-", $A$45),model_trn_trips,7,FALSE),0) -> 0 | G51: =IFERROR(VLOOKUP(CONCATENATE($A$51,"-",$A$48, "-", $D51, "-", G$43, "-", $A$45),model_trn_trips,7,FALSE),0) -> 0 | H51: =IFERROR(VLOOKUP(CONCATENATE($A$51,"-",$A$48, "-", $D51, "-", H$43, "-", $A$45),model_trn_trips,7,FALSE),0) -> 0 | I51: =IFERROR(VLOOKUP(CONCATENATE($A$51,"-",$A$48, "-", $D51, "-", I$43, "-", $A$45),model_trn_trips,7,FALSE),0) -> 0 | J51: =IFERROR(VLOOKUP(CONCATENATE($A$51,"-",$A$48, "-", $D51, "-", J$43, "-", $A$45),model_trn_trips,7,FALSE),0) -> 0 | K51: =IFERROR(VLOOKUP(CONCATENATE($A$51,"-",$A$48, "-", $D51, "-", K$43, "-", $A$45),model_trn_trips,7,FALSE),0) -> 0 | L51: =IFERROR(VLOOKUP(CONCATENATE($A$51,"-",$A$48, "-", $D51, "-", L$43, "-", $A$45),model_trn_trips,7,FALSE),0) -> 0 | ... AL51: =IFERROR(VLOOKUP(CONCATENATE($A$51,"-",$A$48, "-", $D51, "-", AL$43, "-", $A$45),model_trn_trips,7,FALSE),0) -> 0 | AM51: =SUM(E51:AL51) -> 0
D52: Sunnyvale and Mountain View | E52: =IFERROR(VLOOKUP(CONCATENATE($A$51,"-",$A$48, "-", $D52, "-", E$43, "-", $A$45),model_trn_trips,7,FALSE),0) -> 0 | F52: =IFERROR(VLOOKUP(CONCATENATE($A$51,"-",$A$48, "-", $D52, "-", F$43, "-", $A$45),model_trn_trips,7,FALSE),0) -> 0 | G52: =IFERROR(VLOOKUP(CONCATENATE($A$51,"-",$A$48, "-", $D52, "-", G$43, "-", $A$45),model_trn_trips,7,FALSE),0) -> 0 | H52: =IFERROR(VLOOKUP(CONCATENATE($A$51,"-",$A$48, "-", $D52, "-", H$43, "-", $A$45),model_trn_trips,7,FALSE),0) -> 0 | I52: =IFERROR(VLOOKUP(CONCATENATE($A$51,"-",$A$48, "-", $D52, "-", I$43, "-", $A$45),model_trn_trips,7,FALSE),0) -> 0 | J52: =IFERROR(VLOOKUP(CONCATENATE($A$51,"-",$A$48, "-", $D52, "-", J$43, "-", $A$45),model_trn_trips,7,FALSE),0) -> 0 | K52: =IFERROR(VLOOKUP(CONCATENATE($A$51,"-",$A$48, "-", $D52, "-", K$43, "-", $A$45),model_trn_trips,7,FALSE),0) -> 0 | L52: =IFERROR(VLOOKUP(CONCATENATE($A$51,"-",$A$48, "-", $D52, "-", L$43, "-", $A$45),model_trn_trips,7,FALSE),0) -> 0 | ... AL52: =IFERROR(VLOOKUP(CONCATENATE($A$51,"-",$A$48, "-", $D52, "-", AL$43, "-", $A$45),model_trn_trips,7,FALSE),0) -> 0 | AM52: =SUM(E52:AL52) -> 0
A53: Total Trips | D53: Cupertino and Saratoga | E53: =IFERROR(VLOOKUP(CONCATENATE($A$51,"-",$A$48, "-", $D53, "-", E$43, "-", $A$45),model_trn_trips,7,FALSE),0) -> 0 | F53: =IFERROR(VLOOKUP(CONCATENATE($A$51,"-",$A$48, "-", $D53, "-", F$43, "-", $A$45),model_trn_trips,7,FALSE),0) -> 0 | G53: =IFERROR(VLOOKUP(CONCATENATE($A$51,"-",$A$48, "-", $D53, "-", G$43, "-", $A$45),model_trn_trips,7,FALSE),0) -> 0 | H53: =IFERROR(VLOOKUP(CONCATENATE($A$51,"-",$A$48, "-", $D53, "-", H$43, "-", $A$45),model_trn_trips,7,FALSE),0) -> 0 | I53: =IFERROR(VLOOKUP(CONCATENATE($A$51,"-",$A$48, "-", $D53, "-", I$43, "-", $A$45),model_trn_trips,7,FALSE),0) -> 0 | J53: =IFERROR(VLOOKUP(CONCATENATE($A$51,"-",$A$48, "-", $D53, "-", J$43, "-", $A$45),model_trn_trips,7,FALSE),0) -> 0 | K53: =IFERROR(VLOOKUP(CONCATENATE($A$51,"-",$A$48, "-", $D53, "-", K$43, "-", $A$45),model_trn_trips,7,FALSE),0) -> 0 | L53: =IFERROR(VLOOKUP(CONCATENATE($A$51,"-",$A$48, "-", $D53, "-", L$43, "-", $A$45),model_trn_trips,7,FALSE),0) -> 0 | ... AL53: =IFERROR(VLOOKUP(CONCATENATE($A$51,"-",$A$48, "-", $D53, "-", AL$43, "-", $A$45),model_trn_trips,7,FALSE),0) -> 0 | AM53: =SUM(E53:AL53) -> 0
A54: =AM78 -> 0 | D54: Central San Jose | E54: =IFERROR(VLOOKUP(CONCATENATE($A$51,"-",$A$48, "-", $D54, "-", E$43, "-", $A$45),model_trn_trips,7,FALSE),0) -> 0 | F54: =IFERROR(VLOOKUP(CONCATENATE($A$51,"-",$A$48, "-", $D54, "-", F$43, "-", $A$45),model_trn_trips,7,FALSE),0) -> 0 | G54: =IFERROR(VLOOKUP(CONCATENATE($A$51,"-",$A$48, "-", $D54, "-", G$43, "-", $A$45),model_trn_trips,7,FALSE),0) -> 0 | H54: =IFERROR(VLOOKUP(CONCATENATE($A$51,"-",$A$48, "-", $D54, "-", H$43, "-", $A$45),model_trn_trips,7,FALSE),0) -> 0 | I54: =IFERROR(VLOOKUP(CONCATENATE($A$51,"-",$A$48, "-", $D54, "-", I$43, "-", $A$45),model_trn_trips,7,FALSE),0) -> 0 | J54: =IFERROR(VLOOKUP(CONCATENATE($A$51,"-",$A$48, "-", $D54, "-", J$43, "-", $A$45),model_trn_trips,7,FALSE),0) -> 0 | K54: =IFERROR(VLOOKUP(CONCATENATE($A$51,"-",$A$48, "-", $D54, "-", K$43, "-", $A$45),model_trn_trips,7,FALSE),0) -> 0 | L54: =IFERROR(VLOOKUP(CONCATENATE($A$51,"-",$A$48, "-", $D54, "-", L$43, "-", $A$45),model_trn_trips,7,FALSE),0) -> 0 | ... AL54: =IFERROR(VLOOKUP(CONCATENATE($A$51,"-",$A$48, "-", $D54, "-", AL$43, "-", $A$45),model_trn_trips,7,FALSE),0) -> 0 | AM54: =SUM(E54:AL54) -> 0
D55: Milpitas and East San Jose | E55: =IFERROR(VLOOKUP(CONCATENATE($A$51,"-",$A$48, "-", $D55, "-", E$43, "-", $A$45),model_trn_trips,7,FALSE),0) -> 0 | F55: =IFERROR(VLOOKUP(CONCATENATE($A$51,"-",$A$48, "-", $D55, "-", F$43, "-", $A$45),model_trn_trips,7,FALSE),0) -> 0 | G55: =IFERROR(VLOOKUP(CONCATENATE($A$51,"-",$A$48, "-", $D55, "-", G$43, "-", $A$45),model_trn_trips,7,FALSE),0) -> 0 | H55: =IFERROR(VLOOKUP(CONCATENATE($A$51,"-",$A$48, "-", $D55, "-", H$43, "-", $A$45),model_trn_trips,7,FALSE),0) -> 0 | I55: =IFERROR(VLOOKUP(CONCATENATE($A$51,"-",$A$48, "-", $D55, "-", I$43, "-", $A$45),model_trn_trips,7,FALSE),0) -> 0 | J55: =IFERROR(VLOOKUP(CONCATENATE($A$51,"-",$A$48, "-", $D55, "-", J$43, "-", $A$45),model_trn_trips,7,FALSE),0) -> 0 | K55: =IFERROR(VLOOKUP(CONCATENATE($A$51,"-",$A$48, "-", $D55, "-", K$43, "-", $A$45),model_trn_trips,7,FALSE),0) -> 0 | L55: =IFERROR(VLOOKUP(CONCATENATE($A$51,"-",$A$48, "-", $D55, "-", L$43, "-", $A$45),model_trn_trips,7,FALSE),0) -> 0 | ... AL55: =IFERROR(VLOOKUP(CONCATENATE($A$51,"-",$A$48, "-", $D55, "-", AL$43, "-", $A$45),model_trn_trips,7,FALSE),0) -> 0 | AM55: =SUM(E55:AL55) -> 0
D56: South San Jose | E56: =IFERROR(VLOOKUP(CONCATENATE($A$51,"-",$A$48, "-", $D56, "-", E$43, "-", $A$45),model_trn_trips,7,FALSE),0) -> 0 | F56: =IFERROR(VLOOKUP(CONCATENATE($A$51,"-",$A$48, "-", $D56, "-", F$43, "-", $A$45),model_trn_trips,7,FALSE),0) -> 0 | G56: =IFERROR(VLOOKUP(CONCATENATE($A$51,"-",$A$48, "-", $D56, "-", G$43, "-", $A$45),model_trn_trips,7,FALSE),0) -> 0 | H56: =IFERROR(VLOOKUP(CONCATENATE($A$51,"-",$A$48, "-", $D56, "-", H$43, "-", $A$45),model_trn_trips,7,FALSE),0) -> 0 | I56: =IFERROR(VLOOKUP(CONCATENATE($A$51,"-",$A$48, "-", $D56, "-", I$43, "-", $A$45),model_trn_trips,7,FALSE),0) -> 0 | J56: =IFERROR(VLOOKUP(CONCATENATE($A$51,"-",$A$48, "-", $D56, "-", J$43, "-", $A$45),model_trn_trips,7,FALSE),0) -> 0 | K56: =IFERROR(VLOOKUP(CONCATENATE($A$51,"-",$A$48, "-", $D56, "-", K$43, "-", $A$45),model_trn_trips,7,FALSE),0) -> 0 | L56: =IFERROR(VLOOKUP(CONCATENATE($A$51,"-",$A$48, "-", $D56, "-", L$43, "-", $A$45),model_trn_trips,7,FALSE),0) -> 0 | ... AL56: =IFERROR(VLOOKUP(CONCATENATE($A$51,"-",$A$48, "-", $D56, "-", AL$43, "-", $A$45),model_trn_trips,7,FALSE),0) -> 0 | AM56: =SUM(E56:AL56) -> 0
D57: Gilroy and Morgan Hill | E57: =IFERROR(VLOOKUP(CONCATENATE($A$51,"-",$A$48, "-", $D57, "-", E$43, "-", $A$45),model_trn_trips,7,FALSE),0) -> 0 | F57: =IFERROR(VLOOKUP(CONCATENATE($A$51,"-",$A$48, "-", $D57, "-", F$43, "-", $A$45),model_trn_trips,7,FALSE),0) -> 0 | G57: =IFERROR(VLOOKUP(CONCATENATE($A$51,"-",$A$48, "-", $D57, "-", G$43, "-", $A$45),model_trn_trips,7,FALSE),0) -> 0 | H57: =IFERROR(VLOOKUP(CONCATENATE($A$51,"-",$A$48, "-", $D57, "-", H$43, "-", $A$45),model_trn_trips,7,FALSE),0) -> 0 | I57: =IFERROR(VLOOKUP(CONCATENATE($A$51,"-",$A$48, "-", $D57, "-", I$43, "-", $A$45),model_trn_trips,7,FALSE),0) -> 0 | J57: =IFERROR(VLOOKUP(CONCATENATE($A$51,"-",$A$48, "-", $D57, "-", J$43, "-", $A$45),model_trn_trips,7,FALSE),0) -> 0 | K57: =IFERROR(VLOOKUP(CONCATENATE($A$51,"-",$A$48, "-", $D57, "-", K$43, "-", $A$45),model_trn_trips,7,FALSE),0) -> 0 | L57: =IFERROR(VLOOKUP(CONCATENATE($A$51,"-",$A$48, "-", $D57, "-", L$43, "-", $A$45),model_trn_trips,7,FALSE),0) -> 0 | ... AL57: =IFERROR(VLOOKUP(CONCATENATE($A$51,"-",$A$48, "-", $D57, "-", AL$43, "-", $A$45),model_trn_trips,7,FALSE),0) -> 0 | AM57: =SUM(E57:AL57) -> 0
D58: Livermore and Pleasanton | E58: =IFERROR(VLOOKUP(CONCATENATE($A$51,"-",$A$48, "-", $D58, "-", E$43, "-", $A$45),model_trn_trips,7,FALSE),0) -> 0 | F58: =IFERROR(VLOOKUP(CONCATENATE($A$51,"-",$A$48, "-", $D58, "-", F$43, "-", $A$45),model_trn_trips,7,FALSE),0) -> 0 | G58: =IFERROR(VLOOKUP(CONCATENATE($A$51,"-",$A$48, "-", $D58, "-", G$43, "-", $A$45),model_trn_trips,7,FALSE),0) -> 0 | H58: =IFERROR(VLOOKUP(CONCATENATE($A$51,"-",$A$48, "-", $D58, "-", H$43, "-", $A$45),model_trn_trips,7,FALSE),0) -> 0 | I58: =IFERROR(VLOOKUP(CONCATENATE($A$51,"-",$A$48, "-", $D58, "-", I$43, "-", $A$45),model_trn_trips,7,FALSE),0) -> 0 | J58: =IFERROR(VLOOKUP(CONCATENATE($A$51,"-",$A$48, "-", $D58, "-", J$43, "-", $A$45),model_trn_trips,7,FALSE),0) -> 0 | K58: =IFERROR(VLOOKUP(CONCATENATE($A$51,"-",$A$48, "-", $D58, "-", K$43, "-", $A$45),model_trn_trips,7,FALSE),0) -> 0 | L58: =IFERROR(VLOOKUP(CONCATENATE($A$51,"-",$A$48, "-", $D58, "-", L$43, "-", $A$45),model_trn_trips,7,FALSE),0) -> 0 | ... AL58: =IFERROR(VLOOKUP(CONCATENATE($A$51,"-",$A$48, "-", $D58, "-", AL$43, "-", $A$45),model_trn_trips,7,FALSE),0) -> 0 | AM58: =SUM(E58:AL58) -> 0
D59: Fremont and Union City | E59: =IFERROR(VLOOKUP(CONCATENATE($A$51,"-",$A$48, "-", $D59, "-", E$43, "-", $A$45),model_trn_trips,7,FALSE),0) -> 0 | F59: =IFERROR(VLOOKUP(CONCATENATE($A$51,"-",$A$48, "-", $D59, "-", F$43, "-", $A$45),model_trn_trips,7,FALSE),0) -> 0 | G59: =IFERROR(VLOOKUP(CONCATENATE($A$51,"-",$A$48, "-", $D59, "-", G$43, "-", $A$45),model_trn_trips,7,FALSE),0) -> 0 | H59: =IFERROR(VLOOKUP(CONCATENATE($A$51,"-",$A$48, "-", $D59, "-", H$43, "-", $A$45),model_trn_trips,7,FALSE),0) -> 0 | I59: =IFERROR(VLOOKUP(CONCATENATE($A$51,"-",$A$48, "-", $D59, "-", I$43, "-", $A$45),model_trn_trips,7,FALSE),0) -> 0 | J59: =IFERROR(VLOOKUP(CONCATENATE($A$51,"-",$A$48, "-", $D59, "-", J$43, "-", $A$45),model_trn_trips,7,FALSE),0) -> 0 | K59: =IFERROR(VLOOKUP(CONCATENATE($A$51,"-",$A$48, "-", $D59, "-", K$43, "-", $A$45),model_trn_trips,7,FALSE),0) -> 0 | L59: =IFERROR(VLOOKUP(CONCATENATE($A$51,"-",$A$48, "-", $D59, "-", L$43, "-", $A$45),model_trn_trips,7,FALSE),0) -> 0 | ... AL59: =IFERROR(VLOOKUP(CONCATENATE($A$51,"-",$A$48, "-", $D59, "-", AL$43, "-", $A$45),model_trn_trips,7,FALSE),0) -> 0 | AM59: =SUM(E59:AL59) -> 0
D60: Hayward and San Leandro | E60: =IFERROR(VLOOKUP(CONCATENATE($A$51,"-",$A$48, "-", $D60, "-", E$43, "-", $A$45),model_trn_trips,7,FALSE),0) -> 0 | F60: =IFERROR(VLOOKUP(CONCATENATE($A$51,"-",$A$48, "-", $D60, "-", F$43, "-", $A$45),model_trn_trips,7,FALSE),0) -> 0 | G60: =IFERROR(VLOOKUP(CONCATENATE($A$51,"-",$A$48, "-", $D60, "-", G$43, "-", $A$45),model_trn_trips,7,FALSE),0) -> 0 | H60: =IFERROR(VLOOKUP(CONCATENATE($A$51,"-",$A$48, "-", $D60, "-", H$43, "-", $A$45),model_trn_trips,7,FALSE),0) -> 0 | I60: =IFERROR(VLOOKUP(CONCATENATE($A$51,"-",$A$48, "-", $D60, "-", I$43, "-", $A$45),model_trn_trips,7,FALSE),0) -> 0 | J60: =IFERROR(VLOOKUP(CONCATENATE($A$51,"-",$A$48, "-", $D60, "-", J$43, "-", $A$45),model_trn_trips,7,FALSE),0) -> 0 | K60: =IFERROR(VLOOKUP(CONCATENATE($A$51,"-",$A$48, "-", $D60, "-", K$43, "-", $A$45),model_trn_trips,7,FALSE),0) -> 0 | L60: =IFERROR(VLOOKUP(CONCATENATE($A$51,"-",$A$48, "-", $D60, "-", L$43, "-", $A$45),model_trn_trips,7,FALSE),0) -> 0 | ... AL60: =IFERROR(VLOOKUP(CONCATENATE($A$51,"-",$A$48, "-", $D60, "-", AL$43, "-", $A$45),model_trn_trips,7,FALSE),0) -> 0 | AM60: =SUM(E60:AL60) -> 0
D61: Oakland and Alameda | E61: =IFERROR(VLOOKUP(CONCATENATE($A$51,"-",$A$48, "-", $D61, "-", E$43, "-", $A$45),model_trn_trips,7,FALSE),0) -> 0 | F61: =IFERROR(VLOOKUP(CONCATENATE($A$51,"-",$A$48, "-", $D61, "-", F$43, "-", $A$45),model_trn_trips,7,FALSE),0) -> 0 | G61: =IFERROR(VLOOKUP(CONCATENATE($A$51,"-",$A$48, "-", $D61, "-", G$43, "-", $A$45),model_trn_trips,7,FALSE),0) -> 0 | H61: =IFERROR(VLOOKUP(CONCATENATE($A$51,"-",$A$48, "-", $D61, "-", H$43, "-", $A$45),model_trn_trips,7,FALSE),0) -> 0 | I61: =IFERROR(VLOOKUP(CONCATENATE($A$51,"-",$A$48, "-", $D61, "-", I$43, "-", $A$45),model_trn_trips,7,FALSE),0) -> 0 | J61: =IFERROR(VLOOKUP(CONCATENATE($A$51,"-",$A$48, "-", $D61, "-", J$43, "-", $A$45),model_trn_trips,7,FALSE),0) -> 0 | K61: =IFERROR(VLOOKUP(CONCATENATE($A$51,"-",$A$48, "-", $D61, "-", K$43, "-", $A$45),model_trn_trips,7,FALSE),0) -> 0 | L61: =IFERROR(VLOOKUP(CONCATENATE($A$51,"-",$A$48, "-", $D61, "-", L$43, "-", $A$45),model_trn_trips,7,FALSE),0) -> 0 | ... AL61: =IFERROR(VLOOKUP(CONCATENATE($A$51,"-",$A$48, "-", $D61, "-", AL$43, "-", $A$45),model_trn_trips,7,FALSE),0) -> 0 | AM61: =SUM(E61:AL61) -> 0
D62: Berkeley and Albany | E62: =IFERROR(VLOOKUP(CONCATENATE($A$51,"-",$A$48, "-", $D62, "-", E$43, "-", $A$45),model_trn_trips,7,FALSE),0) -> 0 | F62: =IFERROR(VLOOKUP(CONCATENATE($A$51,"-",$A$48, "-", $D62, "-", F$43, "-", $A$45),model_trn_trips,7,FALSE),0) -> 0 | G62: =IFERROR(VLOOKUP(CONCATENATE($A$51,"-",$A$48, "-", $D62, "-", G$43, "-", $A$45),model_trn_trips,7,FALSE),0) -> 0 | H62: =IFERROR(VLOOKUP(CONCATENATE($A$51,"-",$A$48, "-", $D62, "-", H$43, "-", $A$45),model_trn_trips,7,FALSE),0) -> 0 | I62: =IFERROR(VLOOKUP(CONCATENATE($A$51,"-",$A$48, "-", $D62, "-", I$43, "-", $A$45),model_trn_trips,7,FALSE),0) -> 0 | J62: =IFERROR(VLOOKUP(CONCATENATE($A$51,"-",$A$48, "-", $D62, "-", J$43, "-", $A$45),model_trn_trips,7,FALSE),0) -> 0 | K62: =IFERROR(VLOOKUP(CONCATENATE($A$51,"-",$A$48, "-", $D62, "-", K$43, "-", $A$45),model_trn_trips,7,FALSE),0) -> 0 | L62: =IFERROR(VLOOKUP(CONCATENATE($A$51,"-",$A$48, "-", $D62, "-", L$43, "-", $A$45),model_trn_trips,7,FALSE),0) -> 0 | ... AL62: =IFERROR(VLOOKUP(CONCATENATE($A$51,"-",$A$48, "-", $D62, "-", AL$43, "-", $A$45),model_trn_trips,7,FALSE),0) -> 0 | AM62: =SUM(E62:AL62) -> 0
D63: Richmond and El Cerrito | E63: =IFERROR(VLOOKUP(CONCATENATE($A$51,"-",$A$48, "-", $D63, "-", E$43, "-", $A$45),model_trn_trips,7,FALSE),0) -> 0 | F63: =IFERROR(VLOOKUP(CONCATENATE($A$51,"-",$A$48, "-", $D63, "-", F$43, "-", $A$45),model_trn_trips,7,FALSE),0) -> 0 | G63: =IFERROR(VLOOKUP(CONCATENATE($A$51,"-",$A$48, "-", $D63, "-", G$43, "-", $A$45),model_trn_trips,7,FALSE),0) -> 0 | H63: =IFERROR(VLOOKUP(CONCATENATE($A$51,"-",$A$48, "-", $D63, "-", H$43, "-", $A$45),model_trn_trips,7,FALSE),0) -> 0 | I63: =IFERROR(VLOOKUP(CONCATENATE($A$51,"-",$A$48, "-", $D63, "-", I$43, "-", $A$45),model_trn_trips,7,FALSE),0) -> 0 | J63: =IFERROR(VLOOKUP(CONCATENATE($A$51,"-",$A$48, "-", $D63, "-", J$43, "-", $A$45),model_trn_trips,7,FALSE),0) -> 0 | K63: =IFERROR(VLOOKUP(CONCATENATE($A$51,"-",$A$48, "-", $D63, "-", K$43, "-", $A$45),model_trn_trips,7,FALSE),0) -> 0 | L63: =IFERROR(VLOOKUP(CONCATENATE($A$51,"-",$A$48, "-", $D63, "-", L$43, "-", $A$45),model_trn_trips,7,FALSE),0) -> 0 | ... AL63: =IFERROR(VLOOKUP(CONCATENATE($A$51,"-",$A$48, "-", $D63, "-", AL$43, "-", $A$45),model_trn_trips,7,FALSE),0) -> 0 | AM63: =SUM(E63:AL63) -> 0
D64: Concord and Martinez | E64: =IFERROR(VLOOKUP(CONCATENATE($A$51,"-",$A$48, "-", $D64, "-", E$43, "-", $A$45),model_trn_trips,7,FALSE),0) -> 0 | F64: =IFERROR(VLOOKUP(CONCATENATE($A$51,"-",$A$48, "-", $D64, "-", F$43, "-", $A$45),model_trn_trips,7,FALSE),0) -> 0 | G64: =IFERROR(VLOOKUP(CONCATENATE($A$51,"-",$A$48, "-", $D64, "-", G$43, "-", $A$45),model_trn_trips,7,FALSE),0) -> 0 | H64: =IFERROR(VLOOKUP(CONCATENATE($A$51,"-",$A$48, "-", $D64, "-", H$43, "-", $A$45),model_trn_trips,7,FALSE),0) -> 0 | I64: =IFERROR(VLOOKUP(CONCATENATE($A$51,"-",$A$48, "-", $D64, "-", I$43, "-", $A$45),model_trn_trips,7,FALSE),0) -> 0 | J64: =IFERROR(VLOOKUP(CONCATENATE($A$51,"-",$A$48, "-", $D64, "-", J$43, "-", $A$45),model_trn_trips,7,FALSE),0) -> 0 | K64: =IFERROR(VLOOKUP(CONCATENATE($A$51,"-",$A$48, "-", $D64, "-", K$43, "-", $A$45),model_trn_trips,7,FALSE),0) -> 0 | L64: =IFERROR(VLOOKUP(CONCATENATE($A$51,"-",$A$48, "-", $D64, "-", L$43, "-", $A$45),model_trn_trips,7,FALSE),0) -> 0 | ... AL64: =IFERROR(VLOOKUP(CONCATENATE($A$51,"-",$A$48, "-", $D64, "-", AL$43, "-", $A$45),model_trn_trips,7,FALSE),0) -> 0 | AM64: =SUM(E64:AL64) -> 0
D65: Walnut Creek | E65: =IFERROR(VLOOKUP(CONCATENATE($A$51,"-",$A$48, "-", $D65, "-", E$43, "-", $A$45),model_trn_trips,7,FALSE),0) -> 0 | F65: =IFERROR(VLOOKUP(CONCATENATE($A$51,"-",$A$48, "-", $D65, "-", F$43, "-", $A$45),model_trn_trips,7,FALSE),0) -> 0 | G65: =IFERROR(VLOOKUP(CONCATENATE($A$51,"-",$A$48, "-", $D65, "-", G$43, "-", $A$45),model_trn_trips,7,FALSE),0) -> 0 | H65: =IFERROR(VLOOKUP(CONCATENATE($A$51,"-",$A$48, "-", $D65, "-", H$43, "-", $A$45),model_trn_trips,7,FALSE),0) -> 0 | I65: =IFERROR(VLOOKUP(CONCATENATE($A$51,"-",$A$48, "-", $D65, "-", I$43, "-", $A$45),model_trn_trips,7,FALSE),0) -> 0 | J65: =IFERROR(VLOOKUP(CONCATENATE($A$51,"-",$A$48, "-", $D65, "-", J$43, "-", $A$45),model_trn_trips,7,FALSE),0) -> 0 | K65: =IFERROR(VLOOKUP(CONCATENATE($A$51,"-",$A$48, "-", $D65, "-", K$43, "-", $A$45),model_trn_trips,7,FALSE),0) -> 0 | L65: =IFERROR(VLOOKUP(CONCATENATE($A$51,"-",$A$48, "-", $D65, "-", L$43, "-", $A$45),model_trn_trips,7,FALSE),0) -> 0 | ... AL65: =IFERROR(VLOOKUP(CONCATENATE($A$51,"-",$A$48, "-", $D65, "-", AL$43, "-", $A$45),model_trn_trips,7,FALSE),0) -> 0 | AM65: =SUM(E65:AL65) -> 0
D66: Danville and San Ramon | E66: =IFERROR(VLOOKUP(CONCATENATE($A$51,"-",$A$48, "-", $D66, "-", E$43, "-", $A$45),model_trn_trips,7,FALSE),0) -> 0 | F66: =IFERROR(VLOOKUP(CONCATENATE($A$51,"-",$A$48, "-", $D66, "-", F$43, "-", $A$45),model_trn_trips,7,FALSE),0) -> 0 | G66: =IFERROR(VLOOKUP(CONCATENATE($A$51,"-",$A$48, "-", $D66, "-", G$43, "-", $A$45),model_trn_trips,7,FALSE),0) -> 0 | H66: =IFERROR(VLOOKUP(CONCATENATE($A$51,"-",$A$48, "-", $D66, "-", H$43, "-", $A$45),model_trn_trips,7,FALSE),0) -> 0 | I66: =IFERROR(VLOOKUP(CONCATENATE($A$51,"-",$A$48, "-", $D66, "-", I$43, "-", $A$45),model_trn_trips,7,FALSE),0) -> 0 | J66: =IFERROR(VLOOKUP(CONCATENATE($A$51,"-",$A$48, "-", $D66, "-", J$43, "-", $A$45),model_trn_trips,7,FALSE),0) -> 0 | K66: =IFERROR(VLOOKUP(CONCATENATE($A$51,"-",$A$48, "-", $D66, "-", K$43, "-", $A$45),model_trn_trips,7,FALSE),0) -> 0 | L66: =IFERROR(VLOOKUP(CONCATENATE($A$51,"-",$A$48, "-", $D66, "-", L$43, "-", $A$45),model_trn_trips,7,FALSE),0) -> 0 | ... AL66: =IFERROR(VLOOKUP(CONCATENATE($A$51,"-",$A$48, "-", $D66, "-", AL$43, "-", $A$45),model_trn_trips,7,FALSE),0) -> 0 | AM66: =SUM(E66:AL66) -> 0
... D77: Mill Valley and Sausalito | E77: =IFERROR(VLOOKUP(CONCATENATE($A$51,"-",$A$48, "-", $D77, "-", E$43, "-", $A$45),model_trn_trips,7,FALSE),0) -> 0 | F77: =IFERROR(VLOOKUP(CONCATENATE($A$51,"-",$A$48, "-", $D77, "-", F$43, "-", $A$45),model_trn_trips,7,FALSE),0) -> 0 | G77: =IFERROR(VLOOKUP(CONCATENATE($A$51,"-",$A$48, "-", $D77, "-", G$43, "-", $A$45),model_trn_trips,7,FALSE),0) -> 0 | H77: =IFERROR(VLOOKUP(CONCATENATE($A$51,"-",$A$48, "-", $D77, "-", H$43, "-", $A$45),model_trn_trips,7,FALSE),0) -> 0 | I77: =IFERROR(VLOOKUP(CONCATENATE($A$51,"-",$A$48, "-", $D77, "-", I$43, "-", $A$45),model_trn_trips,7,FALSE),0) -> 0 | J77: =IFERROR(VLOOKUP(CONCATENATE($A$51,"-",$A$48, "-", $D77, "-", J$43, "-", $A$45),model_trn_trips,7,FALSE),0) -> 0 | K77: =IFERROR(VLOOKUP(CONCATENATE($A$51,"-",$A$48, "-", $D77, "-", K$43, "-", $A$45),model_trn_trips,7,FALSE),0) -> 0 | L77: =IFERROR(VLOOKUP(CONCATENATE($A$51,"-",$A$48, "-", $D77, "-", L$43, "-", $A$45),model_trn_trips,7,FALSE),0) -> 0 | ... AL77: =IFERROR(VLOOKUP(CONCATENATE($A$51,"-",$A$48, "-", $D77, "-", AL$43, "-", $A$45),model_trn_trips,7,FALSE),0) -> 0 | AM77: =SUM(E77:AL77) -> 0
D78: Total | E78: =SUM(E44:E77) -> 0 | F78: =SUM(F44:F77) -> 0 | G78: =SUM(G44:G77) -> 0 | H78: =SUM(H44:H77) -> 0 | I78: =SUM(I44:I77) -> 0 | J78: =SUM(J44:J77) -> 0 | K78: =SUM(K44:K77) -> 0 | L78: =SUM(L44:L77) -> 0 | ... AM78: =SUM(AM44:AM77) -> 0
D81: Model Tours minus Onboard Survey Counts
E82: Destination District
E83: Greater Downtown San Francisco | F83: San Francisco Richmond District | G83: San Francisco Mission District | H83: San Francisco Sunset District | I83: Daly City and San Bruno | J83: San Mateo and Burlingame | K83: Redwood City and Menlo Park | L83: Palo Alto and Los Altos | M83: Sunnyvale and Mountain View | N83: Cupertino and Saratoga | O83: Central San Jose | P83: Milpitas and East San Jose | Q83: South San Jose | R83: Gilroy and Morgan Hill | S83: Livermore and Pleasanton | T83: Fremont and Union City | U83: Hayward and San Leandro | V83: Oakland and Alameda | W83: Berkeley and Albany | X83: Richmond and El Cerrito | Y83: Concord and Martinez | Z83: Walnut Creek | AA83: Danville and San Ramon | AB83: Antioch and Pittsburg | AC83: Vallejo and Benicia | AD83: Fairfield and Vacaville | AE83: Napa | AF83: St Helena | AG83: Petaluma and Rohnert Park | AH83: Santa Rosa and Sebastopol | AI83: Healdsburg and Cloverdale | AJ83: Novato | AK83: San Rafael | AL83: Mill Valley and Sausalito | AM83: Total
C84: Origin District | D84: Greater Downtown San Francisco | E84: =E44-E4 -> 0 | F84: =F44-F4 -> 0 | G84: =G44-G4 -> 0 | H84: =H44-H4 -> 0 | I84: =I44-I4 -> 0 | J84: =J44-J4 -> 0 | K84: =K44-K4 -> 0 | L84: =L44-L4 -> 0 | ... AM84: =AM44-AM4 -> 0
D85: San Francisco Richmond District | E85: =E45-E5 -> 0 | F85: =F45-F5 -> 0 | G85: =G45-G5 -> 0 | H85: =H45-H5 -> 0 | I85: =I45-I5 -> 0 | J85: =J45-J5 -> 0 | K85: =K45-K5 -> 0 | L85: =L45-L5 -> 0 | ... AM85: =AM45-AM5 -> 0
D86: San Francisco Mission District | E86: =E46-E6 -> 0 | F86: =F46-F6 -> 0 | G86: =G46-G6 -> 0 | H86: =H46-H6 -> 0 | I86: =I46-I6 -> 0 | J86: =J46-J6 -> 0 | K86: =K46-K6 -> 0 | L86: =L46-L6 -> 0 | ... AM86: =AM46-AM6 -> 0
D87: San Francisco Sunset District | E87: =E47-E7 -> 0 | F87: =F47-F7 -> 0 | G87: =G47-G7 -> 0 | H87: =H47-H7 -> 0 | I87: =I47-I7 -> 0 | J87: =J47-J7 -> 0 | K87: =K47-K7 -> 0 | L87: =L47-L7 -> 0 | ... AM87: =AM47-AM7 -> 0
D88: Daly City and San Bruno | E88: =E48-E8 -> 0 | F88: =F48-F8 -> 0 | G88: =G48-G8 -> 0 | H88: =H48-H8 -> 0 | I88: =I48-I8 -> 0 | J88: =J48-J8 -> 0 | K88: =K48-K8 -> 0 | L88: =L48-L8 -> 0 | ... AM88: =AM48-AM8 -> 0
D89: San Mateo and Burlingame | E89: =E49-E9 -> 0 | F89: =F49-F9 -> 0 | G89: =G49-G9 -> 0 | H89: =H49-H9 -> 0 | I89: =I49-I9 -> 0 | J89: =J49-J9 -> 0 | K89: =K49-K9 -> 0 | L89: =L49-L9 -> 0 | ... AM89: =AM49-AM9 -> 0
D90: Redwood City and Menlo Park | E90: =E50-E10 -> 0 | F90: =F50-F10 -> 0 | G90: =G50-G10 -> 0 | H90: =H50-H10 -> 0 | I90: =I50-I10 -> 0 | J90: =J50-J10 -> 0 | K90: =K50-K10 -> 0 | L90: =L50-L10 -> 0 | ... AM90: =AM50-AM10 -> 0
D91: Palo Alto and Los Altos | E91: =E51-E11 -> 0 | F91: =F51-F11 -> 0 | G91: =G51-G11 -> 0 | H91: =H51-H11 -> 0 | I91: =I51-I11 -> 0 | J91: =J51-J11 -> 0 | K91: =K51-K11 -> 0 | L91: =L51-L11 -> 0 | ... AM91: =AM51-AM11 -> 0
D92: Sunnyvale and Mountain View | E92: =E52-E12 -> 0 | F92: =F52-F12 -> 0 | G92: =G52-G12 -> 0 | H92: =H52-H12 -> 0 | I92: =I52-I12 -> 0 | J92: =J52-J12 -> 0 | K92: =K52-K12 -> 0 | L92: =L52-L12 -> 0 | ... AM92: =AM52-AM12 -> 0
D93: Cupertino and Saratoga | E93: =E53-E13 -> 0 | F93: =F53-F13 -> 0 | G93: =G53-G13 -> 0 | H93: =H53-H13 -> 0 | I93: =I53-I13 -> 0 | J93: =J53-J13 -> 0 | K93: =K53-K13 -> 0 | L93: =L53-L13 -> 0 | ... AM93: =AM53-AM13 -> 0
D94: Central San Jose | E94: =E54-E14 -> 0 | F94: =F54-F14 -> 0 | G94: =G54-G14 -> 0 | H94: =H54-H14 -> 0 | I94: =I54-I14 -> 0 | J94: =J54-J14 -> 0 | K94: =K54-K14 -> 0 | L94: =L54-L14 -> 0 | ... AM94: =AM54-AM14 -> 0
D95: Milpitas and East San Jose | E95: =E55-E15 -> 0 | F95: =F55-F15 -> 0 | G95: =G55-G15 -> 0 | H95: =H55-H15 -> 0 | I95: =I55-I15 -> 0 | J95: =J55-J15 -> 0 | K95: =K55-K15 -> 0 | L95: =L55-L15 -> 0 | ... AM95: =AM55-AM15 -> 0
D96: South San Jose | E96: =E56-E16 -> 0 | F96: =F56-F16 -> 0 | G96: =G56-G16 -> 0 | H96: =H56-H16 -> 0 | I96: =I56-I16 -> 0 | J96: =J56-J16 -> 0 | K96: =K56-K16 -> 0 | L96: =L56-L16 -> 0 | ... AM96: =AM56-AM16 -> 0
... D118: Total | E118: =E78-E38 -> 0 | F118: =F78-F38 -> 0 | G118: =G78-G38 -> 0 | H118: =H78-H38 -> 0 | I118: =I78-I38 -> 0 | J118: =J78-J38 -> 0 | K118: =K78-K38 -> 0 | L118: =L78-L38 -> 0 | ... AM118: =AM78-AM38 -> 0
D121: Model minus Onboard Survey Counts (percentage)
E122: Destination District
E123: Greater Downtown San Francisco | F123: San Francisco Richmond District | G123: San Francisco Mission District | H123: San Francisco Sunset District | I123: Daly City and San Bruno | J123: San Mateo and Burlingame | K123: Redwood City and Menlo Park | L123: Palo Alto and Los Altos | M123: Sunnyvale and Mountain View | N123: Cupertino and Saratoga | O123: Central San Jose | P123: Milpitas and East San Jose | Q123: South San Jose | R123: Gilroy and Morgan Hill | S123: Livermore and Pleasanton | T123: Fremont and Union City | U123: Hayward and San Leandro | V123: Oakland and Alameda | W123: Berkeley and Albany | X123: Richmond and El Cerrito | Y123: Concord and Martinez | Z123: Walnut Creek | AA123: Danville and San Ramon | AB123: Antioch and Pittsburg | AC123: Vallejo and Benicia | AD123: Fairfield and Vacaville | AE123: Napa | AF123: St Helena | AG123: Petaluma and Rohnert Park | AH123: Santa Rosa and Sebastopol | AI123: Healdsburg and Cloverdale | AJ123: Novato | AK123: San Rafael | AL123: Mill Valley and Sausalito | AM123: Total
C124: Origin District | D124: Greater Downtown San Francisco | E124: =IF(ABS(E4)>100,E84/E4,0) -> 0 | F124: =IF(ABS(F4)>100,F84/F4,0) -> 0 | G124: =IF(ABS(G4)>100,G84/G4,0) -> 0 | H124: =IF(ABS(H4)>100,H84/H4,0) -> 0 | I124: =IF(ABS(I4)>100,I84/I4,0) -> 0 | J124: =IF(ABS(J4)>100,J84/J4,0) -> 0 | K124: =IF(ABS(K4)>100,K84/K4,0) -> 0 | L124: =IF(ABS(L4)>100,L84/L4,0) -> 0 | ... AM124: =IF(ABS(AM4)>100,AM84/AM4,0) -> 0
D125: San Francisco Richmond District | E125: =IF(ABS(E5)>100,E85/E5,0) -> 0 | F125: =IF(ABS(F5)>100,F85/F5,0) -> 0 | G125: =IF(ABS(G5)>100,G85/G5,0) -> 0 | H125: =IF(ABS(H5)>100,H85/H5,0) -> 0 | I125: =IF(ABS(I5)>100,I85/I5,0) -> 0 | J125: =IF(ABS(J5)>100,J85/J5,0) -> 0 | K125: =IF(ABS(K5)>100,K85/K5,0) -> 0 | L125: =IF(ABS(L5)>100,L85/L5,0) -> 0 | ... AM125: =IF(ABS(AM5)>100,AM85/AM5,0) -> 0
D126: San Francisco Mission District | E126: =IF(ABS(E6)>100,E86/E6,0) -> 0 | F126: =IF(ABS(F6)>100,F86/F6,0) -> 0 | G126: =IF(ABS(G6)>100,G86/G6,0) -> 0 | H126: =IF(ABS(H6)>100,H86/H6,0) -> 0 | I126: =IF(ABS(I6)>100,I86/I6,0) -> 0 | J126: =IF(ABS(J6)>100,J86/J6,0) -> 0 | K126: =IF(ABS(K6)>100,K86/K6,0) -> 0 | L126: =IF(ABS(L6)>100,L86/L6,0) -> 0 | ... AM126: =IF(ABS(AM6)>100,AM86/AM6,0) -> 0
D127: San Francisco Sunset District | E127: =IF(ABS(E7)>100,E87/E7,0) -> 0 | F127: =IF(ABS(F7)>100,F87/F7,0) -> 0 | G127: =IF(ABS(G7)>100,G87/G7,0) -> 0 | H127: =IF(ABS(H7)>100,H87/H7,0) -> 0 | I127: =IF(ABS(I7)>100,I87/I7,0) -> 0 | J127: =IF(ABS(J7)>100,J87/J7,0) -> 0 | K127: =IF(ABS(K7)>100,K87/K7,0) -> 0 | L127: =IF(ABS(L7)>100,L87/L7,0) -> 0 | ... AM127: =IF(ABS(AM7)>100,AM87/AM7,0) -> 0
D128: Daly City and San Bruno | E128: =IF(ABS(E8)>100,E88/E8,0) -> 0 | F128: =IF(ABS(F8)>100,F88/F8,0) -> 0 | G128: =IF(ABS(G8)>100,G88/G8,0) -> 0 | H128: =IF(ABS(H8)>100,H88/H8,0) -> 0 | I128: =IF(ABS(I8)>100,I88/I8,0) -> 0 | J128: =IF(ABS(J8)>100,J88/J8,0) -> 0 | K128: =IF(ABS(K8)>100,K88/K8,0) -> 0 | L128: =IF(ABS(L8)>100,L88/L8,0) -> 0 | ... AM128: =IF(ABS(AM8)>100,AM88/AM8,0) -> 0
D129: San Mateo and Burlingame | E129: =IF(ABS(E9)>100,E89/E9,0) -> 0 | F129: =IF(ABS(F9)>100,F89/F9,0) -> 0 | G129: =IF(ABS(G9)>100,G89/G9,0) -> 0 | H129: =IF(ABS(H9)>100,H89/H9,0) -> 0 | I129: =IF(ABS(I9)>100,I89/I9,0) -> 0 | J129: =IF(ABS(J9)>100,J89/J9,0) -> 0 | K129: =IF(ABS(K9)>100,K89/K9,0) -> 0 | L129: =IF(ABS(L9)>100,L89/L9,0) -> 0 | ... AM129: =IF(ABS(AM9)>100,AM89/AM9,0) -> 0
D130: Redwood City and Menlo Park | E130: =IF(ABS(E10)>100,E90/E10,0) -> 0 | F130: =IF(ABS(F10)>100,F90/F10,0) -> 0 | G130: =IF(ABS(G10)>100,G90/G10,0) -> 0 | H130: =IF(ABS(H10)>100,H90/H10,0) -> 0 | I130: =IF(ABS(I10)>100,I90/I10,0) -> 0 | J130: =IF(ABS(J10)>100,J90/J10,0) -> 0 | K130: =IF(ABS(K10)>100,K90/K10,0) -> 0 | L130: =IF(ABS(L10)>100,L90/L10,0) -> 0 | ... AM130: =IF(ABS(AM10)>100,AM90/AM10,0) -> 0
D131: Palo Alto and Los Altos | E131: =IF(ABS(E11)>100,E91/E11,0) -> 0 | F131: =IF(ABS(F11)>100,F91/F11,0) -> 0 | G131: =IF(ABS(G11)>100,G91/G11,0) -> 0 | H131: =IF(ABS(H11)>100,H91/H11,0) -> 0 | I131: =IF(ABS(I11)>100,I91/I11,0) -> 0 | J131: =IF(ABS(J11)>100,J91/J11,0) -> 0 | K131: =IF(ABS(K11)>100,K91/K11,0) -> 0 | L131: =IF(ABS(L11)>100,L91/L11,0) -> 0 | ... AM131: =IF(ABS(AM11)>100,AM91/AM11,0) -> 0
D132: Sunnyvale and Mountain View | E132: =IF(ABS(E12)>100,E92/E12,0) -> 0 | F132: =IF(ABS(F12)>100,F92/F12,0) -> 0 | G132: =IF(ABS(G12)>100,G92/G12,0) -> 0 | H132: =IF(ABS(H12)>100,H92/H12,0) -> 0 | I132: =IF(ABS(I12)>100,I92/I12,0) -> 0 | J132: =IF(ABS(J12)>100,J92/J12,0) -> 0 | K132: =IF(ABS(K12)>100,K92/K12,0) -> 0 | L132: =IF(ABS(L12)>100,L92/L12,0) -> 0 | ... AM132: =IF(ABS(AM12)>100,AM92/AM12,0) -> 0
D133: Cupertino and Saratoga | E133: =IF(ABS(E13)>100,E93/E13,0) -> 0 | F133: =IF(ABS(F13)>100,F93/F13,0) -> 0 | G133: =IF(ABS(G13)>100,G93/G13,0) -> 0 | H133: =IF(ABS(H13)>100,H93/H13,0) -> 0 | I133: =IF(ABS(I13)>100,I93/I13,0) -> 0 | J133: =IF(ABS(J13)>100,J93/J13,0) -> 0 | K133: =IF(ABS(K13)>100,K93/K13,0) -> 0 | L133: =IF(ABS(L13)>100,L93/L13,0) -> 0 | ... AM133: =IF(ABS(AM13)>100,AM93/AM13,0) -> 0
D134: Central San Jose | E134: =IF(ABS(E14)>100,E94/E14,0) -> 0 | F134: =IF(ABS(F14)>100,F94/F14,0) -> 0 | G134: =IF(ABS(G14)>100,G94/G14,0) -> 0 | H134: =IF(ABS(H14)>100,H94/H14,0) -> 0 | I134: =IF(ABS(I14)>100,I94/I14,0) -> 0 | J134: =IF(ABS(J14)>100,J94/J14,0) -> 0 | K134: =IF(ABS(K14)>100,K94/K14,0) -> 0 | L134: =IF(ABS(L14)>100,L94/L14,0) -> 0 | ... AM134: =IF(ABS(AM14)>100,AM94/AM14,0) -> 0
D135: Milpitas and East San Jose | E135: =IF(ABS(E15)>100,E95/E15,0) -> 0 | F135: =IF(ABS(F15)>100,F95/F15,0) -> 0 | G135: =IF(ABS(G15)>100,G95/G15,0) -> 0 | H135: =IF(ABS(H15)>100,H95/H15,0) -> 0 | I135: =IF(ABS(I15)>100,I95/I15,0) -> 0 | J135: =IF(ABS(J15)>100,J95/J15,0) -> 0 | K135: =IF(ABS(K15)>100,K95/K15,0) -> 0 | L135: =IF(ABS(L15)>100,L95/L15,0) -> 0 | ... AM135: =IF(ABS(AM15)>100,AM95/AM15,0) -> 0
D136: South San Jose | E136: =IF(ABS(E16)>100,E96/E16,0) -> 0 | F136: =IF(ABS(F16)>100,F96/F16,0) -> 0 | G136: =IF(ABS(G16)>100,G96/G16,0) -> 0 | H136: =IF(ABS(H16)>100,H96/H16,0) -> 0 | I136: =IF(ABS(I16)>100,I96/I16,0) -> 0 | J136: =IF(ABS(J16)>100,J96/J16,0) -> 0 | K136: =IF(ABS(K16)>100,K96/K16,0) -> 0 | L136: =IF(ABS(L16)>100,L96/L16,0) -> 0 | ... AM136: =IF(ABS(AM16)>100,AM96/AM16,0) -> 0
... D158: Total | E158: =IF(ABS(E38)>100,E118/E38,0) -> 0 | F158: =IF(ABS(F38)>100,F118/F38,0) -> 0 | G158: =IF(ABS(G38)>100,G118/G38,0) -> 0 | H158: =IF(ABS(H38)>100,H118/H38,0) -> 0 | I158: =IF(ABS(I38)>100,I118/I38,0) -> 0 | J158: =IF(ABS(J38)>100,J118/J38,0) -> 0 | K158: =IF(ABS(K38)>100,K118/K38,0) -> 0 | L158: =IF(ABS(L38)>100,L118/L38,0) -> 0 | ... AM158: =IF(ABS(AM38)>100,AM118/AM38,0) -> 0

Sheet Transfers
A1: All Access Modes
A2: Onboard Survey Linked Trips | K2: Model Trip Counts
B3: Local Bus | C3: Ferry | D3: Light Rail | E3: Express Bus | F3: Heavy Rail | G3: Commuter Rail | H3: Total | L3: Local Bus | M3: Ferry | N3: Light Rail | O3: Express Bus | P3: Heavy Rail | Q3: Commuter Rail | R3: Total
A4: 1 board | B4: =OBS_Transfers!J6 -> 0 | C4: =OBS_Transfers!J20 -> 0 | D4: =OBS_Transfers!J27 -> 0 | E4: =OBS_Transfers!J13 -> 0 | F4: =OBS_Transfers!J34 -> 0 | G4: =OBS_Transfers!J41 -> 0 | H4: =SUM(B4:G4) -> 0 | J4: 1 | K4: 1 board | L4: =SUMIF(modeldata!$U:$U,Transfers!$J4,modeldata!V:V) -> 3 | M4: =SUMIF(modeldata!$U:$U,Transfers!$J4,modeldata!W:W) -> 3 | N4: =SUMIF(modeldata!$U:$U,Transfers!$J4,modeldata!X:X) -> 3 | O4: =SUMIF(modeldata!$U:$U,Transfers!$J4,modeldata!Y:Y) -> 3 | P4: =SUMIF(modeldata!$U:$U,Transfers!$J4,modeldata!Z:Z) -> 3 | Q4: =SUMIF(modeldata!$U:$U,Transfers!$J4,modeldata!AA:AA) -> 3 | R4: =SUM(L4:Q4) -> 18
A5: 2 boards | B5: =OBS_Transfers!J7 -> 0 | C5: =OBS_Transfers!J21 -> 0 | D5: =OBS_Transfers!J28 -> 0 | E5: =OBS_Transfers!J14 -> 0 | F5: =OBS_Transfers!J35 -> 0 | G5: =OBS_Transfers!J42 -> 0 | H5: =SUM(B5:G5) -> 0 | J5: 2 | K5: 2 boards | L5: =SUMIF(modeldata!$U:$U,Transfers!$J5,modeldata!V:V) -> 3 | M5: =SUMIF(modeldata!$U:$U,Transfers!$J5,modeldata!W:W) -> 3 | N5: =SUMIF(modeldata!$U:$U,Transfers!$J5,modeldata!X:X) -> 3 | O5: =SUMIF(modeldata!$U:$U,Transfers!$J5,modeldata!Y:Y) -> 3 | P5: =SUMIF(modeldata!$U:$U,Transfers!$J5,modeldata!Z:Z) -> 3 | Q5: =SUMIF(modeldata!$U:$U,Transfers!$J5,modeldata!AA:AA) -> 3 | R5: =SUM(L5:Q5) -> 18
A6: 3 boards | B6: =OBS_Transfers!J8 -> 0 | C6: =OBS_Transfers!J22 -> 0 | D6: =OBS_Transfers!J29 -> 0 | E6: =OBS_Transfers!J15 -> 0 | F6: =OBS_Transfers!J36 -> 0 | G6: =OBS_Transfers!J43 -> 0 | H6: =SUM(B6:G6) -> 0 | J6: 3 | K6: 3 boards | L6: =SUMIF(modeldata!$U:$U,Transfers!$J6,modeldata!V:V) -> 3 | M6: =SUMIF(modeldata!$U:$U,Transfers!$J6,modeldata!W:W) -> 3 | N6: =SUMIF(modeldata!$U:$U,Transfers!$J6,modeldata!X:X) -> 3 | O6: =SUMIF(modeldata!$U:$U,Transfers!$J6,modeldata!Y:Y) -> 3 | P6: =SUMIF(modeldata!$U:$U,Transfers!$J6,modeldata!Z:Z) -> 3 | Q6: =SUMIF(modeldata!$U:$U,Transfers!$J6,modeldata!AA:AA) -> 3 | R6: =SUM(L6:Q6) -> 18
A7: 4 boards | B7: =OBS_Transfers!J9 -> 0 | C7: =OBS_Transfers!J23 -> 0 | D7: =OBS_Transfers!J30 -> 0 | E7: =OBS_Transfers!J16 -> 0 | F7: =OBS_Transfers!J37 -> 0 | G7: =OBS_Transfers!J44 -> 0 | H7: =SUM(B7:G7) -> 0 | J7: 4 | K7: 4 boards | L7: =SUMIF(modeldata!$U:$U,Transfers!$J7,modeldata!V:V) -> 3 | M7: =SUMIF(modeldata!$U:$U,Transfers!$J7,modeldata!W:W) -> 3 | N7: =SUMIF(modeldata!$U:$U,Transfers!$J7,modeldata!X:X) -> 3 | O7: =SUMIF(modeldata!$U:$U,Transfers!$J7,modeldata!Y:Y) -> 3 | P7: =SUMIF(modeldata!$U:$U,Transfers!$J7,modeldata!Z:Z) -> 3 | Q7: =SUMIF(modeldata!$U:$U,Transfers!$J7,modeldata!AA:AA) -> 3 | R7: =SUM(L7:Q7) -> 18
A8: 5 boards | B8: =OBS_Transfers!J10 -> 0 | C8: =OBS_Transfers!J24 -> 0 | D8: =OBS_Transfers!J31 -> 0 | E8: =OBS_Transfers!J17 -> 0 | F8: =OBS_Transfers!J38 -> 0 | G8: =OBS_Transfers!J45 -> 0 | H8: =SUM(B8:G8) -> 0 | J8: 5 | K8: 5 boards | L8: =SUMIF(modeldata!$U:$U,Transfers!$J8,modeldata!V:V) -> 3 | M8: =SUMIF(modeldata!$U:$U,Transfers!$J8,modeldata!W:W) -> 3 | N8: =SUMIF(modeldata!$U:$U,Transfers!$J8,modeldata!X:X) -> 3 | O8: =SUMIF(modeldata!$U:$U,Transfers!$J8,modeldata!Y:Y) -> 3 | P8: =SUMIF(modeldata!$U:$U,Transfers!$J8,modeldata!Z:Z) -> 3 | Q8: =SUMIF(modeldata!$U:$U,Transfers!$J8,modeldata!AA:AA) -> 3 | R8: =SUM(L8:Q8) -> 18
A9: 6 boards | B9: =OBS_Transfers!J11 -> 0 | C9: =OBS_Transfers!J25 -> 0 | D9: =OBS_Transfers!J32 -> 0 | E9: =OBS_Transfers!J18 -> 0 | F9: =OBS_Transfers!J39 -> 0 | G9: =OBS_Transfers!J46 -> 0 | H9: =SUM(B9:G9) -> 0 | J9: 6 | K9: 6 boards | L9: =SUMIF(modeldata!$U:$U,Transfers!$J9,modeldata!V:V) -> 3 | M9: =SUMIF(modeldata!$U:$U,Transfers!$J9,modeldata!W:W) -> 3 | N9: =SUMIF(modeldata!$U:$U,Transfers!$J9,modeldata!X:X) -> 3 | O9: =SUMIF(modeldata!$U:$U,Transfers!$J9,modeldata!Y:Y) -> 3 | P9: =SUMIF(modeldata!$U:$U,Transfers!$J9,modeldata!Z:Z) -> 3 | Q9: =SUMIF(modeldata!$U:$U,Transfers!$J9,modeldata!AA:AA) -> 3 | R9: =SUM(L9:Q9) -> 18
A10: Total | B10: =SUM(B4:B9) -> 0 | C10: =SUM(C4:C9) -> 0 | D10: =SUM(D4:D9) -> 0 | E10: =SUM(E4:E9) -> 0 | F10: =SUM(F4:F9) -> 0 | G10: =SUM(G4:G9) -> 0 | H10: =SUM(H4:H9) -> 0 | K10: Total | L10: =SUM(L4:L9) -> 18 | M10: =SUM(M4:M9) -> 18 | N10: =SUM(N4:N9) -> 18 | O10: =SUM(O4:O9) -> 18 | P10: =SUM(P4:P9) -> 18 | Q10: =SUM(Q4:Q9) -> 18 | R10: =SUM(R4:R9) -> 108
B12: Local Bus | C12: Ferry | D12: Light Rail | E12: Express Bus | F12: Heavy Rail | G12: Commuter Rail | H12: Total | L12: Local Bus | M12: Ferry | N12: Light Rail | O12: Express Bus | P12: Heavy Rail | Q12: Commuter Rail | R12: Total
A13: 1 board | B13: =B4/B$10 -> #DIV/0! | C13: =C4/C$10 -> #DIV/0! | D13: =D4/D$10 -> #DIV/0! | E13: =E4/E$10 -> #DIV/0! | F13: =F4/F$10 -> #DIV/0! | G13: =G4/G$10 -> #DIV/0! | H13: =H4/H$10 -> #DIV/0! | K13: 1 board | L13: =L4/L$10 -> 0.16666667 | M13: =M4/M$10 -> 0.16666667 | N13: =N4/N$10 -> 0.16666667 | O13: =O4/O$10 -> 0.16666667 | P13: =P4/P$10 -> 0.16666667 | Q13: =Q4/Q$10 -> 0.16666667 | R13: =R4/R$10 -> 0.16666667
A14: 2 boards | B14: =B5/B$10 -> #DIV/0! | C14: =C5/C$10 -> #DIV/0! | D14: =D5/D$10 -> #DIV/0! | E14: =E5/E$10 -> #DIV/0! | F14: =F5/F$10 -> #DIV/0! | G14: =G5/G$10 -> #DIV/0! | H14: =H5/H$10 -> #DIV/0! | K14: 2 boards | L14: =L5/L$10 -> 0.16666667 | M14: =M5/M$10 -> 0.16666667 | N14: =N5/N$10 -> 0.16666667 | O14: =O5/O$10 -> 0.16666667 | P14: =P5/P$10 -> 0.16666667 | Q14: =Q5/Q$10 -> 0.16666667 | R14: =R5/R$10 -> 0.16666667
A15: 3 boards | B15: =B6/B$10 -> #DIV/0! | C15: =C6/C$10 -> #DIV/0! | D15: =D6/D$10 -> #DIV/0! | E15: =E6/E$10 -> #DIV/0! | F15: =F6/F$10 -> #DIV/0! | G15: =G6/G$10 -> #DIV/0! | H15: =H6/H$10 -> #DIV/0! | K15: 3 boards | L15: =L6/L$10 -> 0.16666667 | M15: =M6/M$10 -> 0.16666667 | N15: =N6/N$10 -> 0.16666667 | O15: =O6/O$10 -> 0.16666667 | P15: =P6/P$10 -> 0.16666667 | Q15: =Q6/Q$10 -> 0.16666667 | R15: =R6/R$10 -> 0.16666667
A16: 4 boards | B16: =B7/B$10 -> #DIV/0! | C16: =C7/C$10 -> #DIV/0! | D16: =D7/D$10 -> #DIV/0! | E16: =E7/E$10 -> #DIV/0! | F16: =F7/F$10 -> #DIV/0! | G16: =G7/G$10 -> #DIV/0! | H16: =H7/H$10 -> #DIV/0! | K16: 4 boards | L16: =L7/L$10 -> 0.16666667 | M16: =M7/M$10 -> 0.16666667 | N16: =N7/N$10 -> 0.16666667 | O16: =O7/O$10 -> 0.16666667 | P16: =P7/P$10 -> 0.16666667 | Q16: =Q7/Q$10 -> 0.16666667 | R16: =R7/R$10 -> 0.16666667
A17: 5 boards | B17: =B8/B$10 -> #DIV/0! | C17: =C8/C$10 -> #DIV/0! | D17: =D8/D$10 -> #DIV/0! | E17: =E8/E$10 -> #DIV/0! | F17: =F8/F$10 -> #DIV/0! | G17: =G8/G$10 -> #DIV/0! | H17: =H8/H$10 -> #DIV/0! | K17: 5 boards | L17: =L8/L$10 -> 0.16666667 | M17: =M8/M$10 -> 0.16666667 | N17: =N8/N$10 -> 0.16666667 | O17: =O8/O$10 -> 0.16666667 | P17: =P8/P$10 -> 0.16666667 | Q17: =Q8/Q$10 -> 0.16666667 | R17: =R8/R$10 -> 0.16666667
A18: 6 boards | B18: =B9/B$10 -> #DIV/0! | C18: =C9/C$10 -> #DIV/0! | D18: =D9/D$10 -> #DIV/0! | E18: =E9/E$10 -> #DIV/0! | F18: =F9/F$10 -> #DIV/0! | G18: =G9/G$10 -> #DIV/0! | H18: =H9/H$10 -> #DIV/0! | K18: 6 boards | L18: =L9/L$10 -> 0.16666667 | M18: =M9/M$10 -> 0.16666667 | N18: =N9/N$10 -> 0.16666667 | O18: =O9/O$10 -> 0.16666667 | P18: =P9/P$10 -> 0.16666667 | Q18: =Q9/Q$10 -> 0.16666667 | R18: =R9/R$10 -> 0.16666667
A19: Total | B19: =B10/B$10 -> #DIV/0! | C19: =C10/C$10 -> #DIV/0! | D19: =D10/D$10 -> #DIV/0! | E19: =E10/E$10 -> #DIV/0! | F19: =F10/F$10 -> #DIV/0! | G19: =G10/G$10 -> #DIV/0! | H19: =H10/H$10 -> #DIV/0! | K19: Total | L19: =L10/L$10 -> 1 | M19: =M10/M$10 -> 1 | N19: =N10/N$10 -> 1 | O19: =O10/O$10 -> 1 | P19: =P10/P$10 -> 1 | Q19: =Q10/Q$10 -> 1 | R19: =R10/R$10 -> 1
A37: Walk Access and Egress
A38: Onboard Survey Linked Trips | K38: Model Trip Counts
B39: Local Bus | C39: Ferry | D39: Light Rail | E39: Express Bus | F39: Heavy Rail | G39: Commuter Rail | H39: Total | L39: Local Bus | M39: Ferry | N39: Light Rail | O39: Express Bus | P39: Heavy Rail | Q39: Commuter Rail | R39: Total
A40: 1 board | B40: =OBS_Transfers!D6 -> 0 | C40: =OBS_Transfers!D20 -> 0 | D40: =OBS_Transfers!D27 -> 0 | E40: =OBS_Transfers!D13 -> 0 | F40: =OBS_Transfers!D34 -> 0 | G40: =OBS_Transfers!D41 -> 0 | H40: =SUM(B40:G40) -> 0 | J40: wlk-1 | K40: 1 board | L40: =SUMIF(modeldata!$AB:$AB,Transfers!$J40,modeldata!V:V) -> 1 | M40: =SUMIF(modeldata!$AB:$AB,Transfers!$J40,modeldata!W:W) -> 1 | N40: =SUMIF(modeldata!$AB:$AB,Transfers!$J40,modeldata!X:X) -> 1 | O40: =SUMIF(modeldata!$AB:$AB,Transfers!$J40,modeldata!Y:Y) -> 1 | P40: =SUMIF(modeldata!$AB:$AB,Transfers!$J40,modeldata!Z:Z) -> 1 | Q40: =SUMIF(modeldata!$AB:$AB,Transfers!$J40,modeldata!AA:AA) -> 1 | R40: =SUM(L40:Q40) -> 6
A41: 2 boards | B41: =OBS_Transfers!D7 -> 0 | C41: =OBS_Transfers!D21 -> 0 | D41: =OBS_Transfers!D28 -> 0 | E41: =OBS_Transfers!D14 -> 0 | F41: =OBS_Transfers!D35 -> 0 | G41: =OBS_Transfers!D42 -> 0 | H41: =SUM(B41:G41) -> 0 | J41: wlk-2 | K41: 2 boards | L41: =SUMIF(modeldata!$AB:$AB,Transfers!$J41,modeldata!V:V) -> 1 | M41: =SUMIF(modeldata!$AB:$AB,Transfers!$J41,modeldata!W:W) -> 1 | N41: =SUMIF(modeldata!$AB:$AB,Transfers!$J41,modeldata!X:X) -> 1 | O41: =SUMIF(modeldata!$AB:$AB,Transfers!$J41,modeldata!Y:Y) -> 1 | P41: =SUMIF(modeldata!$AB:$AB,Transfers!$J41,modeldata!Z:Z) -> 1 | Q41: =SUMIF(modeldata!$AB:$AB,Transfers!$J41,modeldata!AA:AA) -> 1 | R41: =SUM(L41:Q41) -> 6
A42: 3 boards | B42: =OBS_Transfers!D8 -> 0 | C42: =OBS_Transfers!D22 -> 0 | D42: =OBS_Transfers!D29 -> 0 | E42: =OBS_Transfers!D15 -> 0 | F42: =OBS_Transfers!D36 -> 0 | G42: =OBS_Transfers!D43 -> 0 | H42: =SUM(B42:G42) -> 0 | J42: wlk-3 | K42: 3 boards | L42: =SUMIF(modeldata!$AB:$AB,Transfers!$J42,modeldata!V:V) -> 1 | M42: =SUMIF(modeldata!$AB:$AB,Transfers!$J42,modeldata!W:W) -> 1 | N42: =SUMIF(modeldata!$AB:$AB,Transfers!$J42,modeldata!X:X) -> 1 | O42: =SUMIF(modeldata!$AB:$AB,Transfers!$J42,modeldata!Y:Y) -> 1 | P42: =SUMIF(modeldata!$AB:$AB,Transfers!$J42,modeldata!Z:Z) -> 1 | Q42: =SUMIF(modeldata!$AB:$AB,Transfers!$J42,modeldata!AA:AA) -> 1 | R42: =SUM(L42:Q42) -> 6
A43: 4 boards | B43: =OBS_Transfers!D9 -> 0 | C43: =OBS_Transfers!D23 -> 0 | D43: =OBS_Transfers!D30 -> 0 | E43: =OBS_Transfers!D16 -> 0 | F43: =OBS_Transfers!D37 -> 0 | G43: =OBS_Transfers!D44 -> 0 | H43: =SUM(B43:G43) -> 0 | J43: wlk-4 | K43: 4 boards | L43: =SUMIF(modeldata!$AB:$AB,Transfers!$J43,modeldata!V:V) -> 1 | M43: =SUMIF(modeldata!$AB:$AB,Transfers!$J43,modeldata!W:W) -> 1 | N43: =SUMIF(modeldata!$AB:$AB,Transfers!$J43,modeldata!X:X) -> 1 | O43: =SUMIF(modeldata!$AB:$AB,Transfers!$J43,modeldata!Y:Y) -> 1 | P43: =SUMIF(modeldata!$AB:$AB,Transfers!$J43,modeldata!Z:Z) -> 1 | Q43: =SUMIF(modeldata!$AB:$AB,Transfers!$J43,modeldata!AA:AA) -> 1 | R43: =SUM(L43:Q43) -> 6
A44: 5 boards | B44: =OBS_Transfers!D10 -> 0 | C44: =OBS_Transfers!D24 -> 0 | D44: =OBS_Transfers!D31 -> 0 | E44: =OBS_Transfers!D17 -> 0 | F44: =OBS_Transfers!D38 -> 0 | G44: =OBS_Transfers!D45 -> 0 | H44: =SUM(B44:G44) -> 0 | J44: wlk-5 | K44: 5 boards | L44: =SUMIF(modeldata!$AB:$AB,Transfers!$J44,modeldata!V:V) -> 1 | M44: =SUMIF(modeldata!$AB:$AB,Transfers!$J44,modeldata!W:W) -> 1 | N44: =SUMIF(modeldata!$AB:$AB,Transfers!$J44,modeldata!X:X) -> 1 | O44: =SUMIF(modeldata!$AB:$AB,Transfers!$J44,modeldata!Y:Y) -> 1 | P44: =SUMIF(modeldata!$AB:$AB,Transfers!$J44,modeldata!Z:Z) -> 1 | Q44: =SUMIF(modeldata!$AB:$AB,Transfers!$J44,modeldata!AA:AA) -> 1 | R44: =SUM(L44:Q44) -> 6
A45: 6 boards | B45: =OBS_Transfers!D11 -> 0 | C45: =OBS_Transfers!D25 -> 0 | D45: =OBS_Transfers!D32 -> 0 | E45: =OBS_Transfers!D18 -> 0 | F45: =OBS_Transfers!D39 -> 0 | G45: =OBS_Transfers!D46 -> 0 | H45: =SUM(B45:G45) -> 0 | J45: wlk-6 | K45: 6 boards | L45: =SUMIF(modeldata!$AB:$AB,Transfers!$J45,modeldata!V:V) -> 1 | M45: =SUMIF(modeldata!$AB:$AB,Transfers!$J45,modeldata!W:W) -> 1 | N45: =SUMIF(modeldata!$AB:$AB,Transfers!$J45,modeldata!X:X) -> 1 | O45: =SUMIF(modeldata!$AB:$AB,Transfers!$J45,modeldata!Y:Y) -> 1 | P45: =SUMIF(modeldata!$AB:$AB,Transfers!$J45,modeldata!Z:Z) -> 1 | Q45: =SUMIF(modeldata!$AB:$AB,Transfers!$J45,modeldata!AA:AA) -> 1 | R45: =SUM(L45:Q45) -> 6
A46: Total | B46: =SUM(B40:B45) -> 0 | C46: =SUM(C40:C45) -> 0 | D46: =SUM(D40:D45) -> 0 | E46: =SUM(E40:E45) -> 0 | F46: =SUM(F40:F45) -> 0 | G46: =SUM(G40:G45) -> 0 | H46: =SUM(H40:H45) -> 0 | K46: Total | L46: =SUM(L40:L45) -> 6 | M46: =SUM(M40:M45) -> 6 | N46: =SUM(N40:N45) -> 6 | O46: =SUM(O40:O45) -> 6 | P46: =SUM(P40:P45) -> 6 | Q46: =SUM(Q40:Q45) -> 6 | R46: =SUM(R40:R45) -> 36
B48: Local Bus | C48: Ferry | D48: Light Rail | E48: Express Bus | F48: Heavy Rail | G48: Commuter Rail | H48: Total | L48: Local Bus | M48: Ferry | N48: Light Rail | O48: Express Bus | P48: Heavy Rail | Q48: Commuter Rail | R48: Total
A49: 1 board | B49: =B40/B$46 -> #DIV/0! | C49: =C40/C$46 -> #DIV/0! | D49: =D40/D$46 -> #DIV/0! | E49: =E40/E$46 -> #DIV/0! | F49: =F40/F$46 -> #DIV/0! | G49: =G40/G$46 -> #DIV/0! | H49: =H40/H$46 -> #DIV/0! | K49: 1 board | L49: =L40/L$46 -> 0.16666667 | M49: =M40/M$46 -> 0.16666667 | N49: =N40/N$46 -> 0.16666667 | O49: =O40/O$46 -> 0.16666667 | P49: =P40/P$46 -> 0.16666667 | Q49: =Q40/Q$46 -> 0.16666667 | R49: =R40/R$46 -> 0.16666667
A50: 2 boards | B50: =B41/B$46 -> #DIV/0! | C50: =C41/C$46 -> #DIV/0! | D50: =D41/D$46 -> #DIV/0! | E50: =E41/E$46 -> #DIV/0! | F50: =F41/F$46 -> #DIV/0! | G50: =G41/G$46 -> #DIV/0! | H50: =H41/H$46 -> #DIV/0! | K50: 2 boards | L50: =L41/L$46 -> 0.16666667 | M50: =M41/M$46 -> 0.16666667 | N50: =N41/N$46 -> 0.16666667 | O50: =O41/O$46 -> 0.16666667 | P50: =P41/P$46 -> 0.16666667 | Q50: =Q41/Q$46 -> 0.16666667 | R50: =R41/R$46 -> 0.16666667
A51: 3 boards | B51: =B42/B$46 -> #DIV/0! | C51: =C42/C$46 -> #DIV/0! | D51: =D42/D$46 -> #DIV/0! | E51: =E42/E$46 -> #DIV/0! | F51: =F42/F$46 -> #DIV/0! | G51: =G42/G$46 -> #DIV/0! | H51: =H42/H$46 -> #DIV/0! | K51: 3 boards | L51: =L42/L$46 -> 0.16666667 | M51: =M42/M$46 -> 0.16666667 | N51: =N42/N$46 -> 0.16666667 | O51: =O42/O$46 -> 0.16666667 | P51: =P42/P$46 -> 0.16666667 | Q51: =Q42/Q$46 -> 0.16666667 | R51: =R42/R$46 -> 0.16666667
A52: 4 boards | B52: =B43/B$46 -> #DIV/0! | C52: =C43/C$46 -> #DIV/0! | D52: =D43/D$46 -> #DIV/0! | E52: =E43/E$46 -> #DIV/0! | F52: =F43/F$46 -> #DIV/0! | G52: =G43/G$46 -> #DIV/0! | H52: =H43/H$46 -> #DIV/0! | K52: 4 boards | L52: =L43/L$46 -> 0.16666667 | M52: =M43/M$46 -> 0.16666667 | N52: =N43/N$46 -> 0.16666667 | O52: =O43/O$46 -> 0.16666667 | P52: =P43/P$46 -> 0.16666667 | Q52: =Q43/Q$46 -> 0.16666667 | R52: =R43/R$46 -> 0.16666667
A53: 5 boards | B53: =B44/B$46 -> #DIV/0! | C53: =C44/C$46 -> #DIV/0! | D53: =D44/D$46 -> #DIV/0! | E53: =E44/E$46 -> #DIV/0! | F53: =F44/F$46 -> #DIV/0! | G53: =G44/G$46 -> #DIV/0! | H53: =H44/H$46 -> #DIV/0! | K53: 5 boards | L53: =L44/L$46 -> 0.16666667 | M53: =M44/M$46 -> 0.16666667 | N53: =N44/N$46 -> 0.16666667 | O53: =O44/O$46 -> 0.16666667 | P53: =P44/P$46 -> 0.16666667 | Q53: =Q44/Q$46 -> 0.16666667 | R53: =R44/R$46 -> 0.16666667
A54: 6 boards | B54: =B45/B$46 -> #DIV/0! | C54: =C45/C$46 -> #DIV/0! | D54: =D45/D$46 -> #DIV/0! | E54: =E45/E$46 -> #DIV/0! | F54: =F45/F$46 -> #DIV/0! | G54: =G45/G$46 -> #DIV/0! | H54: =H45/H$46 -> #DIV/0! | K54: 6 boards | L54: =L45/L$46 -> 0.16666667 | M54: =M45/M$46 -> 0.16666667 | N54: =N45/N$46 -> 0.16666667 | O54: =O45/O$46 -> 0.16666667 | P54: =P45/P$46 -> 0.16666667 | Q54: =Q45/Q$46 -> 0.16666667 | R54: =R45/R$46 -> 0.16666667
A55: Total | B55: =B46/B$46 -> #DIV/0! | C55: =C46/C$46 -> #DIV/0! | D55: =D46/D$46 -> #DIV/0! | E55: =E46/E$46 -> #DIV/0! | F55: =F46/F$46 -> #DIV/0! | G55: =G46/G$46 -> #DIV/0! | H55: =H46/H$46 -> #DIV/0! | K55: Total | L55: =L46/L$46 -> 1 | M55: =M46/M$46 -> 1 | N55: =N46/N$46 -> 1 | O55: =O46/O$46 -> 1 | P55: =P46/P$46 -> 1 | Q55: =Q46/Q$46 -> 1 | R55: =R46/R$46 -> 1
A72: Drive Access or Egress
A73: Onboard Survey Linked Trips | K73: Model Trip Counts
B74: Local Bus | C74: Ferry | D74: Light Rail | E74: Express Bus | F74: Heavy Rail | G74: Commuter Rail | H74: Total | L74: Local Bus | M74: Ferry | N74: Light Rail | O74: Express Bus | P74: Heavy Rail | Q74: Commuter Rail | R74: Total
A75: 1 board | B75: =OBS_Transfers!F6+OBS_Transfers!H6 -> 0 | C75: =OBS_Transfers!F20+OBS_Transfers!H20 -> 0 | D75: =OBS_Transfers!F27+OBS_Transfers!H27 -> 0 | E75: =OBS_Transfers!F13+OBS_Transfers!H13 -> 0 | F75: =OBS_Transfers!F34+OBS_Transfers!H34 -> 0 | G75: =OBS_Transfers!F41+OBS_Transfers!H41 -> 0 | H75: =SUM(B75:G75) -> 0 | J75: drv-1 | K75: 1 board | L75: =SUMIF(modeldata!$AB:$AB,Transfers!$J75,modeldata!V:V) -> 2 | M75: =SUMIF(modeldata!$AB:$AB,Transfers!$J75,modeldata!W:W) -> 2 | N75: =SUMIF(modeldata!$AB:$AB,Transfers!$J75,modeldata!X:X) -> 2 | O75: =SUMIF(modeldata!$AB:$AB,Transfers!$J75,modeldata!Y:Y) -> 2 | P75: =SUMIF(modeldata!$AB:$AB,Transfers!$J75,modeldata!Z:Z) -> 2 | Q75: =SUMIF(modeldata!$AB:$AB,Transfers!$J75,modeldata!AA:AA) -> 2 | R75: =SUM(L75:Q75) -> 12
A76: 2 boards | B76: =OBS_Transfers!F7+OBS_Transfers!H7 -> 0 | C76: =OBS_Transfers!F21+OBS_Transfers!H21 -> 0 | D76: =OBS_Transfers!F28+OBS_Transfers!H28 -> 0 | E76: =OBS_Transfers!F14+OBS_Transfers!H14 -> 0 | F76: =OBS_Transfers!F35+OBS_Transfers!H35 -> 0 | G76: =OBS_Transfers!F42+OBS_Transfers!H42 -> 0 | H76: =SUM(B76:G76) -> 0 | J76: drv-2 | K76: 2 boards | L76: =SUMIF(modeldata!$AB:$AB,Transfers!$J76,modeldata!V:V) -> 2 | M76: =SUMIF(modeldata!$AB:$AB,Transfers!$J76,modeldata!W:W) -> 2 | N76: =SUMIF(modeldata!$AB:$AB,Transfers!$J76,modeldata!X:X) -> 2 | O76: =SUMIF(modeldata!$AB:$AB,Transfers!$J76,modeldata!Y:Y) -> 2 | P76: =SUMIF(modeldata!$AB:$AB,Transfers!$J76,modeldata!Z:Z) -> 2 | Q76: =SUMIF(modeldata!$AB:$AB,Transfers!$J76,modeldata!AA:AA) -> 2 | R76: =SUM(L76:Q76) -> 12
A77: 3 boards | B77: =OBS_Transfers!F8+OBS_Transfers!H8 -> 0 | C77: =OBS_Transfers!F22+OBS_Transfers!H22 -> 0 | D77: =OBS_Transfers!F29+OBS_Transfers!H29 -> 0 | E77: =OBS_Transfers!F15+OBS_Transfers!H15 -> 0 | F77: =OBS_Transfers!F36+OBS_Transfers!H36 -> 0 | G77: =OBS_Transfers!F43+OBS_Transfers!H43 -> 0 | H77: =SUM(B77:G77) -> 0 | J77: drv-3 | K77: 3 boards | L77: =SUMIF(modeldata!$AB:$AB,Transfers!$J77,modeldata!V:V) -> 2 | M77: =SUMIF(modeldata!$AB:$AB,Transfers!$J77,modeldata!W:W) -> 2 | N77: =SUMIF(modeldata!$AB:$AB,Transfers!$J77,modeldata!X:X) -> 2 | O77: =SUMIF(modeldata!$AB:$AB,Transfers!$J77,modeldata!Y:Y) -> 2 | P77: =SUMIF(modeldata!$AB:$AB,Transfers!$J77,modeldata!Z:Z) -> 2 | Q77: =SUMIF(modeldata!$AB:$AB,Transfers!$J77,modeldata!AA:AA) -> 2 | R77: =SUM(L77:Q77) -> 12
A78: 4 boards | B78: =OBS_Transfers!F9+OBS_Transfers!H9 -> 0 | C78: =OBS_Transfers!F23+OBS_Transfers!H23 -> 0 | D78: =OBS_Transfers!F30+OBS_Transfers!H30 -> 0 | E78: =OBS_Transfers!F16+OBS_Transfers!H16 -> 0 | F78: =OBS_Transfers!F37+OBS_Transfers!H37 -> 0 | G78: =OBS_Transfers!F44+OBS_Transfers!H44 -> 0 | H78: =SUM(B78:G78) -> 0 | J78: drv-4 | K78: 4 boards | L78: =SUMIF(modeldata!$AB:$AB,Transfers!$J78,modeldata!V:V) -> 2 | M78: =SUMIF(modeldata!$AB:$AB,Transfers!$J78,modeldata!W:W) -> 2 | N78: =SUMIF(modeldata!$AB:$AB,Transfers!$J78,modeldata!X:X) -> 2 | O78: =SUMIF(modeldata!$AB:$AB,Transfers!$J78,modeldata!Y:Y) -> 2 | P78: =SUMIF(modeldata!$AB:$AB,Transfers!$J78,modeldata!Z:Z) -> 2 | Q78: =SUMIF(modeldata!$AB:$AB,Transfers!$J78,modeldata!AA:AA) -> 2 | R78: =SUM(L78:Q78) -> 12
A79: 5 boards | B79: =OBS_Transfers!F10+OBS_Transfers!H10 -> 0 | C79: =OBS_Transfers!F24+OBS_Transfers!H24 -> 0 | D79: =OBS_Transfers!F31+OBS_Transfers!H31 -> 0 | E79: =OBS_Transfers!F17+OBS_Transfers!H17 -> 0 | F79: =OBS_Transfers!F38+OBS_Transfers!H38 -> 0 | G79: =OBS_Transfers!F45+OBS_Transfers!H45 -> 0 | H79: =SUM(B79:G79) -> 0 | J79: drv-5 | K79: 5 boards | L79: =SUMIF(modeldata!$AB:$AB,Transfers!$J79,modeldata!V:V) -> 2 | M79: =SUMIF(modeldata!$AB:$AB,Transfers!$J79,modeldata!W:W) -> 2 | N79: =SUMIF(modeldata!$AB:$AB,Transfers!$J79,modeldata!X:X) -> 2 | O79: =SUMIF(modeldata!$AB:$AB,Transfers!$J79,modeldata!Y:Y) -> 2 | P79: =SUMIF(modeldata!$AB:$AB,Transfers!$J79,modeldata!Z:Z) -> 2 | Q79: =SUMIF(modeldata!$AB:$AB,Transfers!$J79,modeldata!AA:AA) -> 2 | R79: =SUM(L79:Q79) -> 12
A80: 6 boards | B80: =OBS_Transfers!F11+OBS_Transfers!H11 -> 0 | C80: =OBS_Transfers!F25+OBS_Transfers!H25 -> 0 | D80: =OBS_Transfers!F32+OBS_Transfers!H32 -> 0 | E80: =OBS_Transfers!F18+OBS_Transfers!H18 -> 0 | F80: =OBS_Transfers!F39+OBS_Transfers!H39 -> 0 | G80: =OBS_Transfers!F46+OBS_Transfers!H46 -> 0 | H80: =SUM(B80:G80) -> 0 | J80: drv-6 | K80: 6 boards | L80: =SUMIF(modeldata!$AB:$AB,Transfers!$J80,modeldata!V:V) -> 2 | M80: =SUMIF(modeldata!$AB:$AB,Transfers!$J80,modeldata!W:W) -> 2 | N80: =SUMIF(modeldata!$AB:$AB,Transfers!$J80,modeldata!X:X) -> 2 | O80: =SUMIF(modeldata!$AB:$AB,Transfers!$J80,modeldata!Y:Y) -> 2 | P80: =SUMIF(modeldata!$AB:$AB,Transfers!$J80,modeldata!Z:Z) -> 2 | Q80: =SUMIF(modeldata!$AB:$AB,Transfers!$J80,modeldata!AA:AA) -> 2 | R80: =SUM(L80:Q80) -> 12
A81: Total | B81: =SUM(B75:B80) -> 0 | C81: =SUM(C75:C80) -> 0 | D81: =SUM(D75:D80) -> 0 | E81: =SUM(E75:E80) -> 0 | F81: =SUM(F75:F80) -> 0 | G81: =SUM(G75:G80) -> 0 | H81: =SUM(H75:H80) -> 0 | K81: Total | L81: =SUM(L75:L80) -> 12 | M81: =SUM(M75:M80) -> 12 | N81: =SUM(N75:N80) -> 12 | O81: =SUM(O75:O80) -> 12 | P81: =SUM(P75:P80) -> 12 | Q81: =SUM(Q75:Q80) -> 12 | R81: =SUM(R75:R80) -> 72
B83: Local Bus | C83: Ferry | D83: Light Rail | E83: Express Bus | F83: Heavy Rail | G83: Commuter Rail | H83: Total | L83: Local Bus | M83: Ferry | N83: Light Rail | O83: Express Bus | P83: Heavy Rail | Q83: Commuter Rail | R83: Total
A84: 1 board | B84: =B75/B$81 -> #DIV/0! | C84: =C75/C$81 -> #DIV/0! | D84: =D75/D$81 -> #DIV/0! | E84: =E75/E$81 -> #DIV/0! | F84: =F75/F$81 -> #DIV/0! | G84: =G75/G$81 -> #DIV/0! | H84: =H75/H$81 -> #DIV/0! | K84: 1 board | L84: =L75/L$81 -> 0.16666667 | M84: =M75/M$81 -> 0.16666667 | N84: =N75/N$81 -> 0.16666667 | O84: =O75/O$81 -> 0.16666667 | P84: =P75/P$81 -> 0.16666667 | Q84: =Q75/Q$81 -> 0.16666667 | R84: =R75/R$81 -> 0.16666667
A85: 2 boards | B85: =B76/B$81 -> #DIV/0! | C85: =C76/C$81 -> #DIV/0! | D85: =D76/D$81 -> #DIV/0! | E85: =E76/E$81 -> #DIV/0! | F85: =F76/F$81 -> #DIV/0! | G85: =G76/G$81 -> #DIV/0! | H85: =H76/H$81 -> #DIV/0! | K85: 2 boards | L85: =L76/L$81 -> 0.16666667 | M85: =M76/M$81 -> 0.16666667 | N85: =N76/N$81 -> 0.16666667 | O85: =O76/O$81 -> 0.16666667 | P85: =P76/P$81 -> 0.16666667 | Q85: =Q76/Q$81 -> 0.16666667 | R85: =R76/R$81 -> 0.16666667
A86: 3 boards | B86: =B77/B$81 -> #DIV/0! | C86: =C77/C$81 -> #DIV/0! | D86: =D77/D$81 -> #DIV/0! | E86: =E77/E$81 -> #DIV/0! | F86: =F77/F$81 -> #DIV/0! | G86: =G77/G$81 -> #DIV/0! | H86: =H77/H$81 -> #DIV/0! | K86: 3 boards | L86: =L77/L$81 -> 0.16666667 | M86: =M77/M$81 -> 0.16666667 | N86: =N77/N$81 -> 0.16666667 | O86: =O77/O$81 -> 0.16666667 | P86: =P77/P$81 -> 0.16666667 | Q86: =Q77/Q$81 -> 0.16666667 | R86: =R77/R$81 -> 0.16666667
A87: 4 boards | B87: =B78/B$81 -> #DIV/0! | C87: =C78/C$81 -> #DIV/0! | D87: =D78/D$81 -> #DIV/0! | E87: =E78/E$81 -> #DIV/0! | F87: =F78/F$81 -> #DIV/0! | G87: =G78/G$81 -> #DIV/0! | H87: =H78/H$81 -> #DIV/0! | K87: 4 boards | L87: =L78/L$81 -> 0.16666667 | M87: =M78/M$81 -> 0.16666667 | N87: =N78/N$81 -> 0.16666667 | O87: =O78/O$81 -> 0.16666667 | P87: =P78/P$81 -> 0.16666667 | Q87: =Q78/Q$81 -> 0.16666667 | R87: =R78/R$81 -> 0.16666667
A88: 5 boards | B88: =B79/B$81 -> #DIV/0! | C88: =C79/C$81 -> #DIV/0! | D88: =D79/D$81 -> #DIV/0! | E88: =E79/E$81 -> #DIV/0! | F88: =F79/F$81 -> #DIV/0! | G88: =G79/G$81 -> #DIV/0! | H88: =H79/H$81 -> #DIV/0! | K88: 5 boards | L88: =L79/L$81 -> 0.16666667 | M88: =M79/M$81 -> 0.16666667 | N88: =N79/N$81 -> 0.16666667 | O88: =O79/O$81 -> 0.16666667 | P88: =P79/P$81 -> 0.16666667 | Q88: =Q79/Q$81 -> 0.16666667 | R88: =R79/R$81 -> 0.16666667
A89: 6 boards | B89: =B80/B$81 -> #DIV/0! | C89: =C80/C$81 -> #DIV/0! | D89: =D80/D$81 -> #DIV/0! | E89: =E80/E$81 -> #DIV/0! | F89: =F80/F$81 -> #DIV/0! | G89: =G80/G$81 -> #DIV/0! | H89: =H80/H$81 -> #DIV/0! | K89: 6 boards | L89: =L80/L$81 -> 0.16666667 | M89: =M80/M$81 -> 0.16666667 | N89: =N80/N$81 -> 0.16666667 | O89: =O80/O$81 -> 0.16666667 | P89: =P80/P$81 -> 0.16666667 | Q89: =Q80/Q$81 -> 0.16666667 | R89: =R80/R$81 -> 0.16666667
A90: Total | B90: =B81/B$81 -> #DIV/0! | C90: =C81/C$81 -> #DIV/0! | D90: =D81/D$81 -> #DIV/0! | E90: =E81/E$81 -> #DIV/0! | F90: =F81/F$81 -> #DIV/0! | G90: =G81/G$81 -> #DIV/0! | H90: =H81/H$81 -> #DIV/0! | K90: Total | L90: =L81/L$81 -> 1 | M90: =M81/M$81 -> 1 | N90: =N81/N$81 -> 1 | O90: =O81/O$81 -> 1 | P90: =P81/P$81 -> 1 | Q90: =Q81/Q$81 -> 1 | R90: =R81/R$81 -> 1

Sheet FirstTransitMode
B1: All Access Modes | M1: Walk-Transit-Walk | X1: Drive-Transit-Walk | AI1: Walk-Transit-Drive
B2: Modeled Transit Trips with Transfers: First Transit Mode | M2: Modeled Transit Trips with Transfers: First Transit Mode | X2: Modeled Transit Trips with Transfers: First Transit Mode | AI2: Modeled Transit Trips with Transfers: First Transit Mode
C3: First Transit Mode | D3: Local Bus | E3: Ferry | F3: Light Rail | G3: Express Bus | H3: Heavy Rail | I3: Commuter Rail | J3: Total | N3: First Transit Mode | O3: Local Bus | P3: Ferry | Q3: Light Rail | R3: Express Bus | S3: Heavy Rail | T3: Commuter Rail | U3: Total | Y3: First Transit Mode | Z3: Local Bus | AA3: Ferry | AB3: Light Rail | AC3: Express Bus | AD3: Heavy Rail | AE3: Commuter Rail | AF3: Total | AJ3: First Transit Mode | AK3: Local Bus | AL3: Ferry | AM3: Light Rail | AN3: Express Bus | AO3: Heavy Rail | AP3: Commuter Rail | AQ3: Total
A4: =CONCATENATE(C4,"-2") -> Local-2 | B4: 2 boards | C4: Local | D4: =SUMIF(modeldata!$AC:$AC,FirstTransitMode!$A4,modeldata!V:V) -> 3 | E4: =SUMIF(modeldata!$AC:$AC,FirstTransitMode!$A4,modeldata!X:X) -> 3 | F4: =SUMIF(modeldata!$AC:$AC,FirstTransitMode!$A4,modeldata!Y:Y) -> 3 | G4: =SUMIF(modeldata!$AC:$AC,FirstTransitMode!$A4,modeldata!W:W) -> 3 | H4: =SUMIF(modeldata!$AC:$AC,FirstTransitMode!$A4,modeldata!Z:Z) -> 3 | I4: =SUMIF(modeldata!$AC:$AC,FirstTransitMode!$A4,modeldata!AA:AA) -> 3 | J4: =SUM(D4:I4) -> 18 | L4: =CONCATENATE("wlk-wlk-",N4,"-2") -> wlk-wlk-Local-2 | M4: 2 boards | N4: Local | O4: =SUMIF(modeldata!$AD:$AD,FirstTransitMode!$L4,modeldata!V:V) -> 1 | P4: =SUMIF(modeldata!$AD:$AD,FirstTransitMode!$L4,modeldata!W:W) -> 1 | Q4: =SUMIF(modeldata!$AD:$AD,FirstTransitMode!$L4,modeldata!X:X) -> 1 | R4: =SUMIF(modeldata!$AD:$AD,FirstTransitMode!$L4,modeldata!Y:Y) -> 1 | S4: =SUMIF(modeldata!$AD:$AD,FirstTransitMode!$L4,modeldata!Z:Z) -> 1 | T4: =SUMIF(modeldata!$AD:$AD,FirstTransitMode!$L4,modeldata!AA:AA) -> 1 | U4: =SUM(O4:T4) -> 6 | W4: =CONCATENATE("drv-wlk-",Y4,"-2") -> drv-wlk-Local-2 | X4: 2 boards | Y4: Local | Z4: =SUMIF(modeldata!$AD:$AD,FirstTransitMode!$W4,modeldata!V:V) -> 1 | AA4: =SUMIF(modeldata!$AD:$AD,FirstTransitMode!$W4,modeldata!W:W) -> 1 | AB4: =SUMIF(modeldata!$AD:$AD,FirstTransitMode!$W4,modeldata!X:X) -> 1 | AC4: =SUMIF(modeldata!$AD:$AD,FirstTransitMode!$W4,modeldata!Y:Y) -> 1 | AD4: =SUMIF(modeldata!$AD:$AD,FirstTransitMode!$W4,modeldata!Z:Z) -> 1 | AE4: =SUMIF(modeldata!$AD:$AD,FirstTransitMode!$W4,modeldata!AA:AA) -> 1 | AF4: =SUM(Z4:AE4) -> 6 | AH4: =CONCATENATE("wlk-drv-",AJ4,"-2") -> wlk-drv-Local-2 | AI4: 2 boards | AJ4: Local | AK4: =SUMIF(modeldata!$AD:$AD,FirstTransitMode!$AH4,modeldata!V:V) -> 1 | AL4: =SUMIF(modeldata!$AD:$AD,FirstTransitMode!$AH4,modeldata!W:W) -> 1 | AM4: =SUMIF(modeldata!$AD:$AD,FirstTransitMode!$AH4,modeldata!X:X) -> 1 | AN4: =SUMIF(modeldata!$AD:$AD,FirstTransitMode!$AH4,modeldata!Y:Y) -> 1 | AO4: =SUMIF(modeldata!$AD:$AD,FirstTransitMode!$AH4,modeldata!Z:Z) -> 1 | AP4: =SUMIF(modeldata!$AD:$AD,FirstTransitMode!$AH4,modeldata!AA:AA) -> 1 | AQ4: =SUM(AK4:AP4) -> 6
A5: =CONCATENATE(C5,"-2") -> Ferry-2 | C5: Ferry | D5: =SUMIF(modeldata!$AC:$AC,FirstTransitMode!$A5,modeldata!V:V) -> 0 | E5: =SUMIF(modeldata!$AC:$AC,FirstTransitMode!$A5,modeldata!X:X) -> 0 | F5: =SUMIF(modeldata!$AC:$AC,FirstTransitMode!$A5,modeldata!Y:Y) -> 0 | G5: =SUMIF(modeldata!$AC:$AC,FirstTransitMode!$A5,modeldata!W:W) -> 0 | H5: =SUMIF(modeldata!$AC:$AC,FirstTransitMode!$A5,modeldata!Z:Z) -> 0 | I5: =SUMIF(modeldata!$AC:$AC,FirstTransitMode!$A5,modeldata!AA:AA) -> 0 | J5: =SUM(D5:I5) -> 0 | L5: =CONCATENATE("wlk-wlk-",N5,"-2") -> wlk-wlk-Ferry-2 | N5: Ferry | O5: =SUMIF(modeldata!$AD:$AD,FirstTransitMode!$L5,modeldata!V:V) -> 0 | P5: =SUMIF(modeldata!$AD:$AD,FirstTransitMode!$L5,modeldata!W:W) -> 0 | Q5: =SUMIF(modeldata!$AD:$AD,FirstTransitMode!$L5,modeldata!X:X) -> 0 | R5: =SUMIF(modeldata!$AD:$AD,FirstTransitMode!$L5,modeldata!Y:Y) -> 0 | S5: =SUMIF(modeldata!$AD:$AD,FirstTransitMode!$L5,modeldata!Z:Z) -> 0 | T5: =SUMIF(modeldata!$AD:$AD,FirstTransitMode!$L5,modeldata!AA:AA) -> 0 | U5: =SUM(O5:T5) -> 0 | W5: =CONCATENATE("drv-wlk-",Y5,"-2") -> drv-wlk-Ferry-2 | Y5: Ferry | Z5: =SUMIF(modeldata!$AD:$AD,FirstTransitMode!$W5,modeldata!V:V) -> 0 | AA5: =SUMIF(modeldata!$AD:$AD,FirstTransitMode!$W5,modeldata!W:W) -> 0 | AB5: =SUMIF(modeldata!$AD:$AD,FirstTransitMode!$W5,modeldata!X:X) -> 0 | AC5: =SUMIF(modeldata!$AD:$AD,FirstTransitMode!$W5,modeldata!Y:Y) -> 0 | AD5: =SUMIF(modeldata!$AD:$AD,FirstTransitMode!$W5,modeldata!Z:Z) -> 0 | AE5: =SUMIF(modeldata!$AD:$AD,FirstTransitMode!$W5,modeldata!AA:AA) -> 0 | AF5: =SUM(Z5:AE5) -> 0 | AH5: =CONCATENATE("wlk-drv-",AJ5,"-2") -> wlk-drv-Ferry-2 | AJ5: Ferry | AK5: =SUMIF(modeldata!$AD:$AD,FirstTransitMode!$AH5,modeldata!V:V) -> 0 | AL5: =SUMIF(modeldata!$AD:$AD,FirstTransitMode!$AH5,modeldata!W:W) -> 0 | AM5: =SUMIF(modeldata!$AD:$AD,FirstTransitMode!$AH5,modeldata!X:X) -> 0 | AN5: =SUMIF(modeldata!$AD:$AD,FirstTransitMode!$AH5,modeldata!Y:Y) -> 0 | AO5: =SUMIF(modeldata!$AD:$AD,FirstTransitMode!$AH5,modeldata!Z:Z) -> 0 | AP5: =SUMIF(modeldata!$AD:$AD,FirstTransitMode!$AH5,modeldata!AA:AA) -> 0 | AQ5: =SUM(AK5:AP5) -> 0
A6: =CONCATENATE(C6,"-2") -> LRT-2 | C6: LRT | D6: =SUMIF(modeldata!$AC:$AC,FirstTransitMode!$A6,modeldata!V:V) -> 0 | E6: =SUMIF(modeldata!$AC:$AC,FirstTransitMode!$A6,modeldata!X:X) -> 0 | F6: =SUMIF(modeldata!$AC:$AC,FirstTransitMode!$A6,modeldata!Y:Y) -> 0 | G6: =SUMIF(modeldata!$AC:$AC,FirstTransitMode!$A6,modeldata!W:W) -> 0 | H6: =SUMIF(modeldata!$AC:$AC,FirstTransitMode!$A6,modeldata!Z:Z) -> 0 | I6: =SUMIF(modeldata!$AC:$AC,FirstTransitMode!$A6,modeldata!AA:AA) -> 0 | J6: =SUM(D6:I6) -> 0 | L6: =CONCATENATE("wlk-wlk-",N6,"-2") -> wlk-wlk-LRT-2 | N6: LRT | O6: =SUMIF(modeldata!$AD:$AD,FirstTransitMode!$L6,modeldata!V:V) -> 0 | P6: =SUMIF(modeldata!$AD:$AD,FirstTransitMode!$L6,modeldata!W:W) -> 0 | Q6: =SUMIF(modeldata!$AD:$AD,FirstTransitMode!$L6,modeldata!X:X) -> 0 | R6: =SUMIF(modeldata!$AD:$AD,FirstTransitMode!$L6,modeldata!Y:Y) -> 0 | S6: =SUMIF(modeldata!$AD:$AD,FirstTransitMode!$L6,modeldata!Z:Z) -> 0 | T6: =SUMIF(modeldata!$AD:$AD,FirstTransitMode!$L6,modeldata!AA:AA) -> 0 | U6: =SUM(O6:T6) -> 0 | W6: =CONCATENATE("drv-wlk-",Y6,"-2") -> drv-wlk-LRT-2 | Y6: LRT | Z6: =SUMIF(modeldata!$AD:$AD,FirstTransitMode!$W6,modeldata!V:V) -> 0 | AA6: =SUMIF(modeldata!$AD:$AD,FirstTransitMode!$W6,modeldata!W:W) -> 0 | AB6: =SUMIF(modeldata!$AD:$AD,FirstTransitMode!$W6,modeldata!X:X) -> 0 | AC6: =SUMIF(modeldata!$AD:$AD,FirstTransitMode!$W6,modeldata!Y:Y) -> 0 | AD6: =SUMIF(modeldata!$AD:$AD,FirstTransitMode!$W6,modeldata!Z:Z) -> 0 | AE6: =SUMIF(modeldata!$AD:$AD,FirstTransitMode!$W6,modeldata!AA:AA) -> 0 | AF6: =SUM(Z6:AE6) -> 0 | AH6: =CONCATENATE("wlk-drv-",AJ6,"-2") -> wlk-drv-LRT-2 | AJ6: LRT | AK6: =SUMIF(modeldata!$AD:$AD,FirstTransitMode!$AH6,modeldata!V:V) -> 0 | AL6: =SUMIF(modeldata!$AD:$AD,FirstTransitMode!$AH6,modeldata!W:W) -> 0 | AM6: =SUMIF(modeldata!$AD:$AD,FirstTransitMode!$AH6,modeldata!X:X) -> 0 | AN6: =SUMIF(modeldata!$AD:$AD,FirstTransitMode!$AH6,modeldata!Y:Y) -> 0 | AO6: =SUMIF(modeldata!$AD:$AD,FirstTransitMode!$AH6,modeldata!Z:Z) -> 0 | AP6: =SUMIF(modeldata!$AD:$AD,FirstTransitMode!$AH6,modeldata!AA:AA) -> 0 | AQ6: =SUM(AK6:AP6) -> 0
A7: =CONCATENATE(C7,"-2") -> Express-2 | C7: Express | D7: =SUMIF(modeldata!$AC:$AC,FirstTransitMode!$A7,modeldata!V:V) -> 0 | E7: =SUMIF(modeldata!$AC:$AC,FirstTransitMode!$A7,modeldata!X:X) -> 0 | F7: =SUMIF(modeldata!$AC:$AC,FirstTransitMode!$A7,modeldata!Y:Y) -> 0 | G7: =SUMIF(modeldata!$AC:$AC,FirstTransitMode!$A7,modeldata!W:W) -> 0 | H7: =SUMIF(modeldata!$AC:$AC,FirstTransitMode!$A7,modeldata!Z:Z) -> 0 | I7: =SUMIF(modeldata!$AC:$AC,FirstTransitMode!$A7,modeldata!AA:AA) -> 0 | J7: =SUM(D7:I7) -> 0 | L7: =CONCATENATE("wlk-wlk-",N7,"-2") -> wlk-wlk-Express-2 | N7: Express | O7: =SUMIF(modeldata!$AD:$AD,FirstTransitMode!$L7,modeldata!V:V) -> 0 | P7: =SUMIF(modeldata!$AD:$AD,FirstTransitMode!$L7,modeldata!W:W) -> 0 | Q7: =SUMIF(modeldata!$AD:$AD,FirstTransitMode!$L7,modeldata!X:X) -> 0 | R7: =SUMIF(modeldata!$AD:$AD,FirstTransitMode!$L7,modeldata!Y:Y) -> 0 | S7: =SUMIF(modeldata!$AD:$AD,FirstTransitMode!$L7,modeldata!Z:Z) -> 0 | T7: =SUMIF(modeldata!$AD:$AD,FirstTransitMode!$L7,modeldata!AA:AA) -> 0 | U7: =SUM(O7:T7) -> 0 | W7: =CONCATENATE("drv-wlk-",Y7,"-2") -> drv-wlk-Express-2 | Y7: Express | Z7: =SUMIF(modeldata!$AD:$AD,FirstTransitMode!$W7,modeldata!V:V) -> 0 | AA7: =SUMIF(modeldata!$AD:$AD,FirstTransitMode!$W7,modeldata!W:W) -> 0 | AB7: =SUMIF(modeldata!$AD:$AD,FirstTransitMode!$W7,modeldata!X:X) -> 0 | AC7: =SUMIF(modeldata!$AD:$AD,FirstTransitMode!$W7,modeldata!Y:Y) -> 0 | AD7: =SUMIF(modeldata!$AD:$AD,FirstTransitMode!$W7,modeldata!Z:Z) -> 0 | AE7: =SUMIF(modeldata!$AD:$AD,FirstTransitMode!$W7,modeldata!AA:AA) -> 0 | AF7: =SUM(Z7:AE7) -> 0 | AH7: =CONCATENATE("wlk-drv-",AJ7,"-2") -> wlk-drv-Express-2 | AJ7: Express | AK7: =SUMIF(modeldata!$AD:$AD,FirstTransitMode!$AH7,modeldata!V:V) -> 0 | AL7: =SUMIF(modeldata!$AD:$AD,FirstTransitMode!$AH7,modeldata!W:W) -> 0 | AM7: =SUMIF(modeldata!$AD:$AD,FirstTransitMode!$AH7,modeldata!X:X) -> 0 | AN7: =SUMIF(modeldata!$AD:$AD,FirstTransitMode!$AH7,modeldata!Y:Y) -> 0 | AO7: =SUMIF(modeldata!$AD:$AD,FirstTransitMode!$AH7,modeldata!Z:Z) -> 0 | AP7: =SUMIF(modeldata!$AD:$AD,FirstTransitMode!$AH7,modeldata!AA:AA) -> 0 | AQ7: =SUM(AK7:AP7) -> 0
A8: =CONCATENATE(C8,"-2") -> HeavyRail-2 | C8: HeavyRail | D8: =SUMIF(modeldata!$AC:$AC,FirstTransitMode!$A8,modeldata!V:V) -> 0 | E8: =SUMIF(modeldata!$AC:$AC,FirstTransitMode!$A8,modeldata!X:X) -> 0 | F8: =SUMIF(modeldata!$AC:$AC,FirstTransitMode!$A8,modeldata!Y:Y) -> 0 | G8: =SUMIF(modeldata!$AC:$AC,FirstTransitMode!$A8,modeldata!W:W) -> 0 | H8: =SUMIF(modeldata!$AC:$AC,FirstTransitMode!$A8,modeldata!Z:Z) -> 0 | I8: =SUMIF(modeldata!$AC:$AC,FirstTransitMode!$A8,modeldata!AA:AA) -> 0 | J8: =SUM(D8:I8) -> 0 | L8: =CONCATENATE("wlk-wlk-",N8,"-2") -> wlk-wlk-HeavyRail-2 | N8: HeavyRail | O8: =SUMIF(modeldata!$AD:$AD,FirstTransitMode!$L8,modeldata!V:V) -> 0 | P8: =SUMIF(modeldata!$AD:$AD,FirstTransitMode!$L8,modeldata!W:W) -> 0 | Q8: =SUMIF(modeldata!$AD:$AD,FirstTransitMode!$L8,modeldata!X:X) -> 0 | R8: =SUMIF(modeldata!$AD:$AD,FirstTransitMode!$L8,modeldata!Y:Y) -> 0 | S8: =SUMIF(modeldata!$AD:$AD,FirstTransitMode!$L8,modeldata!Z:Z) -> 0 | T8: =SUMIF(modeldata!$AD:$AD,FirstTransitMode!$L8,modeldata!AA:AA) -> 0 | U8: =SUM(O8:T8) -> 0 | W8: =CONCATENATE("drv-wlk-",Y8,"-2") -> drv-wlk-HeavyRail-2 | Y8: HeavyRail | Z8: =SUMIF(modeldata!$AD:$AD,FirstTransitMode!$W8,modeldata!V:V) -> 0 | AA8: =SUMIF(modeldata!$AD:$AD,FirstTransitMode!$W8,modeldata!W:W) -> 0 | AB8: =SUMIF(modeldata!$AD:$AD,FirstTransitMode!$W8,modeldata!X:X) -> 0 | AC8: =SUMIF(modeldata!$AD:$AD,FirstTransitMode!$W8,modeldata!Y:Y) -> 0 | AD8: =SUMIF(modeldata!$AD:$AD,FirstTransitMode!$W8,modeldata!Z:Z) -> 0 | AE8: =SUMIF(modeldata!$AD:$AD,FirstTransitMode!$W8,modeldata!AA:AA) -> 0 | AF8: =SUM(Z8:AE8) -> 0 | AH8: =CONCATENATE("wlk-drv-",AJ8,"-2") -> wlk-drv-HeavyRail-2 | AJ8: HeavyRail | AK8: =SUMIF(modeldata!$AD:$AD,FirstTransitMode!$AH8,modeldata!V:V) -> 0 | AL8: =SUMIF(modeldata!$AD:$AD,FirstTransitMode!$AH8,modeldata!W:W) -> 0 | AM8: =SUMIF(modeldata!$AD:$AD,FirstTransitMode!$AH8,modeldata!X:X) -> 0 | AN8: =SUMIF(modeldata!$AD:$AD,FirstTransitMode!$AH8,modeldata!Y:Y) -> 0 | AO8: =SUMIF(modeldata!$AD:$AD,FirstTransitMode!$AH8,modeldata!Z:Z) -> 0 | AP8: =SUMIF(modeldata!$AD:$AD,FirstTransitMode!$AH8,modeldata!AA:AA) -> 0 | AQ8: =SUM(AK8:AP8) -> 0
A9: =CONCATENATE(C9,"-2") -> CommRail-2 | C9: CommRail | D9: =SUMIF(modeldata!$AC:$AC,FirstTransitMode!$A9,modeldata!V:V) -> 0 | E9: =SUMIF(modeldata!$AC:$AC,FirstTransitMode!$A9,modeldata!X:X) -> 0 | F9: =SUMIF(modeldata!$AC:$AC,FirstTransitMode!$A9,modeldata!Y:Y) -> 0 | G9: =SUMIF(modeldata!$AC:$AC,FirstTransitMode!$A9,modeldata!W:W) -> 0 | H9: =SUMIF(modeldata!$AC:$AC,FirstTransitMode!$A9,modeldata!Z:Z) -> 0 | I9: =SUMIF(modeldata!$AC:$AC,FirstTransitMode!$A9,modeldata!AA:AA) -> 0 | J9: =SUM(D9:I9) -> 0 | L9: =CONCATENATE("wlk-wlk-",N9,"-2") -> wlk-wlk-CommRail-2 | N9: CommRail | O9: =SUMIF(modeldata!$AD:$AD,FirstTransitMode!$L9,modeldata!V:V) -> 0 | P9: =SUMIF(modeldata!$AD:$AD,FirstTransitMode!$L9,modeldata!W:W) -> 0 | Q9: =SUMIF(modeldata!$AD:$AD,FirstTransitMode!$L9,modeldata!X:X) -> 0 | R9: =SUMIF(modeldata!$AD:$AD,FirstTransitMode!$L9,modeldata!Y:Y) -> 0 | S9: =SUMIF(modeldata!$AD:$AD,FirstTransitMode!$L9,modeldata!Z:Z) -> 0 | T9: =SUMIF(modeldata!$AD:$AD,FirstTransitMode!$L9,modeldata!AA:AA) -> 0 | U9: =SUM(O9:T9) -> 0 | W9: =CONCATENATE("drv-wlk-",Y9,"-2") -> drv-wlk-CommRail-2 | Y9: CommRail | Z9: =SUMIF(modeldata!$AD:$AD,FirstTransitMode!$W9,modeldata!V:V) -> 0 | AA9: =SUMIF(modeldata!$AD:$AD,FirstTransitMode!$W9,modeldata!W:W) -> 0 | AB9: =SUMIF(modeldata!$AD:$AD,FirstTransitMode!$W9,modeldata!X:X) -> 0 | AC9: =SUMIF(modeldata!$AD:$AD,FirstTransitMode!$W9,modeldata!Y:Y) -> 0 | AD9: =SUMIF(modeldata!$AD:$AD,FirstTransitMode!$W9,modeldata!Z:Z) -> 0 | AE9: =SUMIF(modeldata!$AD:$AD,FirstTransitMode!$W9,modeldata!AA:AA) -> 0 | AF9: =SUM(Z9:AE9) -> 0 | AH9: =CONCATENATE("wlk-drv-",AJ9,"-2") -> wlk-drv-CommRail-2 | AJ9: CommRail | AK9: =SUMIF(modeldata!$AD:$AD,FirstTransitMode!$AH9,modeldata!V:V) -> 0 | AL9: =SUMIF(modeldata!$AD:$AD,FirstTransitMode!$AH9,modeldata!W:W) -> 0 | AM9: =SUMIF(modeldata!$AD:$AD,FirstTransitMode!$AH9,modeldata!X:X) -> 0 | AN9: =SUMIF(modeldata!$AD:$AD,FirstTransitMode!$AH9,modeldata!Y:Y) -> 0 | AO9: =SUMIF(modeldata!$AD:$AD,FirstTransitMode!$AH9,modeldata!Z:Z) -> 0 | AP9: =SUMIF(modeldata!$AD:$AD,FirstTransitMode!$AH9,modeldata!AA:AA) -> 0 | AQ9: =SUM(AK9:AP9) -> 0
A10: =CONCATENATE(C10,"-2") -> Unknown-2 | C10: Unknown | D10: =SUMIF(modeldata!$AC:$AC,FirstTransitMode!$A10,modeldata!V:V) -> 0 | E10: =SUMIF(modeldata!$AC:$AC,FirstTransitMode!$A10,modeldata!X:X) -> 0 | F10: =SUMIF(modeldata!$AC:$AC,FirstTransitMode!$A10,modeldata!Y:Y) -> 0 | G10: =SUMIF(modeldata!$AC:$AC,FirstTransitMode!$A10,modeldata!W:W) -> 0 | H10: =SUMIF(modeldata!$AC:$AC,FirstTransitMode!$A10,modeldata!Z:Z) -> 0 | I10: =SUMIF(modeldata!$AC:$AC,FirstTransitMode!$A10,modeldata!AA:AA) -> 0 | J10: =SUM(D10:I10) -> 0 | L10: =CONCATENATE("wlk-wlk-",N10,"-2") -> wlk-wlk-Unknown-2 | N10: Unknown | O10: =SUMIF(modeldata!$AD:$AD,FirstTransitMode!$L10,modeldata!V:V) -> 0 | P10: =SUMIF(modeldata!$AD:$AD,FirstTransitMode!$L10,modeldata!W:W) -> 0 | Q10: =SUMIF(modeldata!$AD:$AD,FirstTransitMode!$L10,modeldata!X:X) -> 0 | R10: =SUMIF(modeldata!$AD:$AD,FirstTransitMode!$L10,modeldata!Y:Y) -> 0 | S10: =SUMIF(modeldata!$AD:$AD,FirstTransitMode!$L10,modeldata!Z:Z) -> 0 | T10: =SUMIF(modeldata!$AD:$AD,FirstTransitMode!$L10,modeldata!AA:AA) -> 0 | U10: =SUM(O10:T10) -> 0 | W10: =CONCATENATE("drv-wlk-",Y10,"-2") -> drv-wlk-Unknown-2 | Y10: Unknown | Z10: =SUMIF(modeldata!$AD:$AD,FirstTransitMode!$W10,modeldata!V:V) -> 0 | AA10: =SUMIF(modeldata!$AD:$AD,FirstTransitMode!$W10,modeldata!W:W) -> 0 | AB10: =SUMIF(modeldata!$AD:$AD,FirstTransitMode!$W10,modeldata!X:X) -> 0 | AC10: =SUMIF(modeldata!$AD:$AD,FirstTransitMode!$W10,modeldata!Y:Y) -> 0 | AD10: =SUMIF(modeldata!$AD:$AD,FirstTransitMode!$W10,modeldata!Z:Z) -> 0 | AE10: =SUMIF(modeldata!$AD:$AD,FirstTransitMode!$W10,modeldata!AA:AA) -> 0 | AF10: =SUM(Z10:AE10) -> 0 | AH10: =CONCATENATE("wlk-drv-",AJ10,"-2") -> wlk-drv-Unknown-2 | AJ10: Unknown | AK10: =SUMIF(modeldata!$AD:$AD,FirstTransitMode!$AH10,modeldata!V:V) -> 0 | AL10: =SUMIF(modeldata!$AD:$AD,FirstTransitMode!$AH10,modeldata!W:W) -> 0 | AM10: =SUMIF(modeldata!$AD:$AD,FirstTransitMode!$AH10,modeldata!X:X) -> 0 | AN10: =SUMIF(modeldata!$AD:$AD,FirstTransitMode!$AH10,modeldata!Y:Y) -> 0 | AO10: =SUMIF(modeldata!$AD:$AD,FirstTransitMode!$AH10,modeldata!Z:Z) -> 0 | AP10: =SUMIF(modeldata!$AD:$AD,FirstTransitMode!$AH10,modeldata!AA:AA) -> 0 | AQ10: =SUM(AK10:AP10) -> 0
C11: Total | D11: =SUM(D4:D10) -> 3 | E11: =SUM(E4:E10) -> 3 | F11: =SUM(F4:F10) -> 3 | G11: =SUM(G4:G10) -> 3 | H11: =SUM(H4:H10) -> 3 | I11: =SUM(I4:I10) -> 3 | J11: =SUM(J4:J10) -> 18 | N11: Total | O11: =SUM(O4:O10) -> 1 | P11: =SUM(P4:P10) -> 1 | Q11: =SUM(Q4:Q10) -> 1 | R11: =SUM(R4:R10) -> 1 | S11: =SUM(S4:S10) -> 1 | T11: =SUM(T4:T10) -> 1 | U11: =SUM(U4:U10) -> 6 | Y11: Total | Z11: =SUM(Z4:Z10) -> 1 | AA11: =SUM(AA4:AA10) -> 1 | AB11: =SUM(AB4:AB10) -> 1 | AC11: =SUM(AC4:AC10) -> 1 | AD11: =SUM(AD4:AD10) -> 1 | AE11: =SUM(AE4:AE10) -> 1 | AF11: =SUM(AF4:AF10) -> 6 | AJ11: Total | AK11: =SUM(AK4:AK10) -> 1 | AL11: =SUM(AL4:AL10) -> 1 | AM11: =SUM(AM4:AM10) -> 1 | AN11: =SUM(AN4:AN10) -> 1 | AO11: =SUM(AO4:AO10) -> 1 | AP11: =SUM(AP4:AP10) -> 1 | AQ11: =SUM(AQ4:AQ10) -> 6
A12: =CONCATENATE(C12,"-3") -> Local-3 | B12: 3 boards | C12: Local | D12: =SUMIF(modeldata!$AC:$AC,FirstTransitMode!$A12,modeldata!V:V) -> 3 | E12: =SUMIF(modeldata!$AC:$AC,FirstTransitMode!$A12,modeldata!X:X) -> 3 | F12: =SUMIF(modeldata!$AC:$AC,FirstTransitMode!$A12,modeldata!Y:Y) -> 3 | G12: =SUMIF(modeldata!$AC:$AC,FirstTransitMode!$A12,modeldata!W:W) -> 3 | H12: =SUMIF(modeldata!$AC:$AC,FirstTransitMode!$A12,modeldata!Z:Z) -> 3 | I12: =SUMIF(modeldata!$AC:$AC,FirstTransitMode!$A12,modeldata!AA:AA) -> 3 | J12: =SUM(D12:I12) -> 18 | L12: =CONCATENATE("wlk-wlk-",N12,"-3") -> wlk-wlk-Local-3 | M12: 3 boards | N12: Local | O12: =SUMIF(modeldata!$AD:$AD,FirstTransitMode!$L12,modeldata!V:V) -> 1 | P12: =SUMIF(modeldata!$AD:$AD,FirstTransitMode!$L12,modeldata!W:W) -> 1 | Q12: =SUMIF(modeldata!$AD:$AD,FirstTransitMode!$L12,modeldata!X:X) -> 1 | R12: =SUMIF(modeldata!$AD:$AD,FirstTransitMode!$L12,modeldata!Y:Y) -> 1 | S12: =SUMIF(modeldata!$AD:$AD,FirstTransitMode!$L12,modeldata!Z:Z) -> 1 | T12: =SUMIF(modeldata!$AD:$AD,FirstTransitMode!$L12,modeldata!AA:AA) -> 1 | U12: =SUM(O12:T12) -> 6 | W12: =CONCATENATE("drv-wlk-",Y12,"-3") -> drv-wlk-Local-3 | X12: 3 boards | Y12: Local | Z12: =SUMIF(modeldata!$AD:$AD,FirstTransitMode!$W12,modeldata!V:V) -> 1 | AA12: =SUMIF(modeldata!$AD:$AD,FirstTransitMode!$W12,modeldata!W:W) -> 1 | AB12: =SUMIF(modeldata!$AD:$AD,FirstTransitMode!$W12,modeldata!X:X) -> 1 | AC12: =SUMIF(modeldata!$AD:$AD,FirstTransitMode!$W12,modeldata!Y:Y) -> 1 | AD12: =SUMIF(modeldata!$AD:$AD,FirstTransitMode!$W12,modeldata!Z:Z) -> 1 | AE12: =SUMIF(modeldata!$AD:$AD,FirstTransitMode!$W12,modeldata!AA:AA) -> 1 | AF12: =SUM(Z12:AE12) -> 6 | AH12: =CONCATENATE("wlk-drv-",AJ12,"-3") -> wlk-drv-Local-3 | AI12: 3 boards | AJ12: Local | AK12: =SUMIF(modeldata!$AD:$AD,FirstTransitMode!$AH12,modeldata!V:V) -> 1 | AL12: =SUMIF(modeldata!$AD:$AD,FirstTransitMode!$AH12,modeldata!W:W) -> 1 | AM12: =SUMIF(modeldata!$AD:$AD,FirstTransitMode!$AH12,modeldata!X:X) -> 1 | AN12: =SUMIF(modeldata!$AD:$AD,FirstTransitMode!$AH12,modeldata!Y:Y) -> 1 | AO12: =SUMIF(modeldata!$AD:$AD,FirstTransitMode!$AH12,modeldata!Z:Z) -> 1 | AP12: =SUMIF(modeldata!$AD:$AD,FirstTransitMode!$AH12,modeldata!AA:AA) -> 1 | AQ12: =SUM(AK12:AP12) -> 6
A13: =CONCATENATE(C13,"-3") -> Ferry-3 | C13: Ferry | D13: =SUMIF(modeldata!$AC:$AC,FirstTransitMode!$A13,modeldata!V:V) -> 0 | E13: =SUMIF(modeldata!$AC:$AC,FirstTransitMode!$A13,modeldata!X:X) -> 0 | F13: =SUMIF(modeldata!$AC:$AC,FirstTransitMode!$A13,modeldata!Y:Y) -> 0 | G13: =SUMIF(modeldata!$AC:$AC,FirstTransitMode!$A13,modeldata!W:W) -> 0 | H13: =SUMIF(modeldata!$AC:$AC,FirstTransitMode!$A13,modeldata!Z:Z) -> 0 | I13: =SUMIF(modeldata!$AC:$AC,FirstTransitMode!$A13,modeldata!AA:AA) -> 0 | J13: =SUM(D13:I13) -> 0 | L13: =CONCATENATE("wlk-wlk-",N13,"-3") -> wlk-wlk-Ferry-3 | N13: Ferry | O13: =SUMIF(modeldata!$AD:$AD,FirstTransitMode!$L13,modeldata!V:V) -> 0 | P13: =SUMIF(modeldata!$AD:$AD,FirstTransitMode!$L13,modeldata!W:W) -> 0 | Q13: =SUMIF(modeldata!$AD:$AD,FirstTransitMode!$L13,modeldata!X:X) -> 0 | R13: =SUMIF(modeldata!$AD:$AD,FirstTransitMode!$L13,modeldata!Y:Y) -> 0 | S13: =SUMIF(modeldata!$AD:$AD,FirstTransitMode!$L13,modeldata!Z:Z) -> 0 | T13: =SUMIF(modeldata!$AD:$AD,FirstTransitMode!$L13,modeldata!AA:AA) -> 0 | U13: =SUM(O13:T13) -> 0 | W13: =CONCATENATE("drv-wlk-",Y13,"-3") -> drv-wlk-Ferry-3 | Y13: Ferry | Z13: =SUMIF(modeldata!$AD:$AD,FirstTransitMode!$W13,modeldata!V:V) -> 0 | AA13: =SUMIF(modeldata!$AD:$AD,FirstTransitMode!$W13,modeldata!W:W) -> 0 | AB13: =SUMIF(modeldata!$AD:$AD,FirstTransitMode!$W13,modeldata!X:X) -> 0 | AC13: =SUMIF(modeldata!$AD:$AD,FirstTransitMode!$W13,modeldata!Y:Y) -> 0 | AD13: =SUMIF(modeldata!$AD:$AD,FirstTransitMode!$W13,modeldata!Z:Z) -> 0 | AE13: =SUMIF(modeldata!$AD:$AD,FirstTransitMode!$W13,modeldata!AA:AA) -> 0 | AF13: =SUM(Z13:AE13) -> 0 | AH13: =CONCATENATE("wlk-drv-",AJ13,"-3") -> wlk-drv-Ferry-3 | AJ13: Ferry | AK13: =SUMIF(modeldata!$AD:$AD,FirstTransitMode!$AH13,modeldata!V:V) -> 0 | AL13: =SUMIF(modeldata!$AD:$AD,FirstTransitMode!$AH13,modeldata!W:W) -> 0 | AM13: =SUMIF(modeldata!$AD:$AD,FirstTransitMode!$AH13,modeldata!X:X) -> 0 | AN13: =SUMIF(modeldata!$AD:$AD,FirstTransitMode!$AH13,modeldata!Y:Y) -> 0 | AO13: =SUMIF(modeldata!$AD:$AD,FirstTransitMode!$AH13,modeldata!Z:Z) -> 0 | AP13: =SUMIF(modeldata!$AD:$AD,FirstTransitMode!$AH13,modeldata!AA:AA) -> 0 | AQ13: =SUM(AK13:AP13) -> 0
A14: =CONCATENATE(C14,"-3") -> LRT-3 | C14: LRT | D14: =SUMIF(modeldata!$AC:$AC,FirstTransitMode!$A14,modeldata!V:V) -> 0 | E14: =SUMIF(modeldata!$AC:$AC,FirstTransitMode!$A14,modeldata!X:X) -> 0 | F14: =SUMIF(modeldata!$AC:$AC,FirstTransitMode!$A14,modeldata!Y:Y) -> 0 | G14: =SUMIF(modeldata!$AC:$AC,FirstTransitMode!$A14,modeldata!W:W) -> 0 | H14: =SUMIF(modeldata!$AC:$AC,FirstTransitMode!$A14,modeldata!Z:Z) -> 0 | I14: =SUMIF(modeldata!$AC:$AC,FirstTransitMode!$A14,modeldata!AA:AA) -> 0 | J14: =SUM(D14:I14) -> 0 | L14: =CONCATENATE("wlk-wlk-",N14,"-3") -> wlk-wlk-LRT-3 | N14: LRT | O14: =SUMIF(modeldata!$AD:$AD,FirstTransitMode!$L14,modeldata!V:V) -> 0 | P14: =SUMIF(modeldata!$AD:$AD,FirstTransitMode!$L14,modeldata!W:W) -> 0 | Q14: =SUMIF(modeldata!$AD:$AD,FirstTransitMode!$L14,modeldata!X:X) -> 0 | R14: =SUMIF(modeldata!$AD:$AD,FirstTransitMode!$L14,modeldata!Y:Y) -> 0 | S14: =SUMIF(modeldata!$AD:$AD,FirstTransitMode!$L14,modeldata!Z:Z) -> 0 | T14: =SUMIF(modeldata!$AD:$AD,FirstTransitMode!$L14,modeldata!AA:AA) -> 0 | U14: =SUM(O14:T14) -> 0 | W14: =CONCATENATE("drv-wlk-",Y14,"-3") -> drv-wlk-LRT-3 | Y14: LRT | Z14: =SUMIF(modeldata!$AD:$AD,FirstTransitMode!$W14,modeldata!V:V) -> 0 | AA14: =SUMIF(modeldata!$AD:$AD,FirstTransitMode!$W14,modeldata!W:W) -> 0 | AB14: =SUMIF(modeldata!$AD:$AD,FirstTransitMode!$W14,modeldata!X:X) -> 0 | AC14: =SUMIF(modeldata!$AD:$AD,FirstTransitMode!$W14,modeldata!Y:Y) -> 0 | AD14: =SUMIF(modeldata!$AD:$AD,FirstTransitMode!$W14,modeldata!Z:Z) -> 0 | AE14: =SUMIF(modeldata!$AD:$AD,FirstTransitMode!$W14,modeldata!AA:AA) -> 0 | AF14: =SUM(Z14:AE14) -> 0 | AH14: =CONCATENATE("wlk-drv-",AJ14,"-3") -> wlk-drv-LRT-3 | AJ14: LRT | AK14: =SUMIF(modeldata!$AD:$AD,FirstTransitMode!$AH14,modeldata!V:V) -> 0 | AL14: =SUMIF(modeldata!$AD:$AD,FirstTransitMode!$AH14,modeldata!W:W) -> 0 | AM14: =SUMIF(modeldata!$AD:$AD,FirstTransitMode!$AH14,modeldata!X:X) -> 0 | AN14: =SUMIF(modeldata!$AD:$AD,FirstTransitMode!$AH14,modeldata!Y:Y) -> 0 | AO14: =SUMIF(modeldata!$AD:$AD,FirstTransitMode!$AH14,modeldata!Z:Z) -> 0 | AP14: =SUMIF(modeldata!$AD:$AD,FirstTransitMode!$AH14,modeldata!AA:AA) -> 0 | AQ14: =SUM(AK14:AP14) -> 0
A15: =CONCATENATE(C15,"-3") -> Express-3 | C15: Express | D15: =SUMIF(modeldata!$AC:$AC,FirstTransitMode!$A15,modeldata!V:V) -> 0 | E15: =SUMIF(modeldata!$AC:$AC,FirstTransitMode!$A15,modeldata!X:X) -> 0 | F15: =SUMIF(modeldata!$AC:$AC,FirstTransitMode!$A15,modeldata!Y:Y) -> 0 | G15: =SUMIF(modeldata!$AC:$AC,FirstTransitMode!$A15,modeldata!W:W) -> 0 | H15: =SUMIF(modeldata!$AC:$AC,FirstTransitMode!$A15,modeldata!Z:Z) -> 0 | I15: =SUMIF(modeldata!$AC:$AC,FirstTransitMode!$A15,modeldata!AA:AA) -> 0 | J15: =SUM(D15:I15) -> 0 | L15: =CONCATENATE("wlk-wlk-",N15,"-3") -> wlk-wlk-Express-3 | N15: Express | O15: =SUMIF(modeldata!$AD:$AD,FirstTransitMode!$L15,modeldata!V:V) -> 0 | P15: =SUMIF(modeldata!$AD:$AD,FirstTransitMode!$L15,modeldata!W:W) -> 0 | Q15: =SUMIF(modeldata!$AD:$AD,FirstTransitMode!$L15,modeldata!X:X) -> 0 | R15: =SUMIF(modeldata!$AD:$AD,FirstTransitMode!$L15,modeldata!Y:Y) -> 0 | S15: =SUMIF(modeldata!$AD:$AD,FirstTransitMode!$L15,modeldata!Z:Z) -> 0 | T15: =SUMIF(modeldata!$AD:$AD,FirstTransitMode!$L15,modeldata!AA:AA) -> 0 | U15: =SUM(O15:T15) -> 0 | W15: =CONCATENATE("drv-wlk-",Y15,"-3") -> drv-wlk-Express-3 | Y15: Express | Z15: =SUMIF(modeldata!$AD:$AD,FirstTransitMode!$W15,modeldata!V:V) -> 0 | AA15: =SUMIF(modeldata!$AD:$AD,FirstTransitMode!$W15,modeldata!W:W) -> 0 | AB15: =SUMIF(modeldata!$AD:$AD,FirstTransitMode!$W15,modeldata!X:X) -> 0 | AC15: =SUMIF(modeldata!$AD:$AD,FirstTransitMode!$W15,modeldata!Y:Y) -> 0 | AD15: =SUMIF(modeldata!$AD:$AD,FirstTransitMode!$W15,modeldata!Z:Z) -> 0 | AE15: =SUMIF(modeldata!$AD:$AD,FirstTransitMode!$W15,modeldata!AA:AA) -> 0 | AF15: =SUM(Z15:AE15) -> 0 | AH15: =CONCATENATE("wlk-drv-",AJ15,"-3") -> wlk-drv-Express-3 | AJ15: Express | AK15: =SUMIF(modeldata!$AD:$AD,FirstTransitMode!$AH15,modeldata!V:V) -> 0 | AL15: =SUMIF(modeldata!$AD:$AD,FirstTransitMode!$AH15,modeldata!W:W) -> 0 | AM15: =SUMIF(modeldata!$AD:$AD,FirstTransitMode!$AH15,modeldata!X:X) -> 0 | AN15: =SUMIF(modeldata!$AD:$AD,FirstTransitMode!$AH15,modeldata!Y:Y) -> 0 | AO15: =SUMIF(modeldata!$AD:$AD,FirstTransitMode!$AH15,modeldata!Z:Z) -> 0 | AP15: =SUMIF(modeldata!$AD:$AD,FirstTransitMode!$AH15,modeldata!AA:AA) -> 0 | AQ15: =SUM(AK15:AP15) -> 0
A16: =CONCATENATE(C16,"-3") -> HeavyRail-3 | C16: HeavyRail | D16: =SUMIF(modeldata!$AC:$AC,FirstTransitMode!$A16,modeldata!V:V) -> 0 | E16: =SUMIF(modeldata!$AC:$AC,FirstTransitMode!$A16,modeldata!X:X) -> 0 | F16: =SUMIF(modeldata!$AC:$AC,FirstTransitMode!$A16,modeldata!Y:Y) -> 0 | G16: =SUMIF(modeldata!$AC:$AC,FirstTransitMode!$A16,modeldata!W:W) -> 0 | H16: =SUMIF(modeldata!$AC:$AC,FirstTransitMode!$A16,modeldata!Z:Z) -> 0 | I16: =SUMIF(modeldata!$AC:$AC,FirstTransitMode!$A16,modeldata!AA:AA) -> 0 | J16: =SUM(D16:I16) -> 0 | L16: =CONCATENATE("wlk-wlk-",N16,"-3") -> wlk-wlk-HeavyRail-3 | N16: HeavyRail | O16: =SUMIF(modeldata!$AD:$AD,FirstTransitMode!$L16,modeldata!V:V) -> 0 | P16: =SUMIF(modeldata!$AD:$AD,FirstTransitMode!$L16,modeldata!W:W) -> 0 | Q16: =SUMIF(modeldata!$AD:$AD,FirstTransitMode!$L16,modeldata!X:X) -> 0 | R16: =SUMIF(modeldata!$AD:$AD,FirstTransitMode!$L16,modeldata!Y:Y) -> 0 | S16: =SUMIF(modeldata!$AD:$AD,FirstTransitMode!$L16,modeldata!Z:Z) -> 0 | T16: =SUMIF(modeldata!$AD:$AD,FirstTransitMode!$L16,modeldata!AA:AA) -> 0 | U16: =SUM(O16:T16) -> 0 | W16: =CONCATENATE("drv-wlk-",Y16,"-3") -> drv-wlk-HeavyRail-3 | Y16: HeavyRail | Z16: =SUMIF(modeldata!$AD:$AD,FirstTransitMode!$W16,modeldata!V:V) -> 0 | AA16: =SUMIF(modeldata!$AD:$AD,FirstTransitMode!$W16,modeldata!W:W) -> 0 | AB16: =SUMIF(modeldata!$AD:$AD,FirstTransitMode!$W16,modeldata!X:X) -> 0 | AC16: =SUMIF(modeldata!$AD:$AD,FirstTransitMode!$W16,modeldata!Y:Y) -> 0 | AD16: =SUMIF(modeldata!$AD:$AD,FirstTransitMode!$W16,modeldata!Z:Z) -> 0 | AE16: =SUMIF(modeldata!$AD:$AD,FirstTransitMode!$W16,modeldata!AA:AA) -> 0 | AF16: =SUM(Z16:AE16) -> 0 | AH16: =CONCATENATE("wlk-drv-",AJ16,"-3") -> wlk-drv-HeavyRail-3 | AJ16: HeavyRail | AK16: =SUMIF(modeldata!$AD:$AD,FirstTransitMode!$AH16,modeldata!V:V) -> 0 | AL16: =SUMIF(modeldata!$AD:$AD,FirstTransitMode!$AH16,modeldata!W:W) -> 0 | AM16: =SUMIF(modeldata!$AD:$AD,FirstTransitMode!$AH16,modeldata!X:X) -> 0 | AN16: =SUMIF(modeldata!$AD:$AD,FirstTransitMode!$AH16,modeldata!Y:Y) -> 0 | AO16: =SUMIF(modeldata!$AD:$AD,FirstTransitMode!$AH16,modeldata!Z:Z) -> 0 | AP16: =SUMIF(modeldata!$AD:$AD,FirstTransitMode!$AH16,modeldata!AA:AA) -> 0 | AQ16: =SUM(AK16:AP16) -> 0
A17: =CONCATENATE(C17,"-3") -> CommRail-3 | C17: CommRail | D17: =SUMIF(modeldata!$AC:$AC,FirstTransitMode!$A17,modeldata!V:V) -> 0 | E17: =SUMIF(modeldata!$AC:$AC,FirstTransitMode!$A17,modeldata!X:X) -> 0 | F17: =SUMIF(modeldata!$AC:$AC,FirstTransitMode!$A17,modeldata!Y:Y) -> 0 | G17: =SUMIF(modeldata!$AC:$AC,FirstTransitMode!$A17,modeldata!W:W) -> 0 | H17: =SUMIF(modeldata!$AC:$AC,FirstTransitMode!$A17,modeldata!Z:Z) -> 0 | I17: =SUMIF(modeldata!$AC:$AC,FirstTransitMode!$A17,modeldata!AA:AA) -> 0 | J17: =SUM(D17:I17) -> 0 | L17: =CONCATENATE("wlk-wlk-",N17,"-3") -> wlk-wlk-CommRail-3 | N17: CommRail | O17: =SUMIF(modeldata!$AD:$AD,FirstTransitMode!$L17,modeldata!V:V) -> 0 | P17: =SUMIF(modeldata!$AD:$AD,FirstTransitMode!$L17,modeldata!W:W) -> 0 | Q17: =SUMIF(modeldata!$AD:$AD,FirstTransitMode!$L17,modeldata!X:X) -> 0 | R17: =SUMIF(modeldata!$AD:$AD,FirstTransitMode!$L17,modeldata!Y:Y) -> 0 | S17: =SUMIF(modeldata!$AD:$AD,FirstTransitMode!$L17,modeldata!Z:Z) -> 0 | T17: =SUMIF(modeldata!$AD:$AD,FirstTransitMode!$L17,modeldata!AA:AA) -> 0 | U17: =SUM(O17:T17) -> 0 | W17: =CONCATENATE("drv-wlk-",Y17,"-3") -> drv-wlk-CommRail-3 | Y17: CommRail | Z17: =SUMIF(modeldata!$AD:$AD,FirstTransitMode!$W17,modeldata!V:V) -> 0 | AA17: =SUMIF(modeldata!$AD:$AD,FirstTransitMode!$W17,modeldata!W:W) -> 0 | AB17: =SUMIF(modeldata!$AD:$AD,FirstTransitMode!$W17,modeldata!X:X) -> 0 | AC17: =SUMIF(modeldata!$AD:$AD,FirstTransitMode!$W17,modeldata!Y:Y) -> 0 | AD17: =SUMIF(modeldata!$AD:$AD,FirstTransitMode!$W17,modeldata!Z:Z) -> 0 | AE17: =SUMIF(modeldata!$AD:$AD,FirstTransitMode!$W17,modeldata!AA:AA) -> 0 | AF17: =SUM(Z17:AE17) -> 0 | AH17: =CONCATENATE("wlk-drv-",AJ17,"-3") -> wlk-drv-CommRail-3 | AJ17: CommRail | AK17: =SUMIF(modeldata!$AD:$AD,FirstTransitMode!$AH17,modeldata!V:V) -> 0 | AL17: =SUMIF(modeldata!$AD:$AD,FirstTransitMode!$AH17,modeldata!W:W) -> 0 | AM17: =SUMIF(modeldata!$AD:$AD,FirstTransitMode!$AH17,modeldata!X:X) -> 0 | AN17: =SUMIF(modeldata!$AD:$AD,FirstTransitMode!$AH17,modeldata!Y:Y) -> 0 | AO17: =SUMIF(modeldata!$AD:$AD,FirstTransitMode!$AH17,modeldata!Z:Z) -> 0 | AP17: =SUMIF(modeldata!$AD:$AD,FirstTransitMode!$AH17,modeldata!AA:AA) -> 0 | AQ17: =SUM(AK17:AP17) -> 0
A18: =CONCATENATE(C18,"-3") -> Unknown-3 | C18: Unknown | D18: =SUMIF(modeldata!$AC:$AC,FirstTransitMode!$A18,modeldata!V:V) -> 0 | E18: =SUMIF(modeldata!$AC:$AC,FirstTransitMode!$A18,modeldata!X:X) -> 0 | F18: =SUMIF(modeldata!$AC:$AC,FirstTransitMode!$A18,modeldata!Y:Y) -> 0 | G18: =SUMIF(modeldata!$AC:$AC,FirstTransitMode!$A18,modeldata!W:W) -> 0 | H18: =SUMIF(modeldata!$AC:$AC,FirstTransitMode!$A18,modeldata!Z:Z) -> 0 | I18: =SUMIF(modeldata!$AC:$AC,FirstTransitMode!$A18,modeldata!AA:AA) -> 0 | J18: =SUM(D18:I18) -> 0 | L18: =CONCATENATE("wlk-wlk-",N18,"-3") -> wlk-wlk-Unknown-3 | N18: Unknown | O18: =SUMIF(modeldata!$AD:$AD,FirstTransitMode!$L18,modeldata!V:V) -> 0 | P18: =SUMIF(modeldata!$AD:$AD,FirstTransitMode!$L18,modeldata!W:W) -> 0 | Q18: =SUMIF(modeldata!$AD:$AD,FirstTransitMode!$L18,modeldata!X:X) -> 0 | R18: =SUMIF(modeldata!$AD:$AD,FirstTransitMode!$L18,modeldata!Y:Y) -> 0 | S18: =SUMIF(modeldata!$AD:$AD,FirstTransitMode!$L18,modeldata!Z:Z) -> 0 | T18: =SUMIF(modeldata!$AD:$AD,FirstTransitMode!$L18,modeldata!AA:AA) -> 0 | U18: =SUM(O18:T18) -> 0 | W18: =CONCATENATE("drv-wlk-",Y18,"-3") -> drv-wlk-Unknown-3 | Y18: Unknown | Z18: =SUMIF(modeldata!$AD:$AD,FirstTransitMode!$W18,modeldata!V:V) -> 0 | AA18: =SUMIF(modeldata!$AD:$AD,FirstTransitMode!$W18,modeldata!W:W) -> 0 | AB18: =SUMIF(modeldata!$AD:$AD,FirstTransitMode!$W18,modeldata!X:X) -> 0 | AC18: =SUMIF(modeldata!$AD:$AD,FirstTransitMode!$W18,modeldata!Y:Y) -> 0 | AD18: =SUMIF(modeldata!$AD:$AD,FirstTransitMode!$W18,modeldata!Z:Z) -> 0 | AE18: =SUMIF(modeldata!$AD:$AD,FirstTransitMode!$W18,modeldata!AA:AA) -> 0 | AF18: =SUM(Z18:AE18) -> 0 | AH18: =CONCATENATE("wlk-drv-",AJ18,"-3") -> wlk-drv-Unknown-3 | AJ18: Unknown | AK18: =SUMIF(modeldata!$AD:$AD,FirstTransitMode!$AH18,modeldata!V:V) -> 0 | AL18: =SUMIF(modeldata!$AD:$AD,FirstTransitMode!$AH18,modeldata!W:W) -> 0 | AM18: =SUMIF(modeldata!$AD:$AD,FirstTransitMode!$AH18,modeldata!X:X) -> 0 | AN18: =SUMIF(modeldata!$AD:$AD,FirstTransitMode!$AH18,modeldata!Y:Y) -> 0 | AO18: =SUMIF(modeldata!$AD:$AD,FirstTransitMode!$AH18,modeldata!Z:Z) -> 0 | AP18: =SUMIF(modeldata!$AD:$AD,FirstTransitMode!$AH18,modeldata!AA:AA) -> 0 | AQ18: =SUM(AK18:AP18) -> 0
C19: Total | D19: =SUM(D12:D18) -> 3 | E19: =SUM(E12:E18) -> 3 | F19: =SUM(F12:F18) -> 3 | G19: =SUM(G12:G18) -> 3 | H19: =SUM(H12:H18) -> 3 | I19: =SUM(I12:I18) -> 3 | J19: =SUM(J12:J18) -> 18 | N19: Total | O19: =SUM(O12:O18) -> 1 | P19: =SUM(P12:P18) -> 1 | Q19: =SUM(Q12:Q18) -> 1 | R19: =SUM(R12:R18) -> 1 | S19: =SUM(S12:S18) -> 1 | T19: =SUM(T12:T18) -> 1 | U19: =SUM(U12:U18) -> 6 | Y19: Total | Z19: =SUM(Z12:Z18) -> 1 | AA19: =SUM(AA12:AA18) -> 1 | AB19: =SUM(AB12:AB18) -> 1 | AC19: =SUM(AC12:AC18) -> 1 | AD19: =SUM(AD12:AD18) -> 1 | AE19: =SUM(AE12:AE18) -> 1 | AF19: =SUM(AF12:AF18) -> 6 | AJ19: Total | AK19: =SUM(AK12:AK18) -> 1 | AL19: =SUM(AL12:AL18) -> 1 | AM19: =SUM(AM12:AM18) -> 1 | AN19: =SUM(AN12:AN18) -> 1 | AO19: =SUM(AO12:AO18) -> 1 | AP19: =SUM(AP12:AP18) -> 1 | AQ19: =SUM(AQ12:AQ18) -> 6
C21: First Transit Mode | D21: Local Bus | E21: Ferry | F21: Light Rail | G21: Express Bus | H21: Heavy Rail | I21: Commuter Rail | J21: Total | N21: First Transit Mode | O21: Local Bus | P21: Ferry | Q21: Light Rail | R21: Express Bus | S21: Heavy Rail | T21: Commuter Rail | U21: Total | Y21: First Transit Mode | Z21: Local Bus | AA21: Ferry | AB21: Light Rail | AC21: Express Bus | AD21: Heavy Rail | AE21: Commuter Rail | AF21: Total | AJ21: First Transit Mode | AK21: Local Bus | AL21: Ferry | AM21: Light Rail | AN21: Express Bus | AO21: Heavy Rail | AP21: Commuter Rail | AQ21: Total
B22: 2 boards | C22: Local | D22: =D4/D$11 -> 1 | E22: =E4/E$11 -> 1 | F22: =F4/F$11 -> 1 | G22: =G4/G$11 -> 1 | H22: =H4/H$11 -> 1 | I22: =I4/I$11 -> 1 | J22: =J4/J$11 -> 1 | M22: 2 boards | N22: Local | O22: =O4/O$11 -> 1 | P22: =P4/P$11 -> 1 | Q22: =Q4/Q$11 -> 1 | R22: =R4/R$11 -> 1 | S22: =S4/S$11 -> 1 | T22: =T4/T$11 -> 1 | U22: =U4/U$11 -> 1 | X22: 2 boards | Y22: Local | Z22: =Z4/Z$11 -> 1 | AA22: =AA4/AA$11 -> 1 | AB22: =AB4/AB$11 -> 1 | AC22: =AC4/AC$11 -> 1 | AD22: =AD4/AD$11 -> 1 | AE22: =AE4/AE$11 -> 1 | AF22: =AF4/AF$11 -> 1 | AI22: 2 boards | AJ22: Local | AK22: =AK4/AK$11 -> 1 | AL22: =AL4/AL$11 -> 1 | AM22: =AM4/AM$11 -> 1 | AN22: =AN4/AN$11 -> 1 | AO22: =AO4/AO$11 -> 1 | AP22: =AP4/AP$11 -> 1 | AQ22: =AQ4/AQ$11 -> 1
C23: Ferry | D23: =D5/D$11 -> 0 | E23: =E5/E$11 -> 0 | F23: =F5/F$11 -> 0 | G23: =G5/G$11 -> 0 | H23: =H5/H$11 -> 0 | I23: =I5/I$11 -> 0 | J23: =J5/J$11 -> 0 | N23: Ferry | O23: =O5/O$11 -> 0 | P23: =P5/P$11 -> 0 | Q23: =Q5/Q$11 -> 0 | R23: =R5/R$11 -> 0 | S23: =S5/S$11 -> 0 | T23: =T5/T$11 -> 0 | U23: =U5/U$11 -> 0 | Y23: Ferry | Z23: =Z5/Z$11 -> 0 | AA23: =AA5/AA$11 -> 0 | AB23: =AB5/AB$11 -> 0 | AC23: =AC5/AC$11 -> 0 | AD23: =AD5/AD$11 -> 0 | AE23: =AE5/AE$11 -> 0 | AF23: =AF5/AF$11 -> 0 | AJ23: Ferry | AK23: =AK5/AK$11 -> 0 | AL23: =AL5/AL$11 -> 0 | AM23: =AM5/AM$11 -> 0 | AN23: =AN5/AN$11 -> 0 | AO23: =AO5/AO$11 -> 0 | AP23: =AP5/AP$11 -> 0 | AQ23: =AQ5/AQ$11 -> 0
C24: LRT | D24: =D6/D$11 -> 0 | E24: =E6/E$11 -> 0 | F24: =F6/F$11 -> 0 | G24: =G6/G$11 -> 0 | H24: =H6/H$11 -> 0 | I24: =I6/I$11 -> 0 | J24: =J6/J$11 -> 0 | N24: LRT | O24: =O6/O$11 -> 0 | P24: =P6/P$11 -> 0 | Q24: =Q6/Q$11 -> 0 | R24: =R6/R$11 -> 0 | S24: =S6/S$11 -> 0 | T24: =T6/T$11 -> 0 | U24: =U6/U$11 -> 0 | Y24: LRT | Z24: =Z6/Z$11 -> 0 | AA24: =AA6/AA$11 -> 0 | AB24: =AB6/AB$11 -> 0 | AC24: =AC6/AC$11 -> 0 | AD24: =AD6/AD$11 -> 0 | AE24: =AE6/AE$11 -> 0 | AF24: =AF6/AF$11 -> 0 | AJ24: LRT | AK24: =AK6/AK$11 -> 0 | AL24: =AL6/AL$11 -> 0 | AM24: =AM6/AM$11 -> 0 | AN24: =AN6/AN$11 -> 0 | AO24: =AO6/AO$11 -> 0 | AP24: =AP6/AP$11 -> 0 | AQ24: =AQ6/AQ$11 -> 0
C25: Express | D25: =D7/D$11 -> 0 | E25: =E7/E$11 -> 0 | F25: =F7/F$11 -> 0 | G25: =G7/G$11 -> 0 | H25: =H7/H$11 -> 0 | I25: =I7/I$11 -> 0 | J25: =J7/J$11 -> 0 | N25: Express | O25: =O7/O$11 -> 0 | P25: =P7/P$11 -> 0 | Q25: =Q7/Q$11 -> 0 | R25: =R7/R$11 -> 0 | S25: =S7/S$11 -> 0 | T25: =T7/T$11 -> 0 | U25: =U7/U$11 -> 0 | Y25: Express | Z25: =Z7/Z$11 -> 0 | AA25: =AA7/AA$11 -> 0 | AB25: =AB7/AB$11 -> 0 | AC25: =AC7/AC$11 -> 0 | AD25: =AD7/AD$11 -> 0 | AE25: =AE7/AE$11 -> 0 | AF25: =AF7/AF$11 -> 0 | AJ25: Express | AK25: =AK7/AK$11 -> 0 | AL25: =AL7/AL$11 -> 0 | AM25: =AM7/AM$11 -> 0 | AN25: =AN7/AN$11 -> 0 | AO25: =AO7/AO$11 -> 0 | AP25: =AP7/AP$11 -> 0 | AQ25: =AQ7/AQ$11 -> 0
C26: HeavyRail | D26: =D8/D$11 -> 0 | E26: =E8/E$11 -> 0 | F26: =F8/F$11 -> 0 | G26: =G8/G$11 -> 0 | H26: =H8/H$11 -> 0 | I26: =I8/I$11 -> 0 | J26: =J8/J$11 -> 0 | N26: HeavyRail | O26: =O8/O$11 -> 0 | P26: =P8/P$11 -> 0 | Q26: =Q8/Q$11 -> 0 | R26: =R8/R$11 -> 0 | S26: =S8/S$11 -> 0 | T26: =T8/T$11 -> 0 | U26: =U8/U$11 -> 0 | Y26: HeavyRail | Z26: =Z8/Z$11 -> 0 | AA26: =AA8/AA$11 -> 0 | AB26: =AB8/AB$11 -> 0 | AC26: =AC8/AC$11 -> 0 | AD26: =AD8/AD$11 -> 0 | AE26: =AE8/AE$11 -> 0 | AF26: =AF8/AF$11 -> 0 | AJ26: HeavyRail | AK26: =AK8/AK$11 -> 0 | AL26: =AL8/AL$11 -> 0 | AM26: =AM8/AM$11 -> 0 | AN26: =AN8/AN$11 -> 0 | AO26: =AO8/AO$11 -> 0 | AP26: =AP8/AP$11 -> 0 | AQ26: =AQ8/AQ$11 -> 0
C27: CommRail | D27: =D9/D$11 -> 0 | E27: =E9/E$11 -> 0 | F27: =F9/F$11 -> 0 | G27: =G9/G$11 -> 0 | H27: =H9/H$11 -> 0 | I27: =I9/I$11 -> 0 | J27: =J9/J$11 -> 0 | N27: CommRail | O27: =O9/O$11 -> 0 | P27: =P9/P$11 -> 0 | Q27: =Q9/Q$11 -> 0 | R27: =R9/R$11 -> 0 | S27: =S9/S$11 -> 0 | T27: =T9/T$11 -> 0 | U27: =U9/U$11 -> 0 | Y27: CommRail | Z27: =Z9/Z$11 -> 0 | AA27: =AA9/AA$11 -> 0 | AB27: =AB9/AB$11 -> 0 | AC27: =AC9/AC$11 -> 0 | AD27: =AD9/AD$11 -> 0 | AE27: =AE9/AE$11 -> 0 | AF27: =AF9/AF$11 -> 0 | AJ27: CommRail | AK27: =AK9/AK$11 -> 0 | AL27: =AL9/AL$11 -> 0 | AM27: =AM9/AM$11 -> 0 | AN27: =AN9/AN$11 -> 0 | AO27: =AO9/AO$11 -> 0 | AP27: =AP9/AP$11 -> 0 | AQ27: =AQ9/AQ$11 -> 0
C28: Unknown | D28: =D10/D$11 -> 0 | E28: =E10/E$11 -> 0 | F28: =F10/F$11 -> 0 | G28: =G10/G$11 -> 0 | H28: =H10/H$11 -> 0 | I28: =I10/I$11 -> 0 | J28: =J10/J$11 -> 0 | N28: Unknown | O28: =O10/O$11 -> 0 | P28: =P10/P$11 -> 0 | Q28: =Q10/Q$11 -> 0 | R28: =R10/R$11 -> 0 | S28: =S10/S$11 -> 0 | T28: =T10/T$11 -> 0 | U28: =U10/U$11 -> 0 | Y28: Unknown | Z28: =Z10/Z$11 -> 0 | AA28: =AA10/AA$11 -> 0 | AB28: =AB10/AB$11 -> 0 | AC28: =AC10/AC$11 -> 0 | AD28: =AD10/AD$11 -> 0 | AE28: =AE10/AE$11 -> 0 | AF28: =AF10/AF$11 -> 0 | AJ28: Unknown | AK28: =AK10/AK$11 -> 0 | AL28: =AL10/AL$11 -> 0 | AM28: =AM10/AM$11 -> 0 | AN28: =AN10/AN$11 -> 0 | AO28: =AO10/AO$11 -> 0 | AP28: =AP10/AP$11 -> 0 | AQ28: =AQ10/AQ$11 -> 0
C29: Total | D29: =SUM(D22:D28) -> 1 | E29: =SUM(E22:E28) -> 1 | F29: =SUM(F22:F28) -> 1 | G29: =SUM(G22:G28) -> 1 | H29: =SUM(H22:H28) -> 1 | I29: =SUM(I22:I28) -> 1 | J29: =SUM(J22:J28) -> 1 | N29: Total | O29: =SUM(O22:O28) -> 1 | P29: =SUM(P22:P28) -> 1 | Q29: =SUM(Q22:Q28) -> 1 | R29: =SUM(R22:R28) -> 1 | S29: =SUM(S22:S28) -> 1 | T29: =SUM(T22:T28) -> 1 | U29: =SUM(U22:U28) -> 1 | Y29: Total | Z29: =SUM(Z22:Z28) -> 1 | AA29: =SUM(AA22:AA28) -> 1 | AB29: =SUM(AB22:AB28) -> 1 | AC29: =SUM(AC22:AC28) -> 1 | AD29: =SUM(AD22:AD28) -> 1 | AE29: =SUM(AE22:AE28) -> 1 | AF29: =SUM(AF22:AF28) -> 1 | AJ29: Total | AK29: =SUM(AK22:AK28) -> 1 | AL29: =SUM(AL22:AL28) -> 1 | AM29: =SUM(AM22:AM28) -> 1 | AN29: =SUM(AN22:AN28) -> 1 | AO29: =SUM(AO22:AO28) -> 1 | AP29: =SUM(AP22:AP28) -> 1 | AQ29: =SUM(AQ22:AQ28) -> 1
B30: 3 boards | C30: Local | D30: =D12/D$19 -> 1 | E30: =E12/E$19 -> 1 | F30: =F12/F$19 -> 1 | G30: =G12/G$19 -> 1 | H30: =H12/H$19 -> 1 | I30: =I12/I$19 -> 1 | J30: =J12/J$19 -> 1 | M30: 3 boards | N30: Local | O30: =O12/O$19 -> 1 | P30: =P12/P$19 -> 1 | Q30: =Q12/Q$19 -> 1 | R30: =R12/R$19 -> 1 | S30: =S12/S$19 -> 1 | T30: =T12/T$19 -> 1 | U30: =U12/U$19 -> 1 | X30: 3 boards | Y30: Local | Z30: =Z12/Z$19 -> 1 | AA30: =AA12/AA$19 -> 1 | AB30: =AB12/AB$19 -> 1 | AC30: =AC12/AC$19 -> 1 | AD30: =AD12/AD$19 -> 1 | AE30: =AE12/AE$19 -> 1 | AF30: =AF12/AF$19 -> 1 | AI30: 3 boards | AJ30: Local | AK30: =AK12/AK$19 -> 1 | AL30: =AL12/AL$19 -> 1 | AM30: =AM12/AM$19 -> 1 | AN30: =AN12/AN$19 -> 1 | AO30: =AO12/AO$19 -> 1 | AP30: =AP12/AP$19 -> 1 | AQ30: =AQ12/AQ$19 -> 1
C31: Ferry | D31: =D13/D$19 -> 0 | E31: =E13/E$19 -> 0 | F31: =F13/F$19 -> 0 | G31: =G13/G$19 -> 0 | H31: =H13/H$19 -> 0 | I31: =I13/I$19 -> 0 | J31: =J13/J$19 -> 0 | N31: Ferry | O31: =O13/O$19 -> 0 | P31: =P13/P$19 -> 0 | Q31: =Q13/Q$19 -> 0 | R31: =R13/R$19 -> 0 | S31: =S13/S$19 -> 0 | T31: =T13/T$19 -> 0 | U31: =U13/U$19 -> 0 | Y31: Ferry | Z31: =Z13/Z$19 -> 0 | AA31: =AA13/AA$19 -> 0 | AB31: =AB13/AB$19 -> 0 | AC31: =AC13/AC$19 -> 0 | AD31: =AD13/AD$19 -> 0 | AE31: =AE13/AE$19 -> 0 | AF31: =AF13/AF$19 -> 0 | AJ31: Ferry | AK31: =AK13/AK$19 -> 0 | AL31: =AL13/AL$19 -> 0 | AM31: =AM13/AM$19 -> 0 | AN31: =AN13/AN$19 -> 0 | AO31: =AO13/AO$19 -> 0 | AP31: =AP13/AP$19 -> 0 | AQ31: =AQ13/AQ$19 -> 0
C32: LRT | D32: =D14/D$19 -> 0 | E32: =E14/E$19 -> 0 | F32: =F14/F$19 -> 0 | G32: =G14/G$19 -> 0 | H32: =H14/H$19 -> 0 | I32: =I14/I$19 -> 0 | J32: =J14/J$19 -> 0 | N32: LRT | O32: =O14/O$19 -> 0 | P32: =P14/P$19 -> 0 | Q32: =Q14/Q$19 -> 0 | R32: =R14/R$19 -> 0 | S32: =S14/S$19 -> 0 | T32: =T14/T$19 -> 0 | U32: =U14/U$19 -> 0 | Y32: LRT | Z32: =Z14/Z$19 -> 0 | AA32: =AA14/AA$19 -> 0 | AB32: =AB14/AB$19 -> 0 | AC32: =AC14/AC$19 -> 0 | AD32: =AD14/AD$19 -> 0 | AE32: =AE14/AE$19 -> 0 | AF32: =AF14/AF$19 -> 0 | AJ32: LRT | AK32: =AK14/AK$19 -> 0 | AL32: =AL14/AL$19 -> 0 | AM32: =AM14/AM$19 -> 0 | AN32: =AN14/AN$19 -> 0 | AO32: =AO14/AO$19 -> 0 | AP32: =AP14/AP$19 -> 0 | AQ32: =AQ14/AQ$19 -> 0
C33: Express | D33: =D15/D$19 -> 0 | E33: =E15/E$19 -> 0 | F33: =F15/F$19 -> 0 | G33: =G15/G$19 -> 0 | H33: =H15/H$19 -> 0 | I33: =I15/I$19 -> 0 | J33: =J15/J$19 -> 0 | N33: Express | O33: =O15/O$19 -> 0 | P33: =P15/P$19 -> 0 | Q33: =Q15/Q$19 -> 0 | R33: =R15/R$19 -> 0 | S33: =S15/S$19 -> 0 | T33: =T15/T$19 -> 0 | U33: =U15/U$19 -> 0 | Y33: Express | Z33: =Z15/Z$19 -> 0 | AA33: =AA15/AA$19 -> 0 | AB33: =AB15/AB$19 -> 0 | AC33: =AC15/AC$19 -> 0 | AD33: =AD15/AD$19 -> 0 | AE33: =AE15/AE$19 -> 0 | AF33: =AF15/AF$19 -> 0 | AJ33: Express | AK33: =AK15/AK$19 -> 0 | AL33: =AL15/AL$19 -> 0 | AM33: =AM15/AM$19 -> 0 | AN33: =AN15/AN$19 -> 0 | AO33: =AO15/AO$19 -> 0 | AP33: =AP15/AP$19 -> 0 | AQ33: =AQ15/AQ$19 -> 0
C34: HeavyRail | D34: =D16/D$19 -> 0 | E34: =E16/E$19 -> 0 | F34: =F16/F$19 -> 0 | G34: =G16/G$19 -> 0 | H34: =H16/H$19 -> 0 | I34: =I16/I$19 -> 0 | J34: =J16/J$19 -> 0 | N34: HeavyRail | O34: =O16/O$19 -> 0 | P34: =P16/P$19 -> 0 | Q34: =Q16/Q$19 -> 0 | R34: =R16/R$19 -> 0 | S34: =S16/S$19 -> 0 | T34: =T16/T$19 -> 0 | U34: =U16/U$19 -> 0 | Y34: HeavyRail | Z34: =Z16/Z$19 -> 0 | AA34: =AA16/AA$19 -> 0 | AB34: =AB16/AB$19 -> 0 | AC34: =AC16/AC$19 -> 0 | AD34: =AD16/AD$19 -> 0 | AE34: =AE16/AE$19 -> 0 | AF34: =AF16/AF$19 -> 0 | AJ34: HeavyRail | AK34: =AK16/AK$19 -> 0 | AL34: =AL16/AL$19 -> 0 | AM34: =AM16/AM$19 -> 0 | AN34: =AN16/AN$19 -> 0 | AO34: =AO16/AO$19 -> 0 | AP34: =AP16/AP$19 -> 0 | AQ34: =AQ16/AQ$19 -> 0
C35: CommRail | D35: =D17/D$19 -> 0 | E35: =E17/E$19 -> 0 | F35: =F17/F$19 -> 0 | G35: =G17/G$19 -> 0 | H35: =H17/H$19 -> 0 | I35: =I17/I$19 -> 0 | J35: =J17/J$19 -> 0 | N35: CommRail | O35: =O17/O$19 -> 0 | P35: =P17/P$19 -> 0 | Q35: =Q17/Q$19 -> 0 | R35: =R17/R$19 -> 0 | S35: =S17/S$19 -> 0 | T35: =T17/T$19 -> 0 | U35: =U17/U$19 -> 0 | Y35: CommRail | Z35: =Z17/Z$19 -> 0 | AA35: =AA17/AA$19 -> 0 | AB35: =AB17/AB$19 -> 0 | AC35: =AC17/AC$19 -> 0 | AD35: =AD17/AD$19 -> 0 | AE35: =AE17/AE$19 -> 0 | AF35: =AF17/AF$19 -> 0 | AJ35: CommRail | AK35: =AK17/AK$19 -> 0 | AL35: =AL17/AL$19 -> 0 | AM35: =AM17/AM$19 -> 0 | AN35: =AN17/AN$19 -> 0 | AO35: =AO17/AO$19 -> 0 | AP35: =AP17/AP$19 -> 0 | AQ35: =AQ17/AQ$19 -> 0
C36: Unknown | D36: =D18/D$19 -> 0 | E36: =E18/E$19 -> 0 | F36: =F18/F$19 -> 0 | G36: =G18/G$19 -> 0 | H36: =H18/H$19 -> 0 | I36: =I18/I$19 -> 0 | J36: =J18/J$19 -> 0 | N36: Unknown | O36: =O18/O$19 -> 0 | P36: =P18/P$19 -> 0 | Q36: =Q18/Q$19 -> 0 | R36: =R18/R$19 -> 0 | S36: =S18/S$19 -> 0 | T36: =T18/T$19 -> 0 | U36: =U18/U$19 -> 0 | Y36: Unknown | Z36: =Z18/Z$19 -> 0 | AA36: =AA18/AA$19 -> 0 | AB36: =AB18/AB$19 -> 0 | AC36: =AC18/AC$19 -> 0 | AD36: =AD18/AD$19 -> 0 | AE36: =AE18/AE$19 -> 0 | AF36: =AF18/AF$19 -> 0 | AJ36: Unknown | AK36: =AK18/AK$19 -> 0 | AL36: =AL18/AL$19 -> 0 | AM36: =AM18/AM$19 -> 0 | AN36: =AN18/AN$19 -> 0 | AO36: =AO18/AO$19 -> 0 | AP36: =AP18/AP$19 -> 0 | AQ36: =AQ18/AQ$19 -> 0
C37: Total | D37: =D19/D$19 -> 1 | E37: =E19/E$19 -> 1 | F37: =F19/F$19 -> 1 | G37: =G19/G$19 -> 1 | H37: =H19/H$19 -> 1 | I37: =I19/I$19 -> 1 | J37: =J19/J$19 -> 1 | N37: Total | O37: =O19/O$19 -> 1 | P37: =P19/P$19 -> 1 | Q37: =Q19/Q$19 -> 1 | R37: =R19/R$19 -> 1 | S37: =S19/S$19 -> 1 | T37: =T19/T$19 -> 1 | U37: =U19/U$19 -> 1 | Y37: Total | Z37: =Z19/Z$19 -> 1 | AA37: =AA19/AA$19 -> 1 | AB37: =AB19/AB$19 -> 1 | AC37: =AC19/AC$19 -> 1 | AD37: =AD19/AD$19 -> 1 | AE37: =AE19/AE$19 -> 1 | AF37: =AF19/AF$19 -> 1 | AJ37: Total | AK37: =AK19/AK$19 -> 1 | AL37: =AL19/AL$19 -> 1 | AM37: =AM19/AM$19 -> 1 | AN37: =AN19/AN$19 -> 1 | AO37: =AO19/AO$19 -> 1 | AP37: =AP19/AP$19 -> 1 | AQ37: =AQ19/AQ$19 -> 1

Sheet SF_transit
E2: Observed | F2: Modeled | G2: Diff - Absolute | H2: Diff - Pct
A3: work | B3: 1 | C3: walk | D3: To San Francisco | E3: {=SUM(IF((OBS_District_Flows!$B:$B=$C3)*(OBS_District_Flows!$C:$C="Total")*(IFERROR(FIND("San Francisco",OBS_District_Flows!$E:$E),-1)>=0)*(IFERROR(FIND("San Francisco",OBS_District_Flows!$D:$D),-1)=-1)*(OBS_District_Flows!$G:$G=$B3),OBS_District_Flows!$F:$F,0))} -> 0 | F3: {=SUM(IF((modeldata!$K:$K=$C3)*(modeldata!$L:$L="Total")*(IFERROR(FIND("San Francisco",modeldata!$N:$N),-1)>=0)*(IFERROR(FIND("San Francisco",modeldata!$M:$M),-1)=-1)*(modeldata!$O:$O=$A3),modeldata!$P:$P,0))} -> 0 | G3: =F3-E3 -> 0 | H3: =G3/E3 -> #DIV/0!
D4: From San Francisco | E4: {=SUM(IF((OBS_District_Flows!$B:$B=$C3)*(OBS_District_Flows!$C:$C="Total")*(IFERROR(FIND("San Francisco",OBS_District_Flows!$E:$E),-1)=-1)*(IFERROR(FIND("San Francisco",OBS_District_Flows!$D:$D),-1)>=0)*(OBS_District_Flows!$G:$G=$B3),OBS_District_Flows!$F:$F,0))} -> 0 | F4: {=SUM(IF((modeldata!$K:$K=$C3)*(modeldata!$L:$L="Total")*(IFERROR(FIND("San Francisco",modeldata!$N:$N),-1)=-1)*(IFERROR(FIND("San Francisco",modeldata!$M:$M),-1)>=0)*(modeldata!$O:$O=$A3),modeldata!$P:$P,0))} -> 0 | G4: =F4-E4 -> 0 | H4: =G4/E4 -> #DIV/0!
D5: Within San Francisco | E5: {=SUM(IF((OBS_District_Flows!$B:$B=$C3)*(OBS_District_Flows!$C:$C="Total")*(IFERROR(FIND("San Francisco",OBS_District_Flows!$E:$E),-1)>=0)*(IFERROR(FIND("San Francisco",OBS_District_Flows!$D:$D),-1)>=0)*(OBS_District_Flows!$G:$G=$B3),OBS_District_Flows!$F:$F,0))} -> 0 | F5: {=SUM(IF((modeldata!$K:$K=$C3)*(modeldata!$L:$L="Total")*(IFERROR(FIND("San Francisco",modeldata!$N:$N),-1)>=0)*(IFERROR(FIND("San Francisco",modeldata!$M:$M),-1)>=0)*(modeldata!$O:$O=$A3),modeldata!$P:$P,0))} -> 0 | G5: =F5-E5 -> 0 | H5: =G5/E5 -> #DIV/0!
A6: work | B6: 1 | C6: drive | D6: To San Francisco | E6: {=SUM(IF((OBS_District_Flows!$B:$B=$C6)*(OBS_District_Flows!$C:$C="Total")*(IFERROR(FIND("San Francisco",OBS_District_Flows!$E:$E),-1)>=0)*(IFERROR(FIND("San Francisco",OBS_District_Flows!$D:$D),-1)=-1)*(OBS_District_Flows!$G:$G=$B6),OBS_District_Flows!$F:$F,0))} -> 0 | F6: {=SUM(IF((modeldata!$K:$K=$C6)*(modeldata!$L:$L="Total")*(IFERROR(FIND("San Francisco",modeldata!$N:$N),-1)>=0)*(IFERROR(FIND("San Francisco",modeldata!$M:$M),-1)=-1)*(modeldata!$O:$O=$A6),modeldata!$P:$P,0))} -> 0 | G6: =F6-E6 -> 0 | H6: =G6/E6 -> #DIV/0!
D7: From San Francisco | E7: {=SUM(IF((OBS_District_Flows!$B:$B=$C6)*(OBS_District_Flows!$C:$C="Total")*(IFERROR(FIND("San Francisco",OBS_District_Flows!$E:$E),-1)=-1)*(IFERROR(FIND("San Francisco",OBS_District_Flows!$D:$D),-1)>=0)*(OBS_District_Flows!$G:$G=$B6),OBS_District_Flows!$F:$F,0))} -> 0 | F7: {=SUM(IF((modeldata!$K:$K=$C6)*(modeldata!$L:$L="Total")*(IFERROR(FIND("San Francisco",modeldata!$N:$N),-1)=-1)*(IFERROR(FIND("San Francisco",modeldata!$M:$M),-1)>=0)*(modeldata!$O:$O=$A6),modeldata!$P:$P,0))} -> 0 | G7: =F7-E7 -> 0 | H7: =G7/E7 -> #DIV/0!
D8: Within San Francisco | E8: {=SUM(IF((OBS_District_Flows!$B:$B=$C6)*(OBS_District_Flows!$C:$C="Total")*(IFERROR(FIND("San Francisco",OBS_District_Flows!$E:$E),-1)>=0)*(IFERROR(FIND("San Francisco",OBS_District_Flows!$D:$D),-1)>=0)*(OBS_District_Flows!$G:$G=$B6),OBS_District_Flows!$F:$F,0))} -> 0 | F8: {=SUM(IF((modeldata!$K:$K=$C6)*(modeldata!$L:$L="Total")*(IFERROR(FIND("San Francisco",modeldata!$N:$N),-1)>=0)*(IFERROR(FIND("San Francisco",modeldata!$M:$M),-1)>=0)*(modeldata!$O:$O=$A6),modeldata!$P:$P,0))} -> 0 | G8: =F8-E8 -> 0 | H8: =G8/E8 -> #DIV/0!
A9: university | B9: 2 | C9: walk | D9: To San Francisco | E9: {=SUM(IF((OBS_District_Flows!$B:$B=$C9)*(OBS_District_Flows!$C:$C="Total")*(IFERROR(FIND("San Francisco",OBS_District_Flows!$E:$E),-1)>=0)*(IFERROR(FIND("San Francisco",OBS_District_Flows!$D:$D),-1)=-1)*(OBS_District_Flows!$G:$G=$B9),OBS_District_Flows!$F:$F,0))} -> 0 | F9: {=SUM(IF((modeldata!$K:$K=$C9)*(modeldata!$L:$L="Total")*(IFERROR(FIND("San Francisco",modeldata!$N:$N),-1)>=0)*(IFERROR(FIND("San Francisco",modeldata!$M:$M),-1)=-1)*(modeldata!$O:$O=$A9),modeldata!$P:$P,0))} -> 0 | G9: =F9-E9 -> 0 | H9: =G9/E9 -> #DIV/0!
D10: From San Francisco | E10: {=SUM(IF((OBS_District_Flows!$B:$B=$C9)*(OBS_District_Flows!$C:$C="Total")*(IFERROR(FIND("San Francisco",OBS_District_Flows!$E:$E),-1)=-1)*(IFERROR(FIND("San Francisco",OBS_District_Flows!$D:$D),-1)>=0)*(OBS_District_Flows!$G:$G=$B9),OBS_District_Flows!$F:$F,0))} -> 0 | F10: {=SUM(IF((modeldata!$K:$K=$C9)*(modeldata!$L:$L="Total")*(IFERROR(FIND("San Francisco",modeldata!$N:$N),-1)=-1)*(IFERROR(FIND("San Francisco",modeldata!$M:$M),-1)>=0)*(modeldata!$O:$O=$A9),modeldata!$P:$P,0))} -> 0 | G10: =F10-E10 -> 0 | H10: =G10/E10 -> #DIV/0!
D11: Within San Francisco | E11: {=SUM(IF((OBS_District_Flows!$B:$B=$C9)*(OBS_District_Flows!$C:$C="Total")*(IFERROR(FIND("San Francisco",OBS_District_Flows!$E:$E),-1)>=0)*(IFERROR(FIND("San Francisco",OBS_District_Flows!$D:$D),-1)>=0)*(OBS_District_Flows!$G:$G=$B9),OBS_District_Flows!$F:$F,0))} -> 0 | F11: {=SUM(IF((modeldata!$K:$K=$C9)*(modeldata!$L:$L="Total")*(IFERROR(FIND("San Francisco",modeldata!$N:$N),-1)>=0)*(IFERROR(FIND("San Francisco",modeldata!$M:$M),-1)>=0)*(modeldata!$O:$O=$A9),modeldata!$P:$P,0))} -> 0 | G11: =F11-E11 -> 0 | H11: =G11/E11 -> #DIV/0!
A12: university | B12: 2 | C12: drive | D12: To San Francisco | E12: {=SUM(IF((OBS_District_Flows!$B:$B=$C12)*(OBS_District_Flows!$C:$C="Total")*(IFERROR(FIND("San Francisco",OBS_District_Flows!$E:$E),-1)>=0)*(IFERROR(FIND("San Francisco",OBS_District_Flows!$D:$D),-1)=-1)*(OBS_District_Flows!$G:$G=$B12),OBS_District_Flows!$F:$F,0))} -> 0 | F12: {=SUM(IF((modeldata!$K:$K=$C12)*(modeldata!$L:$L="Total")*(IFERROR(FIND("San Francisco",modeldata!$N:$N),-1)>=0)*(IFERROR(FIND("San Francisco",modeldata!$M:$M),-1)=-1)*(modeldata!$O:$O=$A12),modeldata!$P:$P,0))} -> 0 | G12: =F12-E12 -> 0 | H12: =G12/E12 -> #DIV/0!
D13: From San Francisco | E13: {=SUM(IF((OBS_District_Flows!$B:$B=$C12)*(OBS_District_Flows!$C:$C="Total")*(IFERROR(FIND("San Francisco",OBS_District_Flows!$E:$E),-1)=-1)*(IFERROR(FIND("San Francisco",OBS_District_Flows!$D:$D),-1)>=0)*(OBS_District_Flows!$G:$G=$B12),OBS_District_Flows!$F:$F,0))} -> 0 | F13: {=SUM(IF((modeldata!$K:$K=$C12)*(modeldata!$L:$L="Total")*(IFERROR(FIND("San Francisco",modeldata!$N:$N),-1)=-1)*(IFERROR(FIND("San Francisco",modeldata!$M:$M),-1)>=0)*(modeldata!$O:$O=$A12),modeldata!$P:$P,0))} -> 0 | G13: =F13-E13 -> 0 | H13: =G13/E13 -> #DIV/0!
D14: Within San Francisco | E14: {=SUM(IF((OBS_District_Flows!$B:$B=$C12)*(OBS_District_Flows!$C:$C="Total")*(IFERROR(FIND("San Francisco",OBS_District_Flows!$E:$E),-1)>=0)*(IFERROR(FIND("San Francisco",OBS_District_Flows!$D:$D),-1)>=0)*(OBS_District_Flows!$G:$G=$B12),OBS_District_Flows!$F:$F,0))} -> 0 | F14: {=SUM(IF((modeldata!$K:$K=$C12)*(modeldata!$L:$L="Total")*(IFERROR(FIND("San Francisco",modeldata!$N:$N),-1)>=0)*(IFERROR(FIND("San Francisco",modeldata!$M:$M),-1)>=0)*(modeldata!$O:$O=$A12),modeldata!$P:$P,0))} -> 0 | G14: =F14-E14 -> 0 | H14: =G14/E14 -> #DIV/0!
A15: school | B15: 3 | C15: walk | D15: To San Francisco | E15: {=SUM(IF((OBS_District_Flows!$B:$B=$C15)*(OBS_District_Flows!$C:$C="Total")*(IFERROR(FIND("San Francisco",OBS_District_Flows!$E:$E),-1)>=0)*(IFERROR(FIND("San Francisco",OBS_District_Flows!$D:$D),-1)=-1)*(OBS_District_Flows!$G:$G=$B15),OBS_District_Flows!$F:$F,0))} -> 0 | F15: {=SUM(IF((modeldata!$K:$K=$C15)*(modeldata!$L:$L="Total")*(IFERROR(FIND("San Francisco",modeldata!$N:$N),-1)>=0)*(IFERROR(FIND("San Francisco",modeldata!$M:$M),-1)=-1)*(modeldata!$O:$O=$A15),modeldata!$P:$P,0))} -> 0 | G15: =F15-E15 -> 0 | H15: =G15/E15 -> #DIV/0!
D16: From San Francisco | E16: {=SUM(IF((OBS_District_Flows!$B:$B=$C15)*(OBS_District_Flows!$C:$C="Total")*(IFERROR(FIND("San Francisco",OBS_District_Flows!$E:$E),-1)=-1)*(IFERROR(FIND("San Francisco",OBS_District_Flows!$D:$D),-1)>=0)*(OBS_District_Flows!$G:$G=$B15),OBS_District_Flows!$F:$F,0))} -> 0 | F16: {=SUM(IF((modeldata!$K:$K=$C15)*(modeldata!$L:$L="Total")*(IFERROR(FIND("San Francisco",modeldata!$N:$N),-1)=-1)*(IFERROR(FIND("San Francisco",modeldata!$M:$M),-1)>=0)*(modeldata!$O:$O=$A15),modeldata!$P:$P,0))} -> 0 | G16: =F16-E16 -> 0 | H16: =G16/E16 -> #DIV/0!
D17: Within San Francisco | E17: {=SUM(IF((OBS_District_Flows!$B:$B=$C15)*(OBS_District_Flows!$C:$C="Total")*(IFERROR(FIND("San Francisco",OBS_District_Flows!$E:$E),-1)>=0)*(IFERROR(FIND("San Francisco",OBS_District_Flows!$D:$D),-1)>=0)*(OBS_District_Flows!$G:$G=$B15),OBS_District_Flows!$F:$F,0))} -> 0 | F17: {=SUM(IF((modeldata!$K:$K=$C15)*(modeldata!$L:$L="Total")*(IFERROR(FIND("San Francisco",modeldata!$N:$N),-1)>=0)*(IFERROR(FIND("San Francisco",modeldata!$M:$M),-1)>=0)*(modeldata!$O:$O=$A15),modeldata!$P:$P,0))} -> 0 | G17: =F17-E17 -> 0 | H17: =G17/E17 -> #DIV/0!
A18: school | B18: 3 | C18: drive | D18: To San Francisco | E18: {=SUM(IF((OBS_District_Flows!$B:$B=$C18)*(OBS_District_Flows!$C:$C="Total")*(IFERROR(FIND("San Francisco",OBS_District_Flows!$E:$E),-1)>=0)*(IFERROR(FIND("San Francisco",OBS_District_Flows!$D:$D),-1)=-1)*(OBS_District_Flows!$G:$G=$B18),OBS_District_Flows!$F:$F,0))} -> 0 | F18: {=SUM(IF((modeldata!$K:$K=$C18)*(modeldata!$L:$L="Total")*(IFERROR(FIND("San Francisco",modeldata!$N:$N),-1)>=0)*(IFERROR(FIND("San Francisco",modeldata!$M:$M),-1)=-1)*(modeldata!$O:$O=$A18),modeldata!$P:$P,0))} -> 0 | G18: =F18-E18 -> 0 | H18: =G18/E18 -> #DIV/0!
D19: From San Francisco | E19: {=SUM(IF((OBS_District_Flows!$B:$B=$C18)*(OBS_District_Flows!$C:$C="Total")*(IFERROR(FIND("San Francisco",OBS_District_Flows!$E:$E),-1)=-1)*(IFERROR(FIND("San Francisco",OBS_District_Flows!$D:$D),-1)>=0)*(OBS_District_Flows!$G:$G=$B18),OBS_District_Flows!$F:$F,0))} -> 0 | F19: {=SUM(IF((modeldata!$K:$K=$C18)*(modeldata!$L:$L="Total")*(IFERROR(FIND("San Francisco",modeldata!$N:$N),-1)=-1)*(IFERROR(FIND("San Francisco",modeldata!$M:$M),-1)>=0)*(modeldata!$O:$O=$A18),modeldata!$P:$P,0))} -> 0 | G19: =F19-E19 -> 0 | H19: =G19/E19 -> #DIV/0!
D20: Within San Francisco | E20: {=SUM(IF((OBS_District_Flows!$B:$B=$C18)*(OBS_District_Flows!$C:$C="Total")*(IFERROR(FIND("San Francisco",OBS_District_Flows!$E:$E),-1)>=0)*(IFERROR(FIND("San Francisco",OBS_District_Flows!$D:$D),-1)>=0)*(OBS_District_Flows!$G:$G=$B18),OBS_District_Flows!$F:$F,0))} -> 0 | F20: {=SUM(IF((modeldata!$K:$K=$C18)*(modeldata!$L:$L="Total")*(IFERROR(FIND("San Francisco",modeldata!$N:$N),-1)>=0)*(IFERROR(FIND("San Francisco",modeldata!$M:$M),-1)>=0)*(modeldata!$O:$O=$A18),modeldata!$P:$P,0))} -> 0 | G20: =F20-E20 -> 0 | H20: =G20/E20 -> #DIV/0!
A21: ind_maint | B21: 4 | C21: walk | D21: To San Francisco | E21: {=SUM(IF((OBS_District_Flows!$B:$B=$C21)*(OBS_District_Flows!$C:$C="Total")*(IFERROR(FIND("San Francisco",OBS_District_Flows!$E:$E),-1)>=0)*(IFERROR(FIND("San Francisco",OBS_District_Flows!$D:$D),-1)=-1)*(OBS_District_Flows!$G:$G=$B21),OBS_District_Flows!$F:$F,0))} -> 0 | F21: {=SUM(IF((modeldata!$K:$K=$C21)*(modeldata!$L:$L="Total")*(IFERROR(FIND("San Francisco",modeldata!$N:$N),-1)>=0)*(IFERROR(FIND("San Francisco",modeldata!$M:$M),-1)=-1)*(modeldata!$O:$O=$A21),modeldata!$P:$P,0))} -> 0 | G21: =F21-E21 -> 0 | H21: =G21/E21 -> #DIV/0!
D22: From San Francisco | E22: {=SUM(IF((OBS_District_Flows!$B:$B=$C21)*(OBS_District_Flows!$C:$C="Total")*(IFERROR(FIND("San Francisco",OBS_District_Flows!$E:$E),-1)=-1)*(IFERROR(FIND("San Francisco",OBS_District_Flows!$D:$D),-1)>=0)*(OBS_District_Flows!$G:$G=$B21),OBS_District_Flows!$F:$F,0))} -> 0 | F22: {=SUM(IF((modeldata!$K:$K=$C21)*(modeldata!$L:$L="Total")*(IFERROR(FIND("San Francisco",modeldata!$N:$N),-1)=-1)*(IFERROR(FIND("San Francisco",modeldata!$M:$M),-1)>=0)*(modeldata!$O:$O=$A21),modeldata!$P:$P,0))} -> 0 | G22: =F22-E22 -> 0 | H22: =G22/E22 -> #DIV/0!
D23: Within San Francisco | E23: {=SUM(IF((OBS_District_Flows!$B:$B=$C21)*(OBS_District_Flows!$C:$C="Total")*(IFERROR(FIND("San Francisco",OBS_District_Flows!$E:$E),-1)>=0)*(IFERROR(FIND("San Francisco",OBS_District_Flows!$D:$D),-1)>=0)*(OBS_District_Flows!$G:$G=$B21),OBS_District_Flows!$F:$F,0))} -> 0 | F23: {=SUM(IF((modeldata!$K:$K=$C21)*(modeldata!$L:$L="Total")*(IFERROR(FIND("San Francisco",modeldata!$N:$N),-1)>=0)*(IFERROR(FIND("San Francisco",modeldata!$M:$M),-1)>=0)*(modeldata!$O:$O=$A21),modeldata!$P:$P,0))} -> 0 | G23: =F23-E23 -> 0 | H23: =G23/E23 -> #DIV/0!
A24: ind_maint | B24: 4 | C24: drive | D24: To San Francisco | E24: {=SUM(IF((OBS_District_Flows!$B:$B=$C24)*(OBS_District_Flows!$C:$C="Total")*(IFERROR(FIND("San Francisco",OBS_District_Flows!$E:$E),-1)>=0)*(IFERROR(FIND("San Francisco",OBS_District_Flows!$D:$D),-1)=-1)*(OBS_District_Flows!$G:$G=$B24),OBS_District_Flows!$F:$F,0))} -> 0 | F24: {=SUM(IF((modeldata!$K:$K=$C24)*(modeldata!$L:$L="Total")*(IFERROR(FIND("San Francisco",modeldata!$N:$N),-1)>=0)*(IFERROR(FIND("San Francisco",modeldata!$M:$M),-1)=-1)*(modeldata!$O:$O=$A24),modeldata!$P:$P,0))} -> 0 | G24: =F24-E24 -> 0 | H24: =G24/E24 -> #DIV/0!
D25: From San Francisco | E25: {=SUM(IF((OBS_District_Flows!$B:$B=$C24)*(OBS_District_Flows!$C:$C="Total")*(IFERROR(FIND("San Francisco",OBS_District_Flows!$E:$E),-1)=-1)*(IFERROR(FIND("San Francisco",OBS_District_Flows!$D:$D),-1)>=0)*(OBS_District_Flows!$G:$G=$B24),OBS_District_Flows!$F:$F,0))} -> 0 | F25: {=SUM(IF((modeldata!$K:$K=$C24)*(modeldata!$L:$L="Total")*(IFERROR(FIND("San Francisco",modeldata!$N:$N),-1)=-1)*(IFERROR(FIND("San Francisco",modeldata!$M:$M),-1)>=0)*(modeldata!$O:$O=$A24),modeldata!$P:$P,0))} -> 0 | G25: =F25-E25 -> 0 | H25: =G25/E25 -> #DIV/0!
D26: Within San Francisco | E26: {=SUM(IF((OBS_District_Flows!$B:$B=$C24)*(OBS_District_Flows!$C:$C="Total")*(IFERROR(FIND("San Francisco",OBS_District_Flows!$E:$E),-1)>=0)*(IFERROR(FIND("San Francisco",OBS_District_Flows!$D:$D),-1)>=0)*(OBS_District_Flows!$G:$G=$B24),OBS_District_Flows!$F:$F,0))} -> 0 | F26: {=SUM(IF((modeldata!$K:$K=$C24)*(modeldata!$L:$L="Total")*(IFERROR(FIND("San Francisco",modeldata!$N:$N),-1)>=0)*(IFERROR(FIND("San Francisco",modeldata!$M:$M),-1)>=0)*(modeldata!$O:$O=$A24),modeldata!$P:$P,0))} -> 0 | G26: =F26-E26 -> 0 | H26: =G26/E26 -> #DIV/0!
A27: ind_disc | B27: 5 | C27: walk | D27: To San Francisco | E27: {=SUM(IF((OBS_District_Flows!$B:$B=$C27)*(OBS_District_Flows!$C:$C="Total")*(IFERROR(FIND("San Francisco",OBS_District_Flows!$E:$E),-1)>=0)*(IFERROR(FIND("San Francisco",OBS_District_Flows!$D:$D),-1)=-1)*(OBS_District_Flows!$G:$G=$B27),OBS_District_Flows!$F:$F,0))} -> 0 | F27: {=SUM(IF((modeldata!$K:$K=$C27)*(modeldata!$L:$L="Total")*(IFERROR(FIND("San Francisco",modeldata!$N:$N),-1)>=0)*(IFERROR(FIND("San Francisco",modeldata!$M:$M),-1)=-1)*(modeldata!$O:$O=$A27),modeldata!$P:$P,0))} -> 0 | G27: =F27-E27 -> 0 | H27: =G27/E27 -> #DIV/0!
D28: From San Francisco | E28: {=SUM(IF((OBS_District_Flows!$B:$B=$C27)*(OBS_District_Flows!$C:$C="Total")*(IFERROR(FIND("San Francisco",OBS_District_Flows!$E:$E),-1)=-1)*(IFERROR(FIND("San Francisco",OBS_District_Flows!$D:$D),-1)>=0)*(OBS_District_Flows!$G:$G=$B27),OBS_District_Flows!$F:$F,0))} -> 0 | F28: {=SUM(IF((modeldata!$K:$K=$C27)*(modeldata!$L:$L="Total")*(IFERROR(FIND("San Francisco",modeldata!$N:$N),-1)=-1)*(IFERROR(FIND("San Francisco",modeldata!$M:$M),-1)>=0)*(modeldata!$O:$O=$A27),modeldata!$P:$P,0))} -> 0 | G28: =F28-E28 -> 0 | H28: =G28/E28 -> #DIV/0!
D29: Within San Francisco | E29: {=SUM(IF((OBS_District_Flows!$B:$B=$C27)*(OBS_District_Flows!$C:$C="Total")*(IFERROR(FIND("San Francisco",OBS_District_Flows!$E:$E),-1)>=0)*(IFERROR(FIND("San Francisco",OBS_District_Flows!$D:$D),-1)>=0)*(OBS_District_Flows!$G:$G=$B27),OBS_District_Flows!$F:$F,0))} -> 0 | F29: {=SUM(IF((modeldata!$K:$K=$C27)*(modeldata!$L:$L="Total")*(IFERROR(FIND("San Francisco",modeldata!$N:$N),-1)>=0)*(IFERROR(FIND("San Francisco",modeldata!$M:$M),-1)>=0)*(modeldata!$O:$O=$A27),modeldata!$P:$P,0))} -> 0 | G29: =F29-E29 -> 0 | H29: =G29/E29 -> #DIV/0!
A30: ind_disc | B30: 5 | C30: drive | D30: To San Francisco | E30: {=SUM(IF((OBS_District_Flows!$B:$B=$C30)*(OBS_District_Flows!$C:$C="Total")*(IFERROR(FIND("San Francisco",OBS_District_Flows!$E:$E),-1)>=0)*(IFERROR(FIND("San Francisco",OBS_District_Flows!$D:$D),-1)=-1)*(OBS_District_Flows!$G:$G=$B30),OBS_District_Flows!$F:$F,0))} -> 0 | F30: {=SUM(IF((modeldata!$K:$K=$C30)*(modeldata!$L:$L="Total")*(IFERROR(FIND("San Francisco",modeldata!$N:$N),-1)>=0)*(IFERROR(FIND("San Francisco",modeldata!$M:$M),-1)=-1)*(modeldata!$O:$O=$A30),modeldata!$P:$P,0))} -> 0 | G30: =F30-E30 -> 0 | H30: =G30/E30 -> #DIV/0!
D31: From San Francisco | E31: {=SUM(IF((OBS_District_Flows!$B:$B=$C30)*(OBS_District_Flows!$C:$C="Total")*(IFERROR(FIND("San Francisco",OBS_District_Flows!$E:$E),-1)=-1)*(IFERROR(FIND("San Francisco",OBS_District_Flows!$D:$D),-1)>=0)*(OBS_District_Flows!$G:$G=$B30),OBS_District_Flows!$F:$F,0))} -> 0 | F31: {=SUM(IF((modeldata!$K:$K=$C30)*(modeldata!$L:$L="Total")*(IFERROR(FIND("San Francisco",modeldata!$N:$N),-1)=-1)*(IFERROR(FIND("San Francisco",modeldata!$M:$M),-1)>=0)*(modeldata!$O:$O=$A30),modeldata!$P:$P,0))} -> 0 | G31: =F31-E31 -> 0 | H31: =G31/E31 -> #DIV/0!
D32: Within San Francisco | E32: {=SUM(IF((OBS_District_Flows!$B:$B=$C30)*(OBS_District_Flows!$C:$C="Total")*(IFERROR(FIND("San Francisco",OBS_District_Flows!$E:$E),-1)>=0)*(IFERROR(FIND("San Francisco",OBS_District_Flows!$D:$D),-1)>=0)*(OBS_District_Flows!$G:$G=$B30),OBS_District_Flows!$F:$F,0))} -> 0 | F32: {=SUM(IF((modeldata!$K:$K=$C30)*(modeldata!$L:$L="Total")*(IFERROR(FIND("San Francisco",modeldata!$N:$N),-1)>=0)*(IFERROR(FIND("San Francisco",modeldata!$M:$M),-1)>=0)*(modeldata!$O:$O=$A30),modeldata!$P:$P,0))} -> 0 | G32: =F32-E32 -> 0 | H32: =G32/E32 -> #DIV/0!
A33: atwork | B33: 6 | C33: walk | D33: To San Francisco | E33: {=SUM(IF((OBS_District_Flows!$B:$B=$C33)*(OBS_District_Flows!$C:$C="Total")*(IFERROR(FIND("San Francisco",OBS_District_Flows!$E:$E),-1)>=0)*(IFERROR(FIND("San Francisco",OBS_District_Flows!$D:$D),-1)=-1)*(OBS_District_Flows!$G:$G=$B33),OBS_District_Flows!$F:$F,0))} -> 0 | F33: {=SUM(IF((modeldata!$K:$K=$C33)*(modeldata!$L:$L="Total")*(IFERROR(FIND("San Francisco",modeldata!$N:$N),-1)>=0)*(IFERROR(FIND("San Francisco",modeldata!$M:$M),-1)=-1)*(modeldata!$O:$O=$A33),modeldata!$P:$P,0))} -> 0 | G33: =F33-E33 -> 0 | H33: =G33/E33 -> #DIV/0!
D34: From San Francisco | E34: {=SUM(IF((OBS_District_Flows!$B:$B=$C33)*(OBS_District_Flows!$C:$C="Total")*(IFERROR(FIND("San Francisco",OBS_District_Flows!$E:$E),-1)=-1)*(IFERROR(FIND("San Francisco",OBS_District_Flows!$D:$D),-1)>=0)*(OBS_District_Flows!$G:$G=$B33),OBS_District_Flows!$F:$F,0))} -> 0 | F34: {=SUM(IF((modeldata!$K:$K=$C33)*(modeldata!$L:$L="Total")*(IFERROR(FIND("San Francisco",modeldata!$N:$N),-1)=-1)*(IFERROR(FIND("San Francisco",modeldata!$M:$M),-1)>=0)*(modeldata!$O:$O=$A33),modeldata!$P:$P,0))} -> 0 | G34: =F34-E34 -> 0 | H34: =G34/E34 -> #DIV/0!
D35: Within San Francisco | E35: {=SUM(IF((OBS_District_Flows!$B:$B=$C33)*(OBS_District_Flows!$C:$C="Total")*(IFERROR(FIND("San Francisco",OBS_District_Flows!$E:$E),-1)>=0)*(IFERROR(FIND("San Francisco",OBS_District_Flows!$D:$D),-1)>=0)*(OBS_District_Flows!$G:$G=$B33),OBS_District_Flows!$F:$F,0))} -> 0 | F35: {=SUM(IF((modeldata!$K:$K=$C33)*(modeldata!$L:$L="Total")*(IFERROR(FIND("San Francisco",modeldata!$N:$N),-1)>=0)*(IFERROR(FIND("San Francisco",modeldata!$M:$M),-1)>=0)*(modeldata!$O:$O=$A33),modeldata!$P:$P,0))} -> 0 | G35: =F35-E35 -> 0 | H35: =G35/E35 -> #DIV/0!
